http://pbs.twimg.com/profile_images/554446384481329152/0xZ1oqzy_bigger.jpeg,ganeshbandla,https://twitter.com/ganeshbandla,
http://pbs.twimg.com/profile_images/438551055039610880/rByEZjV7_bigger.jpeg,BollywoodH,https://twitter.com/BollywoodH,
http://pbs.twimg.com/profile_images/517020984516161536/ZUxE0BU-_bigger.png,woodstimes,https://twitter.com/woodstimes,
http://pbs.twimg.com/profile_images/556139937477574657/mtCktbbI_bigger.jpeg,PawanKalyanFan,https://twitter.com/PawanKalyanFan,
http://pbs.twimg.com/profile_images/141909565/1_bigger.JPG,123telugu,https://twitter.com/123telugu,
http://pbs.twimg.com/profile_images/494007169012867073/XWnVWzGy_bigger.jpeg,SSAAfanclub,https://twitter.com/SSAAfanclub,
http://pbs.twimg.com/profile_images/553562472678842368/wH00d5c__bigger.jpeg,SKNonline,https://twitter.com/SKNonline,
http://pbs.twimg.com/profile_images/521207643776356352/tvrTROun_bigger.jpeg,rameshlaus,https://twitter.com/rameshlaus,
http://pbs.twimg.com/profile_images/555947195224969219/wV1lAyei_bigger.jpeg,shanvisrivastav,https://twitter.com/shanvisrivastav,
http://pbs.twimg.com/profile_images/416600582191718400/px1vJt1I_bigger.jpeg,abntelugutv,https://twitter.com/abntelugutv,
http://pbs.twimg.com/profile_images/554948710686150656/7tduKn8S_bigger.jpeg,MegaStars_FC,https://twitter.com/MegaStars_FC,
http://pbs.twimg.com/profile_images/459311533676167168/72OYr6Ow_bigger.jpeg,OneindiaKannada,https://twitter.com/OneindiaKannada,
http://pbs.twimg.com/profile_images/557016489488703488/aTIES76Y_bigger.jpeg,TeluguFilmBuzz,https://twitter.com/TeluguFilmBuzz,
http://pbs.twimg.com/profile_images/501337363482554369/4xMnerN0_bigger.jpeg,filmibeat,https://twitter.com/filmibeat,
http://pbs.twimg.com/profile_images/3050830690/5c495302baf3c5617dd6d96f0a1bb962_bigger.jpeg,publictvnews,https://twitter.com/publictvnews,
http://pbs.twimg.com/profile_images/554609138236272640/9l_6DaYU_bigger.jpeg,TrivikramWORDS,https://twitter.com/TrivikramWORDS,
http://pbs.twimg.com/profile_images/553110027490193408/IcaMuOZK_bigger.jpeg,AlluArjunAdicts,https://twitter.com/AlluArjunAdicts,
http://pbs.twimg.com/profile_images/421250364482924544/hny6ypZ3_bigger.jpeg,bkrsatish,https://twitter.com/bkrsatish,
http://pbs.twimg.com/profile_images/557205592897765376/TyWfHW3E_bigger.jpeg,UrsSamyuktha,https://twitter.com/UrsSamyuktha,
http://pbs.twimg.com/profile_images/1812705905/gemini-tv_bigger.jpg,GeminiTV,https://twitter.com/GeminiTV,
http://pbs.twimg.com/profile_images/491529936650260480/fOy4WOad_bigger.png,MultiMovies,https://twitter.com/MultiMovies,
http://pbs.twimg.com/profile_images/1246035065/oneindiatelugu-twitter_bigger.jpg,thatsTelugu,https://twitter.com/thatsTelugu,
http://pbs.twimg.com/profile_images/553517349530128384/O0ootO9R_bigger.jpeg,sanju_official,https://twitter.com/sanju_official,
http://pbs.twimg.com/profile_images/556434479556734976/77Lzss02_bigger.png,StudioFlicks,https://twitter.com/StudioFlicks,
http://pbs.twimg.com/profile_images/3112143161/a60b3e099b9711fe02b181b2c94c177e_bigger.jpeg,PavanSurvi,https://twitter.com/PavanSurvi,
http://pbs.twimg.com/profile_images/424352475273904128/PnigqbnX_bigger.jpeg,tollywood,https://twitter.com/tollywood,
http://pbs.twimg.com/profile_images/550656767323930624/jAUsQM6O_bigger.jpeg,ItzMe_Naveen,https://twitter.com/ItzMe_Naveen,
http://pbs.twimg.com/profile_images/378800000478345256/ccca9760de43db46ba739508743cf2cb_bigger.png,Ticket_Dada,https://twitter.com/Ticket_Dada,
http://pbs.twimg.com/profile_images/511536256262488064/wBUo2uUO_bigger.jpeg,IndianMovieFrnd,https://twitter.com/IndianMovieFrnd,
http://pbs.twimg.com/profile_images/548740842370760705/zKEsiSdM_bigger.jpeg,TS_BoxOffice,https://twitter.com/TS_BoxOffice,
http://pbs.twimg.com/profile_images/556135734248079360/V284NOrV_bigger.jpeg,MovifiedTamil,https://twitter.com/MovifiedTamil,
http://pbs.twimg.com/profile_images/3530255889/269665390498554e2866bb422008fd91_bigger.jpeg,ZeeTVTelugu,https://twitter.com/ZeeTVTelugu,
http://pbs.twimg.com/profile_images/546971256176640002/OQ_TAWh4_bigger.jpeg,Harish_Charan,https://twitter.com/Harish_Charan,
http://pbs.twimg.com/profile_images/550892970975576064/_D9oZcc8_bigger.jpeg,PrakashMahadev,https://twitter.com/PrakashMahadev,
http://pbs.twimg.com/profile_images/552758734322028544/-pGGSoLi_bigger.jpeg,Rudhramadevi,https://twitter.com/Rudhramadevi,
http://pbs.twimg.com/profile_images/892280632/andhravilasv_logo3333_jpg_file_small_bigger.jpg,Andhravilasnews,https://twitter.com/Andhravilasnews,
http://pbs.twimg.com/profile_images/551719577625698304/BcmZdpf1_bigger.jpeg,urs_ms,https://twitter.com/urs_ms,
http://pbs.twimg.com/profile_images/462831992824803328/yjgOAgi3_bigger.jpeg,Cinenewsworld,https://twitter.com/Cinenewsworld,
http://pbs.twimg.com/profile_images/550610820359417856/K-_N8RKg_bigger.jpeg,ShubhamLovelove,https://twitter.com/ShubhamLovelove,
http://pbs.twimg.com/profile_images/552480902534553600/nCC1nisq_bigger.jpeg,deepaknrn,https://twitter.com/deepaknrn,
http://pbs.twimg.com/profile_images/556458393708163072/-x-eT6Zm_bigger.jpeg,priyathalafan,https://twitter.com/priyathalafan,
http://pbs.twimg.com/profile_images/534374541846253569/SWHo9LxX_bigger.png,KnowYourSong,https://twitter.com/KnowYourSong,
http://pbs.twimg.com/profile_images/554656423464808448/KUMaHpxm_bigger.jpeg,theeppori1,https://twitter.com/theeppori1,
http://pbs.twimg.com/profile_images/555761487470292992/kEpbI6P1_bigger.jpeg,Yash_ArtReAct,https://twitter.com/Yash_ArtReAct,
http://pbs.twimg.com/profile_images/553072495549366272/Wjz6HYZV_bigger.jpeg,RogithVGS,https://twitter.com/RogithVGS,
http://pbs.twimg.com/profile_images/1123407841/TrendsMap-Logo-_Dark___1__bigger.png,TrendsHyderabad,https://twitter.com/TrendsHyderabad,
http://pbs.twimg.com/profile_images/378800000642031300/249d24f0b7f928429b693ceb8b2d8c4f_bigger.jpeg,brahmakadali,https://twitter.com/brahmakadali,
http://pbs.twimg.com/profile_images/506868098964541440/q_7VuOBt_bigger.jpeg,guptanagu8,https://twitter.com/guptanagu8,
http://pbs.twimg.com/profile_images/551817466049855488/dswCdZTe_bigger.jpeg,Urs_Pawan,https://twitter.com/Urs_Pawan,
http://pbs.twimg.com/profile_images/2686265314/4c78bb18d2bad3a83ed4d36328337dbf_bigger.png,iqlikmovies,https://twitter.com/iqlikmovies,
http://pbs.twimg.com/profile_images/547378155569176577/PbaaFoQR_bigger.jpeg,Lawaentertain,https://twitter.com/Lawaentertain,
http://pbs.twimg.com/profile_images/554804254733369346/8AjNqFnA_bigger.jpeg,Trivikram_Fans,https://twitter.com/Trivikram_Fans,
http://pbs.twimg.com/profile_images/551249119994318848/yrQhWqWH_bigger.jpeg,Bunny_Fanatic,https://twitter.com/Bunny_Fanatic,
http://pbs.twimg.com/profile_images/554911862131666944/6vaSL8-7_bigger.jpeg,MpVaishali4,https://twitter.com/MpVaishali4,
http://pbs.twimg.com/profile_images/556751118726729731/PO3qb40N_bigger.jpeg,pratyusha,https://twitter.com/pratyusha,
http://pbs.twimg.com/profile_images/2589647812/Phoenix_Logo_bigger.JPG,pmcchennai,https://twitter.com/pmcchennai,
http://pbs.twimg.com/profile_images/531153649699803137/1d5Uv5W8_bigger.jpeg,ihamsanandini,https://twitter.com/ihamsanandini,
http://pbs.twimg.com/profile_images/502996201080225792/P7aVD8vl_bigger.jpeg,Always_Arjun,https://twitter.com/Always_Arjun,
http://pbs.twimg.com/profile_images/556193174603841537/KPHzGYsb_bigger.jpeg,Iam_Hariish,https://twitter.com/Iam_Hariish,
http://pbs.twimg.com/profile_images/1454925130/RT-2_bigger.gif,manikick,https://twitter.com/manikick,
http://pbs.twimg.com/profile_images/556723343940784128/ZnoOGO3U_bigger.jpeg,Nena_KumarDevgn,https://twitter.com/Nena_KumarDevgn,
http://pbs.twimg.com/profile_images/540200760437268480/D22EgL72_bigger.jpeg,FanOf_Chiru,https://twitter.com/FanOf_Chiru,
http://pbs.twimg.com/profile_images/556513008122228736/6e5OlqMg_bigger.jpeg,KiTtu_PSPK,https://twitter.com/KiTtu_PSPK,
http://pbs.twimg.com/profile_images/477715390357716992/Su8D9mIG_bigger.png,ILuvCinemaIN,https://twitter.com/ILuvCinemaIN,
http://pbs.twimg.com/profile_images/557266120592224256/JOewNE2J_bigger.jpeg,king_sadashiva,https://twitter.com/king_sadashiva,
http://pbs.twimg.com/profile_images/551330366745612289/86I9ctWw_bigger.jpeg,SanAnushka,https://twitter.com/SanAnushka,
http://pbs.twimg.com/profile_images/557173953404235776/DtfYYHsJ_bigger.jpeg,meghanavirat,https://twitter.com/meghanavirat,
http://pbs.twimg.com/profile_images/556136394590928896/jG-0A3Nd_bigger.jpeg,janu_iyer,https://twitter.com/janu_iyer,
http://pbs.twimg.com/profile_images/552373646098841600/f6op95e5_bigger.jpeg,MaheshGinugu,https://twitter.com/MaheshGinugu,
http://pbs.twimg.com/profile_images/557153750599483392/011oZJJq_bigger.jpeg,ShivangChauhans,https://twitter.com/ShivangChauhans,
http://pbs.twimg.com/profile_images/2530509393/7q23j75keu3m5g6gxhxy_bigger.jpeg,kccmagazine,https://twitter.com/kccmagazine,
http://pbs.twimg.com/profile_images/557130505347284993/FIPJZhPv_bigger.jpeg,VarunTejFans,https://twitter.com/VarunTejFans,
http://pbs.twimg.com/profile_images/514793532406509568/MrH23NQ5_bigger.jpeg,Hari4Superstar,https://twitter.com/Hari4Superstar,
http://pbs.twimg.com/profile_images/556064147247353858/RxwkHhMJ_bigger.jpeg,Mee_Varun,https://twitter.com/Mee_Varun,
http://pbs.twimg.com/profile_images/510333377254154240/rtE9ECYr_bigger.png,BharatMovies,https://twitter.com/BharatMovies,
http://pbs.twimg.com/profile_images/555540300374880256/5Comb7YW_bigger.jpeg,likhith_SamFan,https://twitter.com/likhith_SamFan,
http://pbs.twimg.com/profile_images/556861545448108032/OkhS0F7a_bigger.jpeg,CallmeHaRsh,https://twitter.com/CallmeHaRsh,
http://pbs.twimg.com/profile_images/554499760107687937/GSMHYPXO_bigger.jpeg,RC_PicZone,https://twitter.com/RC_PicZone,
http://pbs.twimg.com/profile_images/556063655041564672/q3xDAbek_bigger.jpeg,nandi_harika,https://twitter.com/nandi_harika,
http://pbs.twimg.com/profile_images/492333379677724672/6UnBmH6K_bigger.jpeg,ITeluguCinema,https://twitter.com/ITeluguCinema,
http://pbs.twimg.com/profile_images/557400380493938688/ZZ9SYYVu_bigger.jpeg,Cherry_ravi,https://twitter.com/Cherry_ravi,
http://pbs.twimg.com/profile_images/378800000130739196/f624f1231d54d817f51a535660238d5b_bigger.jpeg,Ro0ZA190,https://twitter.com/Ro0ZA190,
http://pbs.twimg.com/profile_images/557404176909496320/Lem8qb5l_bigger.jpeg,sarathrebel,https://twitter.com/sarathrebel,
http://pbs.twimg.com/profile_images/557167267650097155/-ZtW6qim_bigger.jpeg,nishukickK,https://twitter.com/nishukickK,
http://pbs.twimg.com/profile_images/552048113028833280/C8el22uF_bigger.jpeg,malliktajmahal,https://twitter.com/malliktajmahal,
http://pbs.twimg.com/profile_images/513151025578917888/uoeGTlKR_bigger.jpeg,saitelugumovies,https://twitter.com/saitelugumovies,
http://pbs.twimg.com/profile_images/378800000708178421/26deb77a4a70d96282b3b6e7de9b9f25_bigger.jpeg,askboxoffice,https://twitter.com/askboxoffice,
http://pbs.twimg.com/profile_images/530355966349287426/ChkSdLSS_bigger.jpeg,sriramForU,https://twitter.com/sriramForU,
http://pbs.twimg.com/profile_images/499575978964697089/oAkE1pDq_bigger.jpeg,ilayarajav,https://twitter.com/ilayarajav,
http://pbs.twimg.com/profile_images/540130570752102402/DJgthOmP_bigger.jpeg,AsianCinemas_,https://twitter.com/AsianCinemas_,
http://pbs.twimg.com/profile_images/557407224406888449/2MIHp8kD_bigger.jpeg,Bhagi_SL,https://twitter.com/Bhagi_SL,
http://pbs.twimg.com/profile_images/546523425389289472/uu5qtTA5_bigger.jpeg,raghu_adapa,https://twitter.com/raghu_adapa,
http://pbs.twimg.com/profile_images/554893747872215040/qGmDEEpg_bigger.jpeg,revengerthala,https://twitter.com/revengerthala,
http://pbs.twimg.com/profile_images/557161053990027265/HGV-sBEF_bigger.jpeg,Navya_Tweets,https://twitter.com/Navya_Tweets,
http://pbs.twimg.com/profile_images/556364219507933184/XP94Evbz_bigger.jpeg,raj_betting,https://twitter.com/raj_betting,
http://pbs.twimg.com/profile_images/501999168143900672/gBKc8eKR_bigger.png,SMTollywood,https://twitter.com/SMTollywood,
http://pbs.twimg.com/profile_images/543700838351245314/KERK6ztv_bigger.jpeg,kohliAgain,https://twitter.com/kohliAgain,
http://pbs.twimg.com/profile_images/555744985530658816/Y6Re96Ym_bigger.jpeg,harikiranroyal,https://twitter.com/harikiranroyal,
http://pbs.twimg.com/profile_images/557209072995274752/xzlAq_RB_bigger.jpeg,iluvvirat18,https://twitter.com/iluvvirat18,
http://pbs.twimg.com/profile_images/549925841228931074/O-w2UQ8t_bigger.jpeg,Hanu_MegaPower,https://twitter.com/Hanu_MegaPower,
http://pbs.twimg.com/profile_images/556385569689722880/K4GedIGV_bigger.png,ramakrishna_95,https://twitter.com/ramakrishna_95,
http://pbs.twimg.com/profile_images/557063596157321216/bQFLuDoQ_bigger.jpeg,radheekap,https://twitter.com/radheekap,
http://pbs.twimg.com/profile_images/555746294396760067/0dP_TtV2_bigger.jpeg,OMG_ItsArsh,https://twitter.com/OMG_ItsArsh,
http://pbs.twimg.com/profile_images/2513651098/tg_new_logo_bigger.JPG,TGTicketgreen,https://twitter.com/TGTicketgreen,
http://pbs.twimg.com/profile_images/556800432127750144/9ghelEmS_bigger.jpeg,itsRaviTejacom,https://twitter.com/itsRaviTejacom,
http://pbs.twimg.com/profile_images/515780083110264832/XmiIIXhY_bigger.png,MediaTimez,https://twitter.com/MediaTimez,
http://pbs.twimg.com/profile_images/378800000399353330/0b2c55913ffc9c631d8541bed4d94c3c_bigger.jpeg,JaiDev_Pawanism,https://twitter.com/JaiDev_Pawanism,
http://pbs.twimg.com/profile_images/3748462599/29c5511fe440af87b24e4e9a0976b0a8_bigger.jpeg,SimplySukiP,https://twitter.com/SimplySukiP,
http://pbs.twimg.com/profile_images/556007263077294080/JttDIAk1_bigger.jpeg,alwaysmurli,https://twitter.com/alwaysmurli,
http://pbs.twimg.com/profile_images/556474282960625664/L74AfS_b_bigger.jpeg,vjy_raj,https://twitter.com/vjy_raj,
http://pbs.twimg.com/profile_images/528742275124170752/gIOi5WB__bigger.jpeg,OnlYforYouSam,https://twitter.com/OnlYforYouSam,
http://pbs.twimg.com/profile_images/550311827632951296/KAvsX8oE_bigger.jpeg,BhavaniShreeRaj,https://twitter.com/BhavaniShreeRaj,
http://pbs.twimg.com/profile_images/546212751652040704/vPCERHLW_bigger.png,ram_aduri,https://twitter.com/ram_aduri,
http://pbs.twimg.com/profile_images/550635528542887936/muDoFCmt_bigger.jpeg,MovifiedTelugu,https://twitter.com/MovifiedTelugu,
http://pbs.twimg.com/profile_images/538676858301063168/fCUfiAe2_bigger.jpeg,ShekarNews,https://twitter.com/ShekarNews,
http://pbs.twimg.com/profile_images/550877873184051202/-J5iUsVS_bigger.jpeg,KugathasVimalan,https://twitter.com/KugathasVimalan,
http://pbs.twimg.com/profile_images/378800000474897750/ac2777339727bb994fe938de812325b9_bigger.jpeg,patilbalaram28,https://twitter.com/patilbalaram28,
http://pbs.twimg.com/profile_images/555535105175744512/tNeagusX_bigger.jpeg,venu_charan,https://twitter.com/venu_charan,
http://pbs.twimg.com/profile_images/552356832035885056/aNTXYYY9_bigger.jpeg,amarnathss,https://twitter.com/amarnathss,
http://pbs.twimg.com/profile_images/508693182876360704/bmkcNlFt_bigger.jpeg,MyNameIsKarann,https://twitter.com/MyNameIsKarann,
http://pbs.twimg.com/profile_images/536430458662182912/gDTODsPV_bigger.jpeg,abhi_sakhumalla,https://twitter.com/abhi_sakhumalla,
http://pbs.twimg.com/profile_images/551415978920116225/2L_tGEoZ_bigger.jpeg,pawanismfans,https://twitter.com/pawanismfans,
http://pbs.twimg.com/profile_images/549231709942607874/2OZZnYUF_bigger.jpeg,MichaelAnish,https://twitter.com/MichaelAnish,
http://pbs.twimg.com/profile_images/527109724647333889/u3K3K6g4_bigger.jpeg,NarensTweetz,https://twitter.com/NarensTweetz,
http://pbs.twimg.com/profile_images/3219925225/3b424bf2678e132bc7e4dfd2a2fc131d_bigger.png,SakshiPost,https://twitter.com/SakshiPost,
http://pbs.twimg.com/profile_images/378800000368654088/247200c56b34c1fcc00e63cf94dc3ce5_bigger.jpeg,MoviesDialogues,https://twitter.com/MoviesDialogues,
http://pbs.twimg.com/profile_images/556831924040118272/CnwXf1Nf_bigger.jpeg,amtrulySandeep,https://twitter.com/amtrulySandeep,
http://pbs.twimg.com/profile_images/522581319444729856/7CHjmyls_bigger.jpeg,ghosttweeter3,https://twitter.com/ghosttweeter3,
http://pbs.twimg.com/profile_images/490341810548383744/cuLgep9m_bigger.jpeg,justickets,https://twitter.com/justickets,
http://pbs.twimg.com/profile_images/541434845097119744/nVUgXX9T_bigger.jpeg,heads_tails_,https://twitter.com/heads_tails_,
http://pbs.twimg.com/profile_images/456467742678200321/Aii03Ela_bigger.png,AndhraPortal,https://twitter.com/AndhraPortal,
http://pbs.twimg.com/profile_images/378800000497122544/746dc547a1258a46f515ed17288bb466_bigger.png,ticket65dotcom,https://twitter.com/ticket65dotcom,
http://pbs.twimg.com/profile_images/557417787816046592/LEFQXrxI_bigger.jpeg,ItsVenkatT,https://twitter.com/ItsVenkatT,
http://pbs.twimg.com/profile_images/556648475283034113/Zhd6Y2k0_bigger.jpeg,PakkaPKfan,https://twitter.com/PakkaPKfan,
http://pbs.twimg.com/profile_images/555281651412922369/IysemrPw_bigger.jpeg,prashantbme,https://twitter.com/prashantbme,
http://pbs.twimg.com/profile_images/551573505473773569/rPJzrItu_bigger.jpeg,conspiratorr,https://twitter.com/conspiratorr,
http://pbs.twimg.com/profile_images/522689814995283968/cvyO1plM_bigger.png,teluguwishesh,https://twitter.com/teluguwishesh,
http://pbs.twimg.com/profile_images/553158183787565056/jQulFrzO_bigger.jpeg,manojnarahari,https://twitter.com/manojnarahari,
http://pbs.twimg.com/profile_images/556405926739976192/eXKhU9QA_bigger.jpeg,Addicted2Charan,https://twitter.com/Addicted2Charan,
http://pbs.twimg.com/profile_images/534990654657425408/BRhb-nIx_bigger.jpeg,AlwaysBunnyFan,https://twitter.com/AlwaysBunnyFan,
http://pbs.twimg.com/profile_images/554937895111258112/9bDEczvl_bigger.jpeg,_PavanPrabhas,https://twitter.com/_PavanPrabhas,
http://pbs.twimg.com/profile_images/556713960557137920/QxeDYCEF_bigger.jpeg,Itsme_Thej,https://twitter.com/Itsme_Thej,
http://pbs.twimg.com/profile_images/543414234407661568/f_4NMTU6_bigger.jpeg,me_chaitu,https://twitter.com/me_chaitu,
http://pbs.twimg.com/profile_images/552317439032041472/JEggdLx4_bigger.jpeg,MrVamsheeReddy,https://twitter.com/MrVamsheeReddy,
http://pbs.twimg.com/profile_images/540616408199999488/IfhHluPn_bigger.jpeg,martin_vijay007,https://twitter.com/martin_vijay007,
http://pbs.twimg.com/profile_images/552914860011319296/cIOG8Tiz_bigger.jpeg,BsraBzkrt1,https://twitter.com/BsraBzkrt1,
http://pbs.twimg.com/profile_images/509157360976146432/DG2Cpzq5_bigger.jpeg,srikanth2828,https://twitter.com/srikanth2828,
http://pbs.twimg.com/profile_images/543007511410782208/Atyi3VM5_bigger.jpeg,bloggervikas,https://twitter.com/bloggervikas,
http://pbs.twimg.com/profile_images/378800000408672584/dfb798e4d3d2d981408d4eb289f1e7fb_bigger.jpeg,businessoftolly,https://twitter.com/businessoftolly,
http://pbs.twimg.com/profile_images/556841516069433348/ZlfbPbSA_bigger.jpeg,TonyPraveen,https://twitter.com/TonyPraveen,
http://pbs.twimg.com/profile_images/557283080655089664/jSHnuQfQ_bigger.jpeg,YursNani,https://twitter.com/YursNani,
http://pbs.twimg.com/profile_images/556520980693020672/xMwfWfmA_bigger.jpeg,Iamdvr_,https://twitter.com/Iamdvr_,
http://pbs.twimg.com/profile_images/419112349316829184/uriq-yvk_bigger.jpeg,avinash67899,https://twitter.com/avinash67899,
http://abs.twimg.com/sticky/default_profile_images/default_profile_6_bigger.png,MULAKALAGUMADAM,https://twitter.com/MULAKALAGUMADAM,
http://pbs.twimg.com/profile_images/549096929439657984/X0M9YjgH_bigger.jpeg,arjun_sac,https://twitter.com/arjun_sac,
http://pbs.twimg.com/profile_images/557404592753745922/zVdFJW33_bigger.jpeg,diszazhar,https://twitter.com/diszazhar,
http://pbs.twimg.com/profile_images/557195730826174465/JpOKLPio_bigger.jpeg,charan_thez,https://twitter.com/charan_thez,
http://pbs.twimg.com/profile_images/555640977554038784/iTMxNgDx_bigger.jpeg,rehmantweetz,https://twitter.com/rehmantweetz,
http://pbs.twimg.com/profile_images/434354905889792000/4u3Qvrvw_bigger.jpeg,SESHU_44,https://twitter.com/SESHU_44,
http://pbs.twimg.com/profile_images/556825189992763392/VgCBOD3b_bigger.jpeg,aSouthIndian,https://twitter.com/aSouthIndian,
http://pbs.twimg.com/profile_images/548186820186357761/n1SIkUrg_bigger.jpeg,Avinashrepaka,https://twitter.com/Avinashrepaka,
http://pbs.twimg.com/profile_images/556382829198598144/WFHkfauG_bigger.jpeg,AmRinku,https://twitter.com/AmRinku,
http://pbs.twimg.com/profile_images/555713009713045506/pj6YcxRK_bigger.jpeg,sriharsha_,https://twitter.com/sriharsha_,
http://pbs.twimg.com/profile_images/507845847434792960/5wFdKcT__bigger.jpeg,suneal,https://twitter.com/suneal,
http://pbs.twimg.com/profile_images/450547384552931329/wNopinZu_bigger.jpeg,Suriya_FansClub,https://twitter.com/Suriya_FansClub,
http://pbs.twimg.com/profile_images/542870389144039425/A8QxHlsO_bigger.jpeg,ajayhari444,https://twitter.com/ajayhari444,
http://pbs.twimg.com/profile_images/543455898023124992/hk_GQDN3_bigger.jpeg,anji_chiru,https://twitter.com/anji_chiru,
http://pbs.twimg.com/profile_images/515834247479717890/emF_ASJi_bigger.jpeg,purijaganfann,https://twitter.com/purijaganfann,
http://pbs.twimg.com/profile_images/482340007470833664/zXHil_Ei_bigger.jpeg,JonamIradohd,https://twitter.com/JonamIradohd,
http://pbs.twimg.com/profile_images/551607716272025601/T0sJQYiR_bigger.jpeg,SagarPawanism1,https://twitter.com/SagarPawanism1,
http://pbs.twimg.com/profile_images/551806853697384448/aUnAOKr6_bigger.jpeg,sharabukotesh,https://twitter.com/sharabukotesh,
http://pbs.twimg.com/profile_images/555970413272915969/H31WVS68_bigger.jpeg,shashi_pa1fan,https://twitter.com/shashi_pa1fan,
http://pbs.twimg.com/profile_images/557084105536327680/PGGHzZvr_bigger.jpeg,Rajareddy_Pk,https://twitter.com/Rajareddy_Pk,
http://pbs.twimg.com/profile_images/554935199834710016/t5Szfr3z_bigger.jpeg,SubbarajuSiva,https://twitter.com/SubbarajuSiva,
http://pbs.twimg.com/profile_images/378800000851388999/98082013923c7e772c5d93faa21bd318_bigger.jpeg,amalkr707,https://twitter.com/amalkr707,
http://pbs.twimg.com/profile_images/554517413878710273/1_LcN6Ym_bigger.jpeg,MegastarFC,https://twitter.com/MegastarFC,
http://pbs.twimg.com/profile_images/557026830280957954/dDgIR64Z_bigger.jpeg,dhoni_maniac,https://twitter.com/dhoni_maniac,
http://pbs.twimg.com/profile_images/555675526363238400/zjW4be8k_bigger.jpeg,Misha24j,https://twitter.com/Misha24j,
http://pbs.twimg.com/profile_images/505979579027046401/3qUghRUx_bigger.jpeg,AlwaysRcFan,https://twitter.com/AlwaysRcFan,
http://pbs.twimg.com/profile_images/557115989473497090/ekRaz9_D_bigger.jpeg,srikanth3vk,https://twitter.com/srikanth3vk,
http://pbs.twimg.com/profile_images/518454127274110976/FhIWVzV7_bigger.jpeg,sunil3584,https://twitter.com/sunil3584,
http://pbs.twimg.com/profile_images/522656284139458560/Ir7wdn3M_bigger.png,MaruthiTalkies,https://twitter.com/MaruthiTalkies,
http://pbs.twimg.com/profile_images/555305264455237633/uHnTqCcX_bigger.jpeg,sandeepreddy789,https://twitter.com/sandeepreddy789,
http://pbs.twimg.com/profile_images/555077851779588097/jXqIDX0K_bigger.jpeg,rocking_n,https://twitter.com/rocking_n,
http://pbs.twimg.com/profile_images/552341491960389632/cUBf5sll_bigger.jpeg,mahendraroyal6,https://twitter.com/mahendraroyal6,
http://pbs.twimg.com/profile_images/552345238274973696/ZcQfXvBO_bigger.jpeg,EthanHuntFan,https://twitter.com/EthanHuntFan,
http://pbs.twimg.com/profile_images/557333180902944768/Q40bpXmt_bigger.jpeg,sudheer_megafan,https://twitter.com/sudheer_megafan,
http://pbs.twimg.com/profile_images/557045014744690688/0ZU5s9VR_bigger.jpeg,ashok_vaithi,https://twitter.com/ashok_vaithi,
http://pbs.twimg.com/profile_images/540588919729831936/xWDn_f-U_bigger.jpeg,pradeepASSRR,https://twitter.com/pradeepASSRR,
http://pbs.twimg.com/profile_images/555730234150903809/iAvTU7n9_bigger.jpeg,Varun_Santosh,https://twitter.com/Varun_Santosh,
http://pbs.twimg.com/profile_images/538356002433687552/OpxZJg_W_bigger.jpeg,megafamily009,https://twitter.com/megafamily009,
http://pbs.twimg.com/profile_images/557159686701457410/0YRr8umC_bigger.jpeg,ImSunilCherry,https://twitter.com/ImSunilCherry,
http://pbs.twimg.com/profile_images/546631609479200768/WNVUe2fh_bigger.jpeg,abhishekreddyR,https://twitter.com/abhishekreddyR,
http://pbs.twimg.com/profile_images/552884515316592640/8jZ_aFMh_bigger.jpeg,pawanisum,https://twitter.com/pawanisum,
http://pbs.twimg.com/profile_images/535555421784653825/JSrAb3Ez_bigger.png,FilmyTelugu,https://twitter.com/FilmyTelugu,
http://pbs.twimg.com/profile_images/555240420507000832/NemoXQWW_bigger.jpeg,Kalyan_kks,https://twitter.com/Kalyan_kks,
http://pbs.twimg.com/profile_images/551096848258056194/bTez4Bqy_bigger.jpeg,143_mansoor,https://twitter.com/143_mansoor,
http://pbs.twimg.com/profile_images/538345326612971520/UQNPQDFI_bigger.jpeg,harishcherry727,https://twitter.com/harishcherry727,
http://pbs.twimg.com/profile_images/521528346471976963/cjSvXlWW_bigger.jpeg,Manoranjan328,https://twitter.com/Manoranjan328,
http://pbs.twimg.com/profile_images/2466990836/cjxfrwp3n2tfw0pshlj3_bigger.jpeg,AlluarjunsTk,https://twitter.com/AlluarjunsTk,
http://pbs.twimg.com/profile_images/507892985044815872/1NO4ARqe_bigger.jpeg,allluarjun,https://twitter.com/allluarjun,
http://pbs.twimg.com/profile_images/494796651442081792/bIzfAxm-_bigger.jpeg,DesireTrees,https://twitter.com/DesireTrees,
http://pbs.twimg.com/profile_images/555436207333572608/KAY078Rz_bigger.jpeg,SravanQwel,https://twitter.com/SravanQwel,
http://pbs.twimg.com/profile_images/555279704089829376/x14zQmg0_bigger.jpeg,nayuduganisetti,https://twitter.com/nayuduganisetti,
http://pbs.twimg.com/profile_images/551800865409875968/LOBx_5Zo_bigger.jpeg,ALwaysVIKRANTH,https://twitter.com/ALwaysVIKRANTH,
http://pbs.twimg.com/profile_images/552884244477784067/A20rpm-3_bigger.jpeg,Siddhartha619,https://twitter.com/Siddhartha619,
http://pbs.twimg.com/profile_images/556468557366587393/O58QOTgb_bigger.jpeg,iAnupamaKohli,https://twitter.com/iAnupamaKohli,
http://pbs.twimg.com/profile_images/553649515417190401/sLWOyjLX_bigger.jpeg,chowind,https://twitter.com/chowind,
http://pbs.twimg.com/profile_images/378800000812126712/cdeb681b4a6a3fd826eb79114b7f838a_bigger.jpeg,sivajagankumar,https://twitter.com/sivajagankumar,
http://pbs.twimg.com/profile_images/554608028696064000/os9Cg5cG_bigger.jpeg,chkasi4,https://twitter.com/chkasi4,
http://pbs.twimg.com/profile_images/556671175951011841/tFZW62CL_bigger.jpeg,bobbyp26,https://twitter.com/bobbyp26,
http://pbs.twimg.com/profile_images/542947541755518977/fDTFUVjM_bigger.jpeg,Urssantosh99,https://twitter.com/Urssantosh99,
http://pbs.twimg.com/profile_images/543672760887570433/-AjhjiIp_bigger.jpeg,Charanizm,https://twitter.com/Charanizm,
http://pbs.twimg.com/profile_images/551813119194841088/OptrxU1j_bigger.jpeg,imsambi,https://twitter.com/imsambi,
http://pbs.twimg.com/profile_images/378800000706795105/dbae3a16669d178445611d23a0fa63f5_bigger.png,thiszsuri,https://twitter.com/thiszsuri,
http://pbs.twimg.com/profile_images/553194866373443585/OYNnQzC__bigger.jpeg,Praveen_Ileana,https://twitter.com/Praveen_Ileana,
http://pbs.twimg.com/profile_images/527309144597233664/uVBJ8ynz_bigger.jpeg,AlluArjun_AA,https://twitter.com/AlluArjun_AA,
http://pbs.twimg.com/profile_images/556013191373656065/B39o4qpe_bigger.jpeg,abhitrendsetter,https://twitter.com/abhitrendsetter,
http://pbs.twimg.com/profile_images/507092714886668288/0UaEZBsM_bigger.jpeg,FilmibeatKa,https://twitter.com/FilmibeatKa,
http://pbs.twimg.com/profile_images/543621778161934336/u9LDTzEv_bigger.jpeg,SBurglar,https://twitter.com/SBurglar,
http://pbs.twimg.com/profile_images/550895996150890496/VK1K2VIN_bigger.jpeg,nowtelugu,https://twitter.com/nowtelugu,
http://pbs.twimg.com/profile_images/535868932763054081/InDMs2tU_bigger.jpeg,Beerdaas,https://twitter.com/Beerdaas,
http://pbs.twimg.com/profile_images/1218892930/new_bigger.jpg,RaghavaJulaay,https://twitter.com/RaghavaJulaay,
http://pbs.twimg.com/profile_images/556209251429781504/FcZSN9s1_bigger.jpeg,AnjaanMasss,https://twitter.com/AnjaanMasss,
http://pbs.twimg.com/profile_images/554872832451047424/dMI-Lac2_bigger.jpeg,naveenbaline36,https://twitter.com/naveenbaline36,
http://pbs.twimg.com/profile_images/556143499146297344/_sgUKEAW_bigger.jpeg,7191_gm,https://twitter.com/7191_gm,
http://pbs.twimg.com/profile_images/556665850057342977/n9JYrHN6_bigger.jpeg,Sai_pallav,https://twitter.com/Sai_pallav,
http://pbs.twimg.com/profile_images/507073301261197312/cKIMquK5_bigger.jpeg,Kareem_CPT,https://twitter.com/Kareem_CPT,
http://pbs.twimg.com/profile_images/539026594119954432/vjE2i8gv_bigger.jpeg,_tarak9999,https://twitter.com/_tarak9999,
http://pbs.twimg.com/profile_images/427004277538570240/yGIigDYQ_bigger.jpeg,mahesh759,https://twitter.com/mahesh759,
http://pbs.twimg.com/profile_images/555738193958408193/eSaMOTbQ_bigger.jpeg,chai_ravipati,https://twitter.com/chai_ravipati,
http://pbs.twimg.com/profile_images/534244950104215552/Y0xW0GTS_bigger.jpeg,filmlovertweet,https://twitter.com/filmlovertweet,
http://pbs.twimg.com/profile_images/554558353708285952/J6U7GAA-_bigger.jpeg,Real_SunilKumar,https://twitter.com/Real_SunilKumar,
http://abs.twimg.com/sticky/default_profile_images/default_profile_0_bigger.png,CompleteCinema,https://twitter.com/CompleteCinema,
http://pbs.twimg.com/profile_images/556892762050527232/_BPgsZ1s_bigger.jpeg,vamsikbolla,https://twitter.com/vamsikbolla,
http://pbs.twimg.com/profile_images/523519471080570881/BOixZQ_h_bigger.jpeg,BeHappyQuotes2u,https://twitter.com/BeHappyQuotes2u,
http://pbs.twimg.com/profile_images/2682713466/2cbab228594aa001ebf2dee4bb51c756_bigger.jpeg,telugusongsdown,https://twitter.com/telugusongsdown,
http://pbs.twimg.com/profile_images/554532004977319937/O6C-FaQ8_bigger.jpeg,chinnusrm,https://twitter.com/chinnusrm,
http://pbs.twimg.com/profile_images/551033397875732480/OzAFPgPB_bigger.jpeg,iamsairevanth,https://twitter.com/iamsairevanth,
http://pbs.twimg.com/profile_images/553813085069119488/Nk8ZIZDU_bigger.jpeg,karnatiramu,https://twitter.com/karnatiramu,
http://pbs.twimg.com/profile_images/494351877153116163/yl7p56YV_bigger.jpeg,M4MalliGadu,https://twitter.com/M4MalliGadu,
http://pbs.twimg.com/profile_images/551966218345664514/j8_yCN_M_bigger.jpeg,kingsurya12,https://twitter.com/kingsurya12,
http://pbs.twimg.com/profile_images/532961921364811776/gE50fj3V_bigger.jpeg,Sugnan6,https://twitter.com/Sugnan6,
http://pbs.twimg.com/profile_images/538983568899194880/ZWqzMrsa_bigger.jpeg,neninthe56,https://twitter.com/neninthe56,
http://pbs.twimg.com/profile_images/556687176281239552/jCwsxOxB_bigger.jpeg,lucyinnature,https://twitter.com/lucyinnature,
http://pbs.twimg.com/profile_images/521913885083725825/FsZ-0nKd_bigger.jpeg,yamanchanti,https://twitter.com/yamanchanti,
http://pbs.twimg.com/profile_images/556734155262685186/EQZbIom3_bigger.jpeg,Suvigneyasai,https://twitter.com/Suvigneyasai,
http://pbs.twimg.com/profile_images/513047858937724928/XrcLDLMI_bigger.jpeg,TEAM_JANASENA,https://twitter.com/TEAM_JANASENA,
http://pbs.twimg.com/profile_images/549091647758163969/Nfxs1pLN_bigger.jpeg,pavanisam,https://twitter.com/pavanisam,
http://pbs.twimg.com/profile_images/541106947206832129/VPPsCD1C_bigger.jpeg,deepa_abirami,https://twitter.com/deepa_abirami,
http://pbs.twimg.com/profile_images/552071767888371712/pSS__aNU_bigger.jpeg,ppravins,https://twitter.com/ppravins,
http://pbs.twimg.com/profile_images/507092065440653312/cDzLLJ-W_bigger.jpeg,FilmibeatTe,https://twitter.com/FilmibeatTe,
http://pbs.twimg.com/profile_images/537137658577702913/0WCWk6kF_bigger.jpeg,TheBharatNews,https://twitter.com/TheBharatNews,
http://pbs.twimg.com/profile_images/550984070230851584/ikn-p33__bigger.jpeg,lohithrocks1,https://twitter.com/lohithrocks1,
http://pbs.twimg.com/profile_images/448752728236253184/3YPgWwus_bigger.jpeg,daamooo,https://twitter.com/daamooo,
http://pbs.twimg.com/profile_images/555183978211057664/F1d8D_12_bigger.jpeg,charan_fans,https://twitter.com/charan_fans,
http://pbs.twimg.com/profile_images/556703935659270144/0mc4VZOI_bigger.jpeg,Surya23Surya94,https://twitter.com/Surya23Surya94,
http://pbs.twimg.com/profile_images/915225726/OgAAAN3_Z5ta6mlV8wqQHe2vUS-zRawYWO1vCFoC_o5vuk9ZYsAdzxK3AdOIJ_cU90yPCxZVhOpflcxOhbOcf53dpNYAm1T1UEjgUVJiv28BAaklWhgVorMA46by_bigger.jpg,drravindrareddy,https://twitter.com/drravindrareddy,
http://pbs.twimg.com/profile_images/553821868814135296/SGkMz3xx_bigger.jpeg,satyaaravind270,https://twitter.com/satyaaravind270,
http://pbs.twimg.com/profile_images/555757784755474433/KES1AZaf_bigger.jpeg,krishnarjun96,https://twitter.com/krishnarjun96,
http://pbs.twimg.com/profile_images/520502506476953602/EEkSSZti_bigger.jpeg,sakinalakarthik,https://twitter.com/sakinalakarthik,
http://pbs.twimg.com/profile_images/515027603632037888/tSyMZm5O_bigger.jpeg,ManojMalladi,https://twitter.com/ManojMalladi,
http://pbs.twimg.com/profile_images/555178160950480896/q2VeTKR4_bigger.jpeg,AMMUUBUNNY,https://twitter.com/AMMUUBUNNY,
http://pbs.twimg.com/profile_images/539461081601556480/Zq94XoYD_bigger.jpeg,ItsSnazzyStar,https://twitter.com/ItsSnazzyStar,
http://pbs.twimg.com/profile_images/500337552398635008/w0tuF0H5_bigger.jpeg,santosh_bsk,https://twitter.com/santosh_bsk,
http://pbs.twimg.com/profile_images/556627995046076417/4BiH85cx_bigger.jpeg,Urstheja,https://twitter.com/Urstheja,
http://pbs.twimg.com/profile_images/556852491019493377/IvjFfOF8_bigger.jpeg,tharungstars,https://twitter.com/tharungstars,
http://pbs.twimg.com/profile_images/440038249889689600/A2bD6l1S_bigger.jpeg,saibhaskar75,https://twitter.com/saibhaskar75,
http://pbs.twimg.com/profile_images/1175254540/33580_488983680294_655455294_7468657_8387690_n_bigger.jpg,aanilk,https://twitter.com/aanilk,
http://pbs.twimg.com/profile_images/547727382002429952/lJUAomBp_bigger.jpeg,urstrulyBunty,https://twitter.com/urstrulyBunty,
http://pbs.twimg.com/profile_images/522720022368497664/B_vUP_Lt_bigger.png,cinewishesh,https://twitter.com/cinewishesh,
http://pbs.twimg.com/profile_images/519333197255933952/nxtDFfp8_bigger.jpeg,hemanthkumarbhk,https://twitter.com/hemanthkumarbhk,
http://pbs.twimg.com/profile_images/486869383617052672/FRFTlAd7_bigger.jpeg,bashohasan,https://twitter.com/bashohasan,
http://pbs.twimg.com/profile_images/550585300808781824/HTXXR_Or_bigger.jpeg,Mokhalingam_PKF,https://twitter.com/Mokhalingam_PKF,
http://pbs.twimg.com/profile_images/513984480432775169/S3GhQ7HK_bigger.jpeg,Santhoshnsandee,https://twitter.com/Santhoshnsandee,
http://pbs.twimg.com/profile_images/536385474609180673/wkSROylq_bigger.jpeg,anudeesh,https://twitter.com/anudeesh,
http://pbs.twimg.com/profile_images/541512423199346688/W5TPRKKn_bigger.jpeg,Mvijay_Vj,https://twitter.com/Mvijay_Vj,
http://pbs.twimg.com/profile_images/476754774214209537/A2XcgBgZ_bigger.jpeg,ravpan,https://twitter.com/ravpan,
http://pbs.twimg.com/profile_images/509628241875709952/Rj1Dd_5J_bigger.jpeg,chaithanya0001,https://twitter.com/chaithanya0001,
http://pbs.twimg.com/profile_images/514423414665134081/iBr73zrn_bigger.jpeg,gudapativinay,https://twitter.com/gudapativinay,
http://pbs.twimg.com/profile_images/499959352854208514/7eGzCqOg_bigger.jpeg,ChiruandDravid,https://twitter.com/ChiruandDravid,
http://pbs.twimg.com/profile_images/554662964381241344/CgR1lqAq_bigger.jpeg,0486Ravi,https://twitter.com/0486Ravi,
http://pbs.twimg.com/profile_images/525554237606879232/iwuqgyLB_bigger.jpeg,avi_incredible,https://twitter.com/avi_incredible,
http://pbs.twimg.com/profile_images/525199602765414400/qMj8ZBeN_bigger.jpeg,kIrun_cHaran,https://twitter.com/kIrun_cHaran,
http://pbs.twimg.com/profile_images/543296387031396352/iXiQjFcs_bigger.jpeg,Bijay1223,https://twitter.com/Bijay1223,
http://pbs.twimg.com/profile_images/1354090878/DSC00194_bigger.JPG,chakram21,https://twitter.com/chakram21,
http://pbs.twimg.com/profile_images/446508131502133248/zzd8o1VY_bigger.jpeg,chharish101,https://twitter.com/chharish101,
http://pbs.twimg.com/profile_images/553113067114860544/wh4ACFPk_bigger.jpeg,RajuReformer,https://twitter.com/RajuReformer,
http://pbs.twimg.com/profile_images/555935947796140032/fcb83gbI_bigger.jpeg,_vsri,https://twitter.com/_vsri,
http://pbs.twimg.com/profile_images/550710788092989440/oCP8hieT_bigger.jpeg,sambaNBK,https://twitter.com/sambaNBK,
http://pbs.twimg.com/profile_images/550974896210079745/85XU58NB_bigger.jpeg,bharathpspk,https://twitter.com/bharathpspk,
http://pbs.twimg.com/profile_images/532209689958682625/fxqAxKkG_bigger.jpeg,sai7404,https://twitter.com/sai7404,
http://pbs.twimg.com/profile_images/544812533555556352/aP4h_Dda_bigger.jpeg,i_suneel3,https://twitter.com/i_suneel3,
http://pbs.twimg.com/profile_images/554145399229800449/qGkYaBV6_bigger.jpeg,PadamPrakash2,https://twitter.com/PadamPrakash2,
http://pbs.twimg.com/profile_images/551646036611956736/9D-JxwF4_bigger.jpeg,Bobby_Don1,https://twitter.com/Bobby_Don1,
http://pbs.twimg.com/profile_images/557069200963809280/pWOtxBVs_bigger.jpeg,malthafkhan16,https://twitter.com/malthafkhan16,
http://pbs.twimg.com/profile_images/429631448492961792/bTzHib0f_bigger.jpeg,MAHENDRA792,https://twitter.com/MAHENDRA792,
http://pbs.twimg.com/profile_images/555717949965611010/zEXmN0K5_bigger.jpeg,_Aarjun,https://twitter.com/_Aarjun,
http://pbs.twimg.com/profile_images/442182923765022721/-pP6kau9_bigger.jpeg,Srikanth_Editor,https://twitter.com/Srikanth_Editor,
http://pbs.twimg.com/profile_images/508162404161556481/5czDCjrL_bigger.jpeg,zeetastar,https://twitter.com/zeetastar,
http://pbs.twimg.com/profile_images/496334141307101184/bpcqmWSh_bigger.jpeg,Santupowerstar,https://twitter.com/Santupowerstar,
http://pbs.twimg.com/profile_images/529310130806861824/fHmfrxs3_bigger.jpeg,jaiprekash1,https://twitter.com/jaiprekash1,
http://pbs.twimg.com/profile_images/553878078154240000/eANgo4YG_bigger.jpeg,sunkara_krishna,https://twitter.com/sunkara_krishna,
http://pbs.twimg.com/profile_images/926012776/Ashok_s_N-5132.0085_bigger.jpg,reddymnr,https://twitter.com/reddymnr,
http://pbs.twimg.com/profile_images/555260890421800961/B3_72F_D_bigger.jpeg,Sankeerthsonu,https://twitter.com/Sankeerthsonu,
http://pbs.twimg.com/profile_images/507884386801299456/Gwr2-XeE_bigger.jpeg,rajesh_reddy_,https://twitter.com/rajesh_reddy_,
http://pbs.twimg.com/profile_images/378800000481490126/9bd8d58744184fee0b8215112eb49709_bigger.jpeg,ursyagnateja,https://twitter.com/ursyagnateja,
http://pbs.twimg.com/profile_images/556001573940121601/mC1gq51u_bigger.jpeg,HasithKrishna,https://twitter.com/HasithKrishna,
http://pbs.twimg.com/profile_images/551629685457580032/g9lrcfAr_bigger.jpeg,KURMALASURESH,https://twitter.com/KURMALASURESH,
http://pbs.twimg.com/profile_images/555505187045928960/3Wjskz0T_bigger.jpeg,indusuvvari,https://twitter.com/indusuvvari,
http://pbs.twimg.com/profile_images/551657871134298112/nVUXV-yb_bigger.jpeg,sajithasuresh,https://twitter.com/sajithasuresh,
http://pbs.twimg.com/profile_images/515462676311330816/QiTev15H_bigger.jpeg,venkatpinisett,https://twitter.com/venkatpinisett,
http://pbs.twimg.com/profile_images/446913154036289536/1nl4-7qC_bigger.jpeg,Asthala_Krrish,https://twitter.com/Asthala_Krrish,
http://pbs.twimg.com/profile_images/551280098448400386/e5xiCkLR_bigger.jpeg,subhashpreetham,https://twitter.com/subhashpreetham,
http://pbs.twimg.com/profile_images/550865892616069122/JHtCoEOk_bigger.jpeg,narasimhapkfan1,https://twitter.com/narasimhapkfan1,
http://pbs.twimg.com/profile_images/552712261450465280/SkRpLUDa_bigger.jpeg,sanjumena3,https://twitter.com/sanjumena3,
