http://pbs.twimg.com/profile_images/506524342507683840/blsRg_Ty_bigger.jpeg, SKNonline,https://twitter.com/SKNonline
http://pbs.twimg.com/profile_images/2451431665/w37o1koin379y9a1uu3t_bigger.jpeg, sureshreddy1467,https://twitter.com/sureshreddy1467
http://pbs.twimg.com/profile_images/511967132616097792/wUtFyZ0T_bigger.jpeg, ImRaina,https://twitter.com/ImRaina
http://pbs.twimg.com/profile_images/1305115732/DSC_0478_bigger.JPG, WithLuvKarthiK,https://twitter.com/WithLuvKarthiK
http://pbs.twimg.com/profile_images/461916116785180672/oM7Wd0CT_bigger.jpeg, Tinku_bunny,https://twitter.com/Tinku_bunny
http://pbs.twimg.com/profile_images/1553217150/12_bigger.jpg, movie_updatez,https://twitter.com/movie_updatez
http://pbs.twimg.com/profile_images/479706191514198016/TTz_m5A2_bigger.jpeg, allusirish,https://twitter.com/allusirish
http://pbs.twimg.com/profile_images/509218814882357248/h-PeA289_bigger.jpeg, priyamani6,https://twitter.com/priyamani6
http://pbs.twimg.com/profile_images/478188870958608384/OClkAP_h_bigger.jpeg, YUVSTRONG12,https://twitter.com/YUVSTRONG12
http://pbs.twimg.com/profile_images/509258538267324416/VpU-O9La_bigger.jpeg, ursbobby,https://twitter.com/ursbobby
http://pbs.twimg.com/profile_images/511759461459845120/L2rQN_k9_bigger.jpeg, SherlynChopra,https://twitter.com/SherlynChopra
http://pbs.twimg.com/profile_images/501010376574500865/rX6wtzfs_bigger.jpeg, RJV4U,https://twitter.com/RJV4U
http://pbs.twimg.com/profile_images/378800000570469567/5e35d12b2af2a8e4acc14598c547c006_bigger.jpeg, ThisIsDSP,https://twitter.com/ThisIsDSP
http://pbs.twimg.com/profile_images/450541003452063744/A8sKxiVv_bigger.jpeg, KicchaSudeep,https://twitter.com/KicchaSudeep
http://pbs.twimg.com/profile_images/1440352704/profile_pic_taran_bigger.jpg, taran_adarsh,https://twitter.com/taran_adarsh
http://pbs.twimg.com/profile_images/505121272247111680/yDzGNzM8_bigger.jpeg, PowerStarrFan,https://twitter.com/PowerStarrFan
http://pbs.twimg.com/profile_images/141909565/1_bigger.JPG, 123telugu,https://twitter.com/123telugu
http://pbs.twimg.com/profile_images/499980511901523968/rPkaxXhr_bigger.jpeg, cricketaakash,https://twitter.com/cricketaakash
http://pbs.twimg.com/profile_images/426226358033723392/otMsLPqj_bigger.jpeg, ihansika,https://twitter.com/ihansika
http://pbs.twimg.com/profile_images/497089554247999488/I2K3ogZ1_bigger.jpeg, samebalu,https://twitter.com/samebalu
http://pbs.twimg.com/profile_images/487142140959408128/spSYByfu_bigger.png, Hi,https://twitter.com/Hi
http://pbs.twimg.com/profile_images/1992678495/b1_bigger.jpg, Bokkale,https://twitter.com/Bokkale
http://pbs.twimg.com/profile_images/351272013/logo_short_bigger.jpg, fakingnews,https://twitter.com/fakingnews
http://pbs.twimg.com/profile_images/3206757857/0d6252362be109bd8c75e08569fc4642_bigger.jpeg, alluzone,https://twitter.com/alluzone
http://pbs.twimg.com/profile_images/421250364482924544/hny6ypZ3_bigger.jpeg, bkrsatish,https://twitter.com/bkrsatish
http://pbs.twimg.com/profile_images/378800000755877173/e96d7dd049eef654b43e7cb34565d94d_bigger.jpeg, ynakg,https://twitter.com/ynakg
http://pbs.twimg.com/profile_images/470523672566829056/Fl38mfdK_bigger.jpeg, ssrajamouli,https://twitter.com/ssrajamouli
http://pbs.twimg.com/profile_images/925724358/junior-ntr-68_bigger.jpg, tarak9999,https://twitter.com/tarak9999
http://pbs.twimg.com/profile_images/468375752707022848/ZzSL7rMc_bigger.png, 9GAG,https://twitter.com/9GAG
http://pbs.twimg.com/profile_images/508923963230007297/noDyafiI_bigger.jpeg, ursyathi,https://twitter.com/ursyathi
http://pbs.twimg.com/profile_images/457764629637120001/xwLW9wh3_bigger.jpeg, Gopimohan,https://twitter.com/Gopimohan
http://pbs.twimg.com/profile_images/378800000570751784/34486373055c10722bbecf40a9194fe1_bigger.jpeg, purijagan,https://twitter.com/purijagan
http://pbs.twimg.com/profile_images/378800000532994836/88725d850f9a9eb3a4cb1d22cc17e506_bigger.jpeg, bhogleharsha,https://twitter.com/bhogleharsha
http://pbs.twimg.com/profile_images/509228003935518720/dGSN_W19_bigger.jpeg, OnlyBabaSehgal,https://twitter.com/OnlyBabaSehgal
http://pbs.twimg.com/profile_images/510024232508461056/fR8CsNhe_bigger.jpeg, KiTtu_PSPK,https://twitter.com/KiTtu_PSPK
http://pbs.twimg.com/profile_images/3616582736/b5304e6f01f84d9c1142b0785a79d01d_bigger.jpeg, shrutihaasan,https://twitter.com/shrutihaasan
http://pbs.twimg.com/profile_images/472261021986332672/GSQbGJ6z_bigger.jpeg, iam_str,https://twitter.com/iam_str
http://pbs.twimg.com/profile_images/511833041119891456/VEuQQvfh_bigger.jpeg, ahiteja666,https://twitter.com/ahiteja666
http://pbs.twimg.com/profile_images/378800000583453440/12d410d1d8cb91b381389b8b846b38cd_bigger.jpeg, PritishNandy,https://twitter.com/PritishNandy
http://pbs.twimg.com/profile_images/510483137541861377/y1j9AUEM_bigger.png, priyankachopra,https://twitter.com/priyankachopra
http://pbs.twimg.com/profile_images/467262167847149568/bnkXllzV_bigger.jpeg, CHIRU_NEWS,https://twitter.com/CHIRU_NEWS
http://pbs.twimg.com/profile_images/511568227877392385/35tyf2WD_bigger.jpeg, urstrulyMahesh,https://twitter.com/urstrulyMahesh
http://pbs.twimg.com/profile_images/430252558028779520/MDm-pvxq_bigger.jpeg, harish2you,https://twitter.com/harish2you
http://pbs.twimg.com/profile_images/476077660787847171/-IFEHymw_bigger.jpeg, allarinaresh,https://twitter.com/allarinaresh
http://pbs.twimg.com/profile_images/2965682925/f3c5c2bd8cb16433305b93b4f501c430_bigger.jpeg, midwestmoviesus,https://twitter.com/midwestmoviesus
http://pbs.twimg.com/profile_images/510748355853438977/6152dD3i_bigger.jpeg, BeingKaNTRi,https://twitter.com/BeingKaNTRi
http://pbs.twimg.com/profile_images/510849992659976193/mGTizVdC_bigger.jpeg, DizisSANDY,https://twitter.com/DizisSANDY
http://pbs.twimg.com/profile_images/503241364943810560/miDWwcUk_bigger.jpeg, MrsGandhi,https://twitter.com/MrsGandhi
http://pbs.twimg.com/profile_images/507060190827388929/PSghWK6c_bigger.jpeg, AlwayzRamCharan,https://twitter.com/AlwayzRamCharan
http://pbs.twimg.com/profile_images/494351079610400771/75gm5egf_bigger.jpeg, kamaalrkhan,https://twitter.com/kamaalrkhan
http://pbs.twimg.com/profile_images/510781429504950272/uSRz08KC_bigger.png, YouTube,https://twitter.com/YouTube
http://pbs.twimg.com/profile_images/3753560104/89c7a9544b07049f33c986eae4c5b7ca_bigger.jpeg, 11,https://twitter.com/11
http://pbs.twimg.com/profile_images/488525633509543936/iimTMGli_bigger.png, rameshsrivats,https://twitter.com/rameshsrivats
http://pbs.twimg.com/profile_images/442828740481912833/0sbWlHtY_bigger.jpeg, Skrillex,https://twitter.com/Skrillex
http://pbs.twimg.com/profile_images/512091306965749760/fIbyybco_bigger.jpeg, anurag_i_am,https://twitter.com/anurag_i_am
http://pbs.twimg.com/profile_images/802666250/jeevi_bigger.jpg, idlebrainjeevi,https://twitter.com/idlebrainjeevi
http://pbs.twimg.com/profile_images/2385194922/bnd4twa982tugs4xdsfi_bigger.jpeg, shekharkapur,https://twitter.com/shekharkapur
http://pbs.twimg.com/profile_images/2504398687/344204969_bigger.jpg, sachin_rt,https://twitter.com/sachin_rt
http://pbs.twimg.com/profile_images/511948074319503360/s68acgPu_bigger.jpeg, PawanKalyanFan,https://twitter.com/PawanKalyanFan
http://pbs.twimg.com/profile_images/455295284860309504/iREErDx5_bigger.jpeg, roopak04,https://twitter.com/roopak04
http://pbs.twimg.com/profile_images/378800000135854734/bf9b97b085072cf4f9b413522fdafa12_bigger.jpeg, msdhoni,https://twitter.com/msdhoni
http://pbs.twimg.com/profile_images/473503749944537088/vXVIB_Op_bigger.jpeg, HeroManoj1,https://twitter.com/HeroManoj1
http://pbs.twimg.com/profile_images/2221302855/image_bigger.jpg, Tolly_BOXOFFICE,https://twitter.com/Tolly_BOXOFFICE
http://pbs.twimg.com/profile_images/3757732267/9cec164116ace07f112fb93c87518814_bigger.jpeg, Kalyanyourstar,https://twitter.com/Kalyanyourstar
http://pbs.twimg.com/profile_images/504668934390288384/nhsONZV6_bigger.jpeg, sardesairajdeep,https://twitter.com/sardesairajdeep
http://pbs.twimg.com/profile_images/506399796509147137/fuJQayan_bigger.jpeg, imV1vek,https://twitter.com/imV1vek
http://pbs.twimg.com/profile_images/438910281398247424/J8ekSrnT_bigger.jpeg, sri50,https://twitter.com/sri50
http://pbs.twimg.com/profile_images/507188943956480000/40Lt9A4b_bigger.jpeg, UrsSamyuktha,https://twitter.com/UrsSamyuktha
http://pbs.twimg.com/profile_images/378800000801297071/219cf6b38a860d7f12f563424fdeb012_bigger.jpeg, ganeshravuri,https://twitter.com/ganeshravuri
http://pbs.twimg.com/profile_images/508137867718045696/t8JAgelV_bigger.jpeg, Cyclestand_in,https://twitter.com/Cyclestand_in
http://pbs.twimg.com/profile_images/2683825159/e4442ddd1cba6ef6fb79a369293337cb_bigger.jpeg, Samanthaprabhu2,https://twitter.com/Samanthaprabhu2
http://pbs.twimg.com/profile_images/508626772854710272/-SaOPJIA_bigger.jpeg, MusicThaman,https://twitter.com/MusicThaman
http://pbs.twimg.com/profile_images/507755659740184576/nyPzG1Ax_bigger.jpeg, crhemanth,https://twitter.com/crhemanth
http://pbs.twimg.com/profile_images/378800000137267374/21b503cfc03ad7bed9e60ccce98ce11c_bigger.jpeg, geethasinger,https://twitter.com/geethasinger
http://pbs.twimg.com/profile_images/456441414725808128/ZNv8O7Pj_bigger.jpeg, imVkohli,https://twitter.com/imVkohli
http://pbs.twimg.com/profile_images/3169173387/96f8a7faee3389266311c4f89406c440_bigger.jpeg, TheMindBlowing,https://twitter.com/TheMindBlowing
http://pbs.twimg.com/profile_images/511480136172990466/ynwE7XDY_bigger.jpeg, urssBharath,https://twitter.com/urssBharath
