http://pbs.twimg.com/profile_images/552374283658223616/zl-FZsMK_bigger.jpeg,sri50,https://twitter.com/sri50,
http://pbs.twimg.com/profile_images/520221587962732544/inkuSilX_bigger.jpeg,srikutty45,https://twitter.com/srikutty45,
http://pbs.twimg.com/profile_images/501594172613087232/uFXCum0m_bigger.jpeg,tamil_films,https://twitter.com/tamil_films,
http://pbs.twimg.com/profile_images/3085488542/af976899465808b22e3d473fc5c63437_bigger.jpeg,OnlyKollywood,https://twitter.com/OnlyKollywood,
http://pbs.twimg.com/profile_images/559869824684130304/_BvQvDzH_bigger.jpeg,KollywudCinema,https://twitter.com/KollywudCinema,
http://pbs.twimg.com/profile_images/514744876248743936/y7DrTyqx_bigger.jpeg,Heytamilcinema,https://twitter.com/Heytamilcinema,
http://pbs.twimg.com/profile_images/557219554602938369/Fm5-wFOb_bigger.png,itisprashanth,https://twitter.com/itisprashanth,
http://pbs.twimg.com/profile_images/543297720786513920/5GEfwLHw_bigger.jpeg,amanchauhans,https://twitter.com/amanchauhans,
http://pbs.twimg.com/profile_images/1542316140/girl_bigger.jpg,julietanner07,https://twitter.com/julietanner07,
http://pbs.twimg.com/profile_images/1606208238/93579902511__4__bigger.png,RosalinaKinlin,https://twitter.com/RosalinaKinlin,
http://pbs.twimg.com/profile_images/521207643776356352/tvrTROun_bigger.jpeg,rameshlaus,https://twitter.com/rameshlaus,
http://pbs.twimg.com/profile_images/551639389416075265/MU1JqjJc_bigger.jpeg,beastoftraal,https://twitter.com/beastoftraal,
http://pbs.twimg.com/profile_images/416600582191718400/px1vJt1I_bigger.jpeg,abntelugutv,https://twitter.com/abntelugutv,
http://pbs.twimg.com/profile_images/2836411549/23be261777ceb85cbd35b00004b37143_bigger.jpeg,chand2579,https://twitter.com/chand2579,
http://pbs.twimg.com/profile_images/499189982079102976/c-0Q_UI4_bigger.jpeg,RubenZiliwu,https://twitter.com/RubenZiliwu,
http://pbs.twimg.com/profile_images/501337363482554369/4xMnerN0_bigger.jpeg,filmibeat,https://twitter.com/filmibeat,
http://pbs.twimg.com/profile_images/553259767750074368/CSao-JBB_bigger.jpeg,sekartweets,https://twitter.com/sekartweets,
http://pbs.twimg.com/profile_images/518127036817080321/JWUlNMm2_bigger.png,HuffPostIndia,https://twitter.com/HuffPostIndia,
http://pbs.twimg.com/profile_images/557878299553054720/h6-hsCCx_bigger.jpeg,mehranzaidi,https://twitter.com/mehranzaidi,
http://pbs.twimg.com/profile_images/554352351641731073/IHJyyK8l_bigger.jpeg,RajiniFC,https://twitter.com/RajiniFC,
http://pbs.twimg.com/profile_images/557029940772630528/hg3enIX0_bigger.jpeg,Noughtii_faya,https://twitter.com/Noughtii_faya,
http://pbs.twimg.com/profile_images/523912742969692161/Bn6WbQjs_bigger.jpeg,hypnashift,https://twitter.com/hypnashift,
http://pbs.twimg.com/profile_images/557375206767865856/5eHRgtnc_bigger.jpeg,arvinfido,https://twitter.com/arvinfido,
http://pbs.twimg.com/profile_images/378800000806610152/0562243c567698eba9bb268433bd680b_bigger.png,Kollywoodtimes,https://twitter.com/Kollywoodtimes,
http://pbs.twimg.com/profile_images/556516812783755264/5l1rmVPi_bigger.png,vbzu,https://twitter.com/vbzu,
http://pbs.twimg.com/profile_images/528129495723560960/nT3H1tm2_bigger.jpeg,suriya_fan,https://twitter.com/suriya_fan,
http://pbs.twimg.com/profile_images/559068515101982721/m3R19cGz_bigger.jpeg,bharath1,https://twitter.com/bharath1,
http://pbs.twimg.com/profile_images/2601907084/z7nvgzce967svbkdpunn_bigger.png,BollywoodF,https://twitter.com/BollywoodF,
http://pbs.twimg.com/profile_images/2307560275/uf6lzyy37ek9w2ltx5lu_bigger.jpeg,AsiaPacNews,https://twitter.com/AsiaPacNews,
http://pbs.twimg.com/profile_images/551356388891324416/GOEZnYAk_bigger.jpeg,Imdenesh,https://twitter.com/Imdenesh,
http://pbs.twimg.com/profile_images/528970431022104577/kjkZjg3D_bigger.jpeg,AllThingsKamal,https://twitter.com/AllThingsKamal,
http://pbs.twimg.com/profile_images/542938166148075521/0r99cZzT_bigger.png,FansBollywood,https://twitter.com/FansBollywood,
http://pbs.twimg.com/profile_images/310016006/inboll4_thumb2_bigger_bigger.jpg,inbollywood,https://twitter.com/inbollywood,
http://pbs.twimg.com/profile_images/378800000710151123/0a38c4c8a80df4e5bd6728638893f0d9_bigger.png,metromatinee,https://twitter.com/metromatinee,
http://pbs.twimg.com/profile_images/499944998947676161/rLiEYs9T_bigger.jpeg,SrideviPakistan,https://twitter.com/SrideviPakistan,
http://pbs.twimg.com/profile_images/522830856239321089/sqoQKY6b_bigger.jpeg,VettriTheatres,https://twitter.com/VettriTheatres,
http://pbs.twimg.com/profile_images/559913435412983808/IA-ySta6_bigger.jpeg,DhanushOfficial,https://twitter.com/DhanushOfficial,
http://pbs.twimg.com/profile_images/496362480138862594/4hjyHtpB_bigger.jpeg,BoIIIywood,https://twitter.com/BoIIIywood,
http://pbs.twimg.com/profile_images/552908449349001217/xWnsHVz2_bigger.jpeg,AmKathir,https://twitter.com/AmKathir,
http://pbs.twimg.com/profile_images/424560060207861761/QArUC-ns_bigger.jpeg,pudiharicharan,https://twitter.com/pudiharicharan,
http://pbs.twimg.com/profile_images/539657372847722496/IGLtHJpI_bigger.jpeg,BeingTali,https://twitter.com/BeingTali,
http://pbs.twimg.com/profile_images/547698175050399744/9_4t1cte_bigger.jpeg,Sridevi_Pedia,https://twitter.com/Sridevi_Pedia,
http://pbs.twimg.com/profile_images/468698743379083264/-XKE6vu4_bigger.jpeg,1eewhittaker,https://twitter.com/1eewhittaker,
http://pbs.twimg.com/profile_images/3177991502/ffc1ea084b3141c102ea3cf80710038e_bigger.jpeg,AmitabhUpdate,https://twitter.com/AmitabhUpdate,
http://pbs.twimg.com/profile_images/559172571652833283/HKsVSBQo_bigger.jpeg,Prad4900,https://twitter.com/Prad4900,
http://pbs.twimg.com/profile_images/558916705926127616/qfrOnFxo_bigger.jpeg,RDBalaji,https://twitter.com/RDBalaji,
http://pbs.twimg.com/profile_images/455284117538484224/_gDdIUeL_bigger.jpeg,TumKaun,https://twitter.com/TumKaun,
http://pbs.twimg.com/profile_images/443001703382536193/sKsSsOVH_bigger.jpeg,tamilstar,https://twitter.com/tamilstar,
http://pbs.twimg.com/profile_images/534005366250426368/OpAK0cxG_bigger.jpeg,pravenbg,https://twitter.com/pravenbg,
http://pbs.twimg.com/profile_images/86818362/ks-msn2_bigger.jpg,milliblog,https://twitter.com/milliblog,
http://pbs.twimg.com/profile_images/463331804892520448/_d_cG_Bz_bigger.jpeg,prashantodas,https://twitter.com/prashantodas,
http://pbs.twimg.com/profile_images/559106652243509251/Ci01OIUD_bigger.jpeg,SirStylez,https://twitter.com/SirStylez,
http://pbs.twimg.com/profile_images/520530984345686017/B6IPehB2_bigger.jpeg,Saalehaa,https://twitter.com/Saalehaa,
http://pbs.twimg.com/profile_images/556135734248079360/V284NOrV_bigger.jpeg,MovifiedTamil,https://twitter.com/MovifiedTamil,
http://pbs.twimg.com/profile_images/3692671406/2dd8be470bb6ecdac9507bcd7704e1f5_bigger.jpeg,tamilcinema24_,https://twitter.com/tamilcinema24_,
http://pbs.twimg.com/profile_images/1265809847/images_bigger.jpeg,yuviFARTTER,https://twitter.com/yuviFARTTER,
http://pbs.twimg.com/profile_images/559743680110555136/bIhMMsi0_bigger.jpeg,21century_kant,https://twitter.com/21century_kant,
http://pbs.twimg.com/profile_images/516137360308727810/atuTqXxw_bigger.jpeg,kalakkalcinema,https://twitter.com/kalakkalcinema,
http://pbs.twimg.com/profile_images/542092862801072128/cFWAPWQX_bigger.jpeg,rajinifans,https://twitter.com/rajinifans,
http://pbs.twimg.com/profile_images/559400849634361345/M7zgO2Sp_bigger.jpeg,Banned_tweeter,https://twitter.com/Banned_tweeter,
http://pbs.twimg.com/profile_images/536239981531258880/97-_zITV_bigger.jpeg,1mgupta,https://twitter.com/1mgupta,
http://pbs.twimg.com/profile_images/556473821985665024/1XV9Q7It_bigger.jpeg,sandheep_shan,https://twitter.com/sandheep_shan,
http://pbs.twimg.com/profile_images/553093997493616641/NYEIVjff_bigger.jpeg,avarakai,https://twitter.com/avarakai,
http://pbs.twimg.com/profile_images/557887672807866368/GeI1R-VO_bigger.jpeg,VjfanSuresh,https://twitter.com/VjfanSuresh,
http://pbs.twimg.com/profile_images/550952129850904577/-0-WX-HJ_bigger.jpeg,ARaveinBIRDman,https://twitter.com/ARaveinBIRDman,
http://pbs.twimg.com/profile_images/2996463422/c8c583a16fb288af6f8d28ded3ec878c_bigger.jpeg,Shruti4fans,https://twitter.com/Shruti4fans,
http://pbs.twimg.com/profile_images/558652038083395584/enxNvmJx_bigger.jpeg,askubusk,https://twitter.com/askubusk,
http://pbs.twimg.com/profile_images/557408607289888769/8cT64EL9_bigger.jpeg,psarjun,https://twitter.com/psarjun,
http://pbs.twimg.com/profile_images/547304527167123456/6xrFOpYq_bigger.png,MohammedIhlas1,https://twitter.com/MohammedIhlas1,
http://pbs.twimg.com/profile_images/892280632/andhravilasv_logo3333_jpg_file_small_bigger.jpg,Andhravilasnews,https://twitter.com/Andhravilasnews,
http://pbs.twimg.com/profile_images/2605126692/image_bigger.jpg,lourenzar,https://twitter.com/lourenzar,
http://pbs.twimg.com/profile_images/2195191146/tyt_bigger.png,filmindia_indo,https://twitter.com/filmindia_indo,
http://pbs.twimg.com/profile_images/515508357818380288/ZAfz4ji0_bigger.jpeg,Scootywaali,https://twitter.com/Scootywaali,
http://pbs.twimg.com/profile_images/550949506561224705/vyPA7E9R_bigger.png,twttyer,https://twitter.com/twttyer,
http://pbs.twimg.com/profile_images/558973820040536066/sjpFr0bE_bigger.jpeg,Lingaa_Rajini,https://twitter.com/Lingaa_Rajini,
http://pbs.twimg.com/profile_images/544072800210657280/wBITQGn9_bigger.jpeg,Pretty_Lalaboy,https://twitter.com/Pretty_Lalaboy,
http://pbs.twimg.com/profile_images/534032477153538048/qh64c93T_bigger.jpeg,v1rupa,https://twitter.com/v1rupa,
http://pbs.twimg.com/profile_images/442976199828967424/0lcQa0GP_bigger.jpeg,ibtimesindia1,https://twitter.com/ibtimesindia1,
http://pbs.twimg.com/profile_images/553536218999164928/kuikvAql_bigger.jpeg,thalamassfans,https://twitter.com/thalamassfans,
http://pbs.twimg.com/profile_images/531500529046659074/-ntye9GR_bigger.jpeg,Affectionate_MS,https://twitter.com/Affectionate_MS,
http://pbs.twimg.com/profile_images/378800000131337523/afd7304413b18ce24987dff5b096d38d_bigger.jpeg,TwITLiKeAKinG,https://twitter.com/TwITLiKeAKinG,
http://pbs.twimg.com/profile_images/276296066/pen_bigger.jpg,msuganth,https://twitter.com/msuganth,
http://pbs.twimg.com/profile_images/554942599505518592/9mvxWSGA_bigger.jpeg,UlagaNayaganFan,https://twitter.com/UlagaNayaganFan,
http://pbs.twimg.com/profile_images/3111228568/895655c32661768b74ce89546dcb78c0_bigger.jpeg,anooppr,https://twitter.com/anooppr,
http://pbs.twimg.com/profile_images/554282794067574784/T4MULbdE_bigger.jpeg,_ArunVS,https://twitter.com/_ArunVS,
http://pbs.twimg.com/profile_images/554135808198713345/SKmSLXAI_bigger.jpeg,euniverse800,https://twitter.com/euniverse800,
http://pbs.twimg.com/profile_images/550139974440325121/0jsKOkTn_bigger.jpeg,item_boyy,https://twitter.com/item_boyy,
http://pbs.twimg.com/profile_images/559247532455251969/buCJ_CFM_bigger.jpeg,geejeyz,https://twitter.com/geejeyz,
http://pbs.twimg.com/profile_images/2529550995/qtcotxmv5rcqurxgbpvt_bigger.jpeg,hogarmio,https://twitter.com/hogarmio,
http://pbs.twimg.com/profile_images/551016458264670209/HjmrHuCM_bigger.jpeg,senthilbalajis,https://twitter.com/senthilbalajis,
http://pbs.twimg.com/profile_images/499412054143299584/rYHsksHY_bigger.jpeg,ngopal050,https://twitter.com/ngopal050,
http://pbs.twimg.com/profile_images/556835811648614400/U24KyTiR_bigger.jpeg,KarthikAnjaan,https://twitter.com/KarthikAnjaan,
http://pbs.twimg.com/profile_images/559220474274541568/4nyUC3Zf_bigger.jpeg,yxges_,https://twitter.com/yxges_,
http://pbs.twimg.com/profile_images/891654735/bigstockphoto_Movie_Icon_Rss_3224015_copy_bigger.jpg,motionfeeds,https://twitter.com/motionfeeds,
http://pbs.twimg.com/profile_images/514342120132321280/UTzU1krs_bigger.jpeg,JosephSaunder_S,https://twitter.com/JosephSaunder_S,
http://pbs.twimg.com/profile_images/558216348715606016/nCMK1Tnf_bigger.jpeg,MrJackVJ,https://twitter.com/MrJackVJ,
http://pbs.twimg.com/profile_images/536953205821685760/6XDtM0qO_bigger.jpeg,tweet2karth,https://twitter.com/tweet2karth,
http://pbs.twimg.com/profile_images/534904220554510336/Xz0_EDJh_bigger.jpeg,nitindaw,https://twitter.com/nitindaw,
http://pbs.twimg.com/profile_images/543213524751618048/cun9BJEx_bigger.jpeg,Pradeep4fun,https://twitter.com/Pradeep4fun,
http://pbs.twimg.com/profile_images/498032390757822464/YtItaI-x_bigger.jpeg,tamillcinema,https://twitter.com/tamillcinema,
http://pbs.twimg.com/profile_images/536985504047063040/vJtx8qNo_bigger.jpeg,MadrasBachelor,https://twitter.com/MadrasBachelor,
http://pbs.twimg.com/profile_images/547412408193388544/daZgxjv8_bigger.jpeg,Rajini_F_C,https://twitter.com/Rajini_F_C,
http://pbs.twimg.com/profile_images/553515489562210304/PYJ_gK8T_bigger.jpeg,VijayIsMyLife1,https://twitter.com/VijayIsMyLife1,
http://pbs.twimg.com/profile_images/554843973886296064/8sxMzMmO_bigger.jpeg,brahahamin,https://twitter.com/brahahamin,
http://pbs.twimg.com/profile_images/449234427424432129/yruzDvrb_bigger.jpeg,bollytoday,https://twitter.com/bollytoday,
http://pbs.twimg.com/profile_images/544567722328088576/9zZPSVkN_bigger.jpeg,RaamLeaks,https://twitter.com/RaamLeaks,
http://pbs.twimg.com/profile_images/556844821399076864/jHfKJPaY_bigger.jpeg,issime_miyake,https://twitter.com/issime_miyake,
http://pbs.twimg.com/profile_images/509701717676404736/lseNMIOD_bigger.jpeg,iKnightSRK,https://twitter.com/iKnightSRK,
http://pbs.twimg.com/profile_images/558970413980454912/n8bersBd_bigger.jpeg,MaheshGinugu,https://twitter.com/MaheshGinugu,
http://pbs.twimg.com/profile_images/3117632277/9ce02ae00b32d44f6e472776eeb91acb_bigger.jpeg,Vagish,https://twitter.com/Vagish,
http://pbs.twimg.com/profile_images/2765724357/acd4fcd353bafd57c4e100f3e57364a2_bigger.jpeg,Bakwas_BandKarr,https://twitter.com/Bakwas_BandKarr,
http://pbs.twimg.com/profile_images/548875649612386304/EbK31D1v_bigger.jpeg,kishoreofficial,https://twitter.com/kishoreofficial,
http://pbs.twimg.com/profile_images/2530509393/7q23j75keu3m5g6gxhxy_bigger.jpeg,kccmagazine,https://twitter.com/kccmagazine,
http://pbs.twimg.com/profile_images/3278373715/d5474903e1d4fbd9aa26d6c01993c121_bigger.png,MOVIEWORLDINDIA,https://twitter.com/MOVIEWORLDINDIA,
http://pbs.twimg.com/profile_images/378800000354636375/6d09c7ada5366bc259b1af02291eb20f_bigger.jpeg,india_breaking,https://twitter.com/india_breaking,
http://pbs.twimg.com/profile_images/557790741578399744/lwD_3dMD_bigger.jpeg,Im_Aaru,https://twitter.com/Im_Aaru,
http://pbs.twimg.com/profile_images/523895988059004930/lI-JrP3J_bigger.jpeg,KadavulRajni,https://twitter.com/KadavulRajni,
http://pbs.twimg.com/profile_images/3593713475/6dcd32db712cda8ad3000a176d239cae_bigger.jpeg,OminousJazz,https://twitter.com/OminousJazz,
http://pbs.twimg.com/profile_images/512150253571563520/Kgk2Vk6A_bigger.jpeg,VictoLawerence,https://twitter.com/VictoLawerence,
http://pbs.twimg.com/profile_images/550412793703178240/ByBuC5BV_bigger.jpeg,rohitkvrt,https://twitter.com/rohitkvrt,
http://pbs.twimg.com/profile_images/502870277143797760/az9MNAvT_bigger.jpeg,aggraunak,https://twitter.com/aggraunak,
http://pbs.twimg.com/profile_images/3141616294/34dbf9452a56d333d6e12ab4bdca07fb_bigger.jpeg,India_Movie,https://twitter.com/India_Movie,
http://pbs.twimg.com/profile_images/544333478221725696/iXm9h23X_bigger.jpeg,sakthysaravana,https://twitter.com/sakthysaravana,
http://pbs.twimg.com/profile_images/550554502391017472/XR-QgLvn_bigger.jpeg,raemolla,https://twitter.com/raemolla,
http://pbs.twimg.com/profile_images/452138759102808064/U1Hl_sCk_bigger.jpeg,Bollywood_B,https://twitter.com/Bollywood_B,
http://pbs.twimg.com/profile_images/344513261583159706/d13609a9513417e3fd50ce90cbb68324_bigger.jpeg,garvitMad,https://twitter.com/garvitMad,
http://pbs.twimg.com/profile_images/550688615538229250/a9FpZMpk_bigger.jpeg,Anjaanvinoth,https://twitter.com/Anjaanvinoth,
http://pbs.twimg.com/profile_images/534000460680540160/Mo1Q6cKt_bigger.jpeg,ComedyBanda,https://twitter.com/ComedyBanda,
http://pbs.twimg.com/profile_images/532994916385714176/aAW-x_cx_bigger.jpeg,ReneeRegent,https://twitter.com/ReneeRegent,
http://pbs.twimg.com/profile_images/558194484555427840/yKideccR_bigger.jpeg,ramero_crist,https://twitter.com/ramero_crist,
http://pbs.twimg.com/profile_images/515488167122595840/u7y0GhNn_bigger.png,PluzmediaIN,https://twitter.com/PluzmediaIN,
http://pbs.twimg.com/profile_images/522108910711214080/F0vZ-1ha_bigger.jpeg,MobleyKing,https://twitter.com/MobleyKing,
http://pbs.twimg.com/profile_images/542658571297517568/qEYNW_0u_bigger.jpeg,rajmurugan161,https://twitter.com/rajmurugan161,
http://pbs.twimg.com/profile_images/549094555379720192/1yiM-I-G_bigger.jpeg,GrundlerEric,https://twitter.com/GrundlerEric,
http://pbs.twimg.com/profile_images/513950166949195776/Et7G5dl0_bigger.jpeg,JosephConneIl,https://twitter.com/JosephConneIl,
http://pbs.twimg.com/profile_images/557955680103985152/5CK43MPT_bigger.jpeg,Mirash_Suriya,https://twitter.com/Mirash_Suriya,
http://abs.twimg.com/sticky/default_profile_images/default_profile_0_bigger.png,toarun4u,https://twitter.com/toarun4u,
http://pbs.twimg.com/profile_images/502454093864919041/_rFnJ_5R_bigger.jpeg,SabarjitCom,https://twitter.com/SabarjitCom,
http://pbs.twimg.com/profile_images/556797013866463232/2vhUa7Fs_bigger.jpeg,Pavithran0403,https://twitter.com/Pavithran0403,
http://pbs.twimg.com/profile_images/512144022555459584/jE8XTkVh_bigger.jpeg,Kendall_Vitale,https://twitter.com/Kendall_Vitale,
http://pbs.twimg.com/profile_images/557879904096616448/ryeNWHFk_bigger.jpeg,vinothvijay34,https://twitter.com/vinothvijay34,
http://pbs.twimg.com/profile_images/558981913591820289/01DkbCFT_bigger.jpeg,revengerthala,https://twitter.com/revengerthala,
http://pbs.twimg.com/profile_images/445255128849731584/2FbbVhof_bigger.jpeg,veerpali,https://twitter.com/veerpali,
http://pbs.twimg.com/profile_images/551070007472291840/zRUTzE_8_bigger.jpeg,vinitha_dhanush,https://twitter.com/vinitha_dhanush,
http://pbs.twimg.com/profile_images/551027512562548737/VcmECgQE_bigger.png,Tamil_cine,https://twitter.com/Tamil_cine,
http://pbs.twimg.com/profile_images/557892264026857472/YkLR6ZAz_bigger.jpeg,HsheeNy,https://twitter.com/HsheeNy,
http://pbs.twimg.com/profile_images/558732651612233729/C4ZSy8Sv_bigger.jpeg,mohmmed_qassem,https://twitter.com/mohmmed_qassem,
http://pbs.twimg.com/profile_images/559369506024210432/NxomYMxq_bigger.png,tamiljunkies,https://twitter.com/tamiljunkies,
http://pbs.twimg.com/profile_images/559351538833817602/mNj33f19_bigger.jpeg,RVmaddy,https://twitter.com/RVmaddy,
http://pbs.twimg.com/profile_images/499881798738796545/jtS_lD3d_bigger.jpeg,SanndrraZimmer,https://twitter.com/SanndrraZimmer,
http://pbs.twimg.com/profile_images/508173307862999041/gc6EcnNw_bigger.jpeg,QueenRaniMishra,https://twitter.com/QueenRaniMishra,
http://pbs.twimg.com/profile_images/550232579689820161/MtYE2Tgj_bigger.jpeg,Sprathap5,https://twitter.com/Sprathap5,
http://pbs.twimg.com/profile_images/559028500598775808/PYakGiIe_bigger.jpeg,Inthiqab93,https://twitter.com/Inthiqab93,
http://pbs.twimg.com/profile_images/446349579546406912/m4MJ72dA_bigger.jpeg,lattoo72,https://twitter.com/lattoo72,
http://pbs.twimg.com/profile_images/551726514618650624/7pw_s9aM_bigger.jpeg,SharvinRau,https://twitter.com/SharvinRau,
http://pbs.twimg.com/profile_images/538550425859796993/_eVHiw7n_bigger.jpeg,xhobdo,https://twitter.com/xhobdo,
http://pbs.twimg.com/profile_images/538572963386126336/jmMSkSE__bigger.jpeg,ranjeethaaaaaa,https://twitter.com/ranjeethaaaaaa,
http://pbs.twimg.com/profile_images/554680417974878208/sNVCp35a_bigger.jpeg,ImSreedhar,https://twitter.com/ImSreedhar,
http://pbs.twimg.com/profile_images/1849903374/miss_m1_bigger.jpg,DebiIsDas,https://twitter.com/DebiIsDas,
http://pbs.twimg.com/profile_images/559778616393748480/DhG0oeh8_bigger.jpeg,KarthikLawrence,https://twitter.com/KarthikLawrence,
http://pbs.twimg.com/profile_images/412868674261766144/QdQBj7Sx_bigger.jpeg,glintcinemas,https://twitter.com/glintcinemas,
http://pbs.twimg.com/profile_images/514710914210082817/g7_EC0mh_bigger.jpeg,whhgq7efha,https://twitter.com/whhgq7efha,
http://pbs.twimg.com/profile_images/508174540992544768/4XWIQKGC_bigger.jpeg,YoYoDSunnySingh,https://twitter.com/YoYoDSunnySingh,
http://pbs.twimg.com/profile_images/499886914107760640/xtjq1Ca9_bigger.jpeg,UrsullaD,https://twitter.com/UrsullaD,
http://pbs.twimg.com/profile_images/441158736032194560/1s0CyfTB_bigger.jpeg,fenil_seta,https://twitter.com/fenil_seta,
http://pbs.twimg.com/profile_images/510049654239531008/JiwINZTD_bigger.jpeg,PartyTashu,https://twitter.com/PartyTashu,
http://pbs.twimg.com/profile_images/508172376928813056/foDbkhMP_bigger.jpeg,TrinaSarkar4,https://twitter.com/TrinaSarkar4,
http://pbs.twimg.com/profile_images/548858748685398017/2z9-L5QE_bigger.jpeg,johnpl618,https://twitter.com/johnpl618,
http://pbs.twimg.com/profile_images/514741135818772480/imfs_Nql_bigger.jpeg,PernellTrista,https://twitter.com/PernellTrista,
http://pbs.twimg.com/profile_images/514740516366209024/u94LUvN__bigger.jpeg,MeliaPorath,https://twitter.com/MeliaPorath,
http://pbs.twimg.com/profile_images/507489799930793984/oeP7MsgJ_bigger.jpeg,PankajLeleSRT,https://twitter.com/PankajLeleSRT,
http://pbs.twimg.com/profile_images/556406423857270784/QfNC7YU4_bigger.jpeg,agilanism,https://twitter.com/agilanism,
http://pbs.twimg.com/profile_images/550521637334835200/ejGEAWX5_bigger.jpeg,karthikeyane7,https://twitter.com/karthikeyane7,
http://pbs.twimg.com/profile_images/557435141362962434/hfiMay7m_bigger.jpeg,sundar_vjy,https://twitter.com/sundar_vjy,
http://pbs.twimg.com/profile_images/515780083110264832/XmiIIXhY_bigger.png,MediaTimez,https://twitter.com/MediaTimez,
http://pbs.twimg.com/profile_images/538601262019670016/aG0Eu5dO_bigger.jpeg,Keralarajinifan,https://twitter.com/Keralarajinifan,
http://pbs.twimg.com/profile_images/514706182074691584/xT9DxzYn_bigger.jpeg,BaucomCurtis,https://twitter.com/BaucomCurtis,
http://pbs.twimg.com/profile_images/552152212638420995/t-zkZJL5_bigger.jpeg,TamilRasigan1,https://twitter.com/TamilRasigan1,
http://pbs.twimg.com/profile_images/508181815652143104/P8L9mhsG_bigger.jpeg,RenukaDhar_,https://twitter.com/RenukaDhar_,
http://pbs.twimg.com/profile_images/554347156715634688/8T-gBX8W_bigger.jpeg,RealSanjayK,https://twitter.com/RealSanjayK,
http://pbs.twimg.com/profile_images/549420699194888192/4K7lcbhk_bigger.jpeg,gsankar2011,https://twitter.com/gsankar2011,
http://pbs.twimg.com/profile_images/514305455380643840/u5GRAwuC_bigger.jpeg,i_Maria_Lange,https://twitter.com/i_Maria_Lange,
http://pbs.twimg.com/profile_images/526009652253712384/y_i4ZxWb_bigger.png,Vktkv,https://twitter.com/Vktkv,
http://pbs.twimg.com/profile_images/514750351006638080/IbOjdNPd_bigger.jpeg,JenaPlatts,https://twitter.com/JenaPlatts,
http://pbs.twimg.com/profile_images/378800000058392369/fa797501939b814a818bf1c5755d41fd_bigger.png,AkinatorTrendUS,https://twitter.com/AkinatorTrendUS,
http://pbs.twimg.com/profile_images/506196774940209152/GOw7sRyB_bigger.jpeg,tunisona1,https://twitter.com/tunisona1,
http://pbs.twimg.com/profile_images/555446637989212160/YTiWUzB0_bigger.jpeg,inaymusic,https://twitter.com/inaymusic,
http://pbs.twimg.com/profile_images/558302193229393920/TT5RiyEG_bigger.jpeg,yuvisoft123,https://twitter.com/yuvisoft123,
http://pbs.twimg.com/profile_images/557192224065060864/AITW5ltY_bigger.jpeg,harishsuriya,https://twitter.com/harishsuriya,
http://pbs.twimg.com/profile_images/499890992770596866/e7KLsEWM_bigger.jpeg,PetraGloe,https://twitter.com/PetraGloe,
http://pbs.twimg.com/profile_images/447070297221378048/hzORCDIq_bigger.jpeg,arpitGuitarKING,https://twitter.com/arpitGuitarKING,
http://pbs.twimg.com/profile_images/514730198101544960/o1Fl3bTi_bigger.jpeg,KarmenLarger,https://twitter.com/KarmenLarger,
http://pbs.twimg.com/profile_images/514662852380991489/cCSkzzz4_bigger.jpeg,BirgitMoench,https://twitter.com/BirgitMoench,
http://pbs.twimg.com/profile_images/557812491284008960/bPHk_0_5_bigger.jpeg,Sridevi_Armenia,https://twitter.com/Sridevi_Armenia,
http://pbs.twimg.com/profile_images/530790333739569154/Uns0yHFM_bigger.jpeg,Cool60Candy,https://twitter.com/Cool60Candy,
http://pbs.twimg.com/profile_images/506725567635271683/Gmx2WKVS_bigger.jpeg,iamThePalashDas,https://twitter.com/iamThePalashDas,
http://pbs.twimg.com/profile_images/555671023090012160/qEatRGMj_bigger.jpeg,ALANKGF,https://twitter.com/ALANKGF,
http://pbs.twimg.com/profile_images/506756608525742083/tpvHMXu__bigger.jpeg,ImcoolAnindita,https://twitter.com/ImcoolAnindita,
http://pbs.twimg.com/profile_images/554235819523710976/wrLfePOH_bigger.jpeg,Abianandhi,https://twitter.com/Abianandhi,
http://pbs.twimg.com/profile_images/506729634579222528/jljMqfwV_bigger.jpeg,MunJain,https://twitter.com/MunJain,
http://pbs.twimg.com/profile_images/558993318252511233/DdQ7moXM_bigger.jpeg,Gautham_VJ,https://twitter.com/Gautham_VJ,
http://pbs.twimg.com/profile_images/552851973666390017/whYMMgE3_bigger.jpeg,sathyavijay22,https://twitter.com/sathyavijay22,
http://pbs.twimg.com/profile_images/539244255152062464/-bOBwyEC_bigger.jpeg,4ever_PK,https://twitter.com/4ever_PK,
http://pbs.twimg.com/profile_images/557061751259152385/lEvWnFeT_bigger.jpeg,Im_Manjuuuu,https://twitter.com/Im_Manjuuuu,
http://pbs.twimg.com/profile_images/555397843234455552/XUxYsyGt_bigger.jpeg,Ramu_subbiah,https://twitter.com/Ramu_subbiah,
http://pbs.twimg.com/profile_images/540075319999225856/QXTckq5S_bigger.jpeg,MaNaSAhMeD6,https://twitter.com/MaNaSAhMeD6,
http://pbs.twimg.com/profile_images/559293787000672256/5Uygo44J_bigger.jpeg,beingSdf,https://twitter.com/beingSdf,
http://pbs.twimg.com/profile_images/2497473748/DSC_0238E001_001E001_bigger.jpg,saradhanush,https://twitter.com/saradhanush,
http://pbs.twimg.com/profile_images/574045880/temp01_bigger.jpg,Owntruth,https://twitter.com/Owntruth,
http://pbs.twimg.com/profile_images/461547442744201216/hJw4g-cs_bigger.png,vuinmedia,https://twitter.com/vuinmedia,
http://pbs.twimg.com/profile_images/1322457223/70986427759_bigger.jpg,Williemae_Mccor,https://twitter.com/Williemae_Mccor,
http://pbs.twimg.com/profile_images/558692078893674497/cfnz-lS9_bigger.jpeg,757LiveNews,https://twitter.com/757LiveNews,
http://pbs.twimg.com/profile_images/550824731654356992/AWE0hyqs_bigger.jpeg,outsidetamil,https://twitter.com/outsidetamil,
http://pbs.twimg.com/profile_images/550975186661818368/wJUMe42X_bigger.jpeg,kish_sfc,https://twitter.com/kish_sfc,
http://pbs.twimg.com/profile_images/559933470189690880/jf7WqMB3_bigger.jpeg,SalmansalKhan,https://twitter.com/SalmansalKhan,
http://pbs.twimg.com/profile_images/506746460986028032/Zepokc9W_bigger.jpeg,AnkurGoesSocial,https://twitter.com/AnkurGoesSocial,
http://pbs.twimg.com/profile_images/514346610608713728/wcKJKiSz_bigger.jpeg,FlickVelia,https://twitter.com/FlickVelia,
http://pbs.twimg.com/profile_images/512563128215670786/yCQ9uXww_bigger.jpeg,TessyPotters,https://twitter.com/TessyPotters,
http://pbs.twimg.com/profile_images/558865882110103552/jJAzEdZZ_bigger.jpeg,SSFCOnline,https://twitter.com/SSFCOnline,
http://pbs.twimg.com/profile_images/555716508492374016/gOCaj5wp_bigger.jpeg,Tamil_anjaan,https://twitter.com/Tamil_anjaan,
http://pbs.twimg.com/profile_images/515446179924963328/rdQW-kQE_bigger.png,PrincePrithvi,https://twitter.com/PrincePrithvi,
http://pbs.twimg.com/profile_images/520475429048561664/Ki8Wh08L_bigger.jpeg,flawsaphor,https://twitter.com/flawsaphor,
http://pbs.twimg.com/profile_images/559369440685355009/pyMM6pEe_bigger.jpeg,koodalingam,https://twitter.com/koodalingam,
http://pbs.twimg.com/profile_images/552500669391728640/khkvdo7a_bigger.jpeg,thatchennaigirl,https://twitter.com/thatchennaigirl,
http://pbs.twimg.com/profile_images/555018713435344896/gxFiWjsv_bigger.jpeg,mann_kala_re,https://twitter.com/mann_kala_re,
http://pbs.twimg.com/profile_images/499862150395858945/JPOznhUR_bigger.jpeg,Volkard_Seidel,https://twitter.com/Volkard_Seidel,
http://pbs.twimg.com/profile_images/557699964605059072/5fJ0u4Gy_bigger.jpeg,senthil77,https://twitter.com/senthil77,
http://pbs.twimg.com/profile_images/557579442369732608/Sqt9fKSm_bigger.jpeg,PartapGaurav,https://twitter.com/PartapGaurav,
http://pbs.twimg.com/profile_images/553761379102892032/h8vUmyAx_bigger.jpeg,ARU_RAM,https://twitter.com/ARU_RAM,
http://pbs.twimg.com/profile_images/524848443039051778/RSCG6Wmv_bigger.jpeg,kishore_sfc,https://twitter.com/kishore_sfc,
http://pbs.twimg.com/profile_images/559896182298644480/qrK1Ss1M_bigger.jpeg,Arun_caddy,https://twitter.com/Arun_caddy,
http://pbs.twimg.com/profile_images/559389102714273792/FF6PK3WB_bigger.jpeg,Ck_Mohammed,https://twitter.com/Ck_Mohammed,
http://pbs.twimg.com/profile_images/556517161791787008/jTRW0uNI_bigger.jpeg,SuriyaFansFort,https://twitter.com/SuriyaFansFort,
http://pbs.twimg.com/profile_images/499875160829067264/MbkjfCbM_bigger.jpeg,NorbertSchuste,https://twitter.com/NorbertSchuste,
http://pbs.twimg.com/profile_images/556770502379720704/-SsKLKcS_bigger.jpeg,Sridevi_FC,https://twitter.com/Sridevi_FC,
http://pbs.twimg.com/profile_images/550504840372441088/_VW6oSKS_bigger.jpeg,GXWXN,https://twitter.com/GXWXN,
http://pbs.twimg.com/profile_images/498050749209657344/z5ml3qwL_bigger.jpeg,ajakkumama9,https://twitter.com/ajakkumama9,
http://pbs.twimg.com/profile_images/418463764753571840/9blo7KaZ_bigger.jpeg,CultureNewsFeed,https://twitter.com/CultureNewsFeed,
http://pbs.twimg.com/profile_images/542582181583802368/jBY5yXDw_bigger.jpeg,prem_ramuk,https://twitter.com/prem_ramuk,
http://pbs.twimg.com/profile_images/516878371188244480/OWivcBQ4_bigger.jpeg,news_SrBachchan,https://twitter.com/news_SrBachchan,
http://pbs.twimg.com/profile_images/476952258580467712/p28zX_uL_bigger.jpeg,Senthil557,https://twitter.com/Senthil557,
http://pbs.twimg.com/profile_images/517363912119840769/S2jrjVV6_bigger.jpeg,puneetsharma7,https://twitter.com/puneetsharma7,
http://pbs.twimg.com/profile_images/480117233801527296/p-ZDNV_p_bigger.jpeg,Sujakshan,https://twitter.com/Sujakshan,
http://pbs.twimg.com/profile_images/557885696904425472/Zz7vryfx_bigger.jpeg,viluarun,https://twitter.com/viluarun,
http://pbs.twimg.com/profile_images/515029083277639680/MK1NKSEp_bigger.jpeg,Kevin_Abendroth,https://twitter.com/Kevin_Abendroth,
http://pbs.twimg.com/profile_images/378800000324080311/698f2fca3abfb40edd58d690ca7902f0_bigger.jpeg,Vennillaa,https://twitter.com/Vennillaa,
http://pbs.twimg.com/profile_images/548269538505404416/0UTtbdCj_bigger.jpeg,TamilCinema_365,https://twitter.com/TamilCinema_365,
http://pbs.twimg.com/profile_images/512512116104761344/_rAkQRtA_bigger.jpeg,Ralph_Nacht,https://twitter.com/Ralph_Nacht,
http://pbs.twimg.com/profile_images/540119981690609664/lfiR81lZ_bigger.jpeg,Anish4Love,https://twitter.com/Anish4Love,
http://pbs.twimg.com/profile_images/453063397299728384/v7gVYnk9_bigger.jpeg,PhokaneNetworks,https://twitter.com/PhokaneNetworks,
http://pbs.twimg.com/profile_images/532236768892821505/9gYL_RhB_bigger.jpeg,niranjanl,https://twitter.com/niranjanl,
http://pbs.twimg.com/profile_images/553331333217275904/O6SI9Fjs_bigger.jpeg,Vijay_Fanatic,https://twitter.com/Vijay_Fanatic,
http://pbs.twimg.com/profile_images/557220377063981057/uYoBRbcW_bigger.jpeg,bhanu_tarak9999,https://twitter.com/bhanu_tarak9999,
http://pbs.twimg.com/profile_images/557502927590289408/ve19L7TV_bigger.jpeg,martin_vijay007,https://twitter.com/martin_vijay007,
http://pbs.twimg.com/profile_images/520547958786244609/ytSGWydv_bigger.jpeg,vickyvkedar,https://twitter.com/vickyvkedar,
http://pbs.twimg.com/profile_images/515017268565008385/-TpmLoh9_bigger.png,MarathiSanmaan,https://twitter.com/MarathiSanmaan,
http://pbs.twimg.com/profile_images/558693276833026048/lVtMixLi_bigger.jpeg,sneeeebs,https://twitter.com/sneeeebs,
http://pbs.twimg.com/profile_images/547798210325278720/WKiXxRB2_bigger.jpeg,karthick_sethu,https://twitter.com/karthick_sethu,
http://pbs.twimg.com/profile_images/1756181906/2009_0728_flower_bigger.jpg,Marie____Taylor,https://twitter.com/Marie____Taylor,
http://pbs.twimg.com/profile_images/553133326895038464/1Ypsgd29_bigger.jpeg,Vinodh_V,https://twitter.com/Vinodh_V,
http://pbs.twimg.com/profile_images/524634390421192706/rIki9tN4_bigger.jpeg,Barbosaalex5,https://twitter.com/Barbosaalex5,
http://pbs.twimg.com/profile_images/525630472513019904/NS8reX7b_bigger.jpeg,rakeshstat,https://twitter.com/rakeshstat,
http://pbs.twimg.com/profile_images/499867608682749952/8ihybue__bigger.jpeg,Wolfgang_HaasS,https://twitter.com/Wolfgang_HaasS,
http://pbs.twimg.com/profile_images/559703295715856384/NFcdXRkt_bigger.jpeg,saisuperb1,https://twitter.com/saisuperb1,
http://pbs.twimg.com/profile_images/497145047033602048/cAdVdjso_bigger.jpeg,garry4203,https://twitter.com/garry4203,
http://pbs.twimg.com/profile_images/514293199624351744/x235v64i_bigger.jpeg,StephansKuhn,https://twitter.com/StephansKuhn,
http://pbs.twimg.com/profile_images/546600560573444096/YVqVQFIV_bigger.jpeg,007vamsiraj,https://twitter.com/007vamsiraj,
http://pbs.twimg.com/profile_images/520990263305465856/82k45UAB_bigger.jpeg,DionMilliga,https://twitter.com/DionMilliga,
http://pbs.twimg.com/profile_images/514294911915393025/N7PO4oQG_bigger.jpeg,Felix_Schweitze,https://twitter.com/Felix_Schweitze,
http://pbs.twimg.com/profile_images/2225616364/justicia_bigger.jpg,janvajda2,https://twitter.com/janvajda2,
http://pbs.twimg.com/profile_images/551599641586716672/WHQLLW7b_bigger.jpeg,jagan_chennai,https://twitter.com/jagan_chennai,
http://pbs.twimg.com/profile_images/512510835353075712/E5ukDu8U_bigger.jpeg,Ulrich_Holtzman,https://twitter.com/Ulrich_Holtzman,
http://pbs.twimg.com/profile_images/557786576995233792/0qO1B00P_bigger.png,iam_zks,https://twitter.com/iam_zks,
http://pbs.twimg.com/profile_images/552782602688417793/B9ivEgq1_bigger.jpeg,crazyboy1974,https://twitter.com/crazyboy1974,
http://pbs.twimg.com/profile_images/559286059310137344/rZx_vgAX_bigger.jpeg,advaitaaa_,https://twitter.com/advaitaaa_,
http://pbs.twimg.com/profile_images/522880518602240001/2u82XbVh_bigger.jpeg,ssmithmich1,https://twitter.com/ssmithmich1,
http://pbs.twimg.com/profile_images/558684740752920576/1Cu1eMqU_bigger.jpeg,sai143619,https://twitter.com/sai143619,
http://pbs.twimg.com/profile_images/418423667060535296/VxahT4Me_bigger.jpeg,USUKMusicNews,https://twitter.com/USUKMusicNews,
http://pbs.twimg.com/profile_images/559700976093765633/bjO9zqB9_bigger.jpeg,AshilaNFM,https://twitter.com/AshilaNFM,
http://pbs.twimg.com/profile_images/559571478727761920/p9Jx5_Dd_bigger.png,itisnmk,https://twitter.com/itisnmk,
http://pbs.twimg.com/profile_images/558601774924173312/bPCHBLBc_bigger.jpeg,GhouseMahaboob,https://twitter.com/GhouseMahaboob,
http://abs.twimg.com/sticky/default_profile_images/default_profile_2_bigger.png,RediffiShare,https://twitter.com/RediffiShare,
http://pbs.twimg.com/profile_images/477458988636712963/gJF0nS-V_bigger.jpeg,Aankhodekhilive,https://twitter.com/Aankhodekhilive,
http://pbs.twimg.com/profile_images/3187855052/95aefc360e7b3ba4ac361ec184b2db57_bigger.jpeg,raviravivijay,https://twitter.com/raviravivijay,
http://pbs.twimg.com/profile_images/558965970035675136/x5at6CB7_bigger.jpeg,Gang_of_BS,https://twitter.com/Gang_of_BS,
http://pbs.twimg.com/profile_images/558692104667688961/x5NHBNWf_bigger.jpeg,757LiveIN,https://twitter.com/757LiveIN,
http://pbs.twimg.com/profile_images/514676638735298560/Iwb7aa4m_bigger.jpeg,iPatriciaBest,https://twitter.com/iPatriciaBest,
http://pbs.twimg.com/profile_images/500688681695322112/Yri2Eywf_bigger.jpeg,MakeshSelvaraj,https://twitter.com/MakeshSelvaraj,
http://pbs.twimg.com/profile_images/554787922554019840/SBRbdmqz_bigger.jpeg,This_is_Kritz,https://twitter.com/This_is_Kritz,
http://pbs.twimg.com/profile_images/1169948463/49465_674891933_3794885_q_bigger.jpg,Shrinterest,https://twitter.com/Shrinterest,
http://pbs.twimg.com/profile_images/550363170569605120/SA_r4een_bigger.jpeg,deve_dee,https://twitter.com/deve_dee,
http://pbs.twimg.com/profile_images/559364654896386049/8qdoE3YI_bigger.jpeg,gowthamvjfan,https://twitter.com/gowthamvjfan,
http://pbs.twimg.com/profile_images/514701688897163264/YTdmLqhd_bigger.jpeg,iAllenRentchler,https://twitter.com/iAllenRentchler,
http://pbs.twimg.com/profile_images/558566007287984129/lK2Mxhhj_bigger.jpeg,manojkumar8129,https://twitter.com/manojkumar8129,
http://pbs.twimg.com/profile_images/551443604774744066/bsRrm1jG_bigger.jpeg,full_telangana,https://twitter.com/full_telangana,
http://pbs.twimg.com/profile_images/521837459684864000/clJOGEmn_bigger.jpeg,ajaybaskar,https://twitter.com/ajaybaskar,
http://pbs.twimg.com/profile_images/514722122761900032/3H3bOpfs_bigger.jpeg,Philipp_Himmel,https://twitter.com/Philipp_Himmel,
http://pbs.twimg.com/profile_images/518331766952587264/0syNGThg_bigger.jpeg,snehanjan,https://twitter.com/snehanjan,
http://pbs.twimg.com/profile_images/520506597798191104/5nJ6RYrS_bigger.jpeg,Gayapottergleek,https://twitter.com/Gayapottergleek,
http://pbs.twimg.com/profile_images/520294360387031040/3cXaMvs7_bigger.jpeg,LucaGregg,https://twitter.com/LucaGregg,
http://pbs.twimg.com/profile_images/518666192861798400/3x4yloNo_bigger.jpeg,AkH_I,https://twitter.com/AkH_I,
http://pbs.twimg.com/profile_images/522840348666503169/OgWTsyKo_bigger.jpeg,RafaelFe1,https://twitter.com/RafaelFe1,
http://pbs.twimg.com/profile_images/1423406701/Itsssss_meeeeeeee_bigger.JPG,vijayvasunair,https://twitter.com/vijayvasunair,
http://pbs.twimg.com/profile_images/558490451565899780/98qOlLFg_bigger.jpeg,_ATeaCup,https://twitter.com/_ATeaCup,
http://pbs.twimg.com/profile_images/545993827073277952/K3WgrII7_bigger.jpeg,sarath_ssk,https://twitter.com/sarath_ssk,
http://pbs.twimg.com/profile_images/556039319610068992/QBRvYPBb_bigger.jpeg,Vijayan_ksn,https://twitter.com/Vijayan_ksn,
http://pbs.twimg.com/profile_images/556060287636234240/_K1aRuYq_bigger.jpeg,mgvinothkamal,https://twitter.com/mgvinothkamal,
http://pbs.twimg.com/profile_images/534303074819403776/v2G71wmo_bigger.jpeg,Muneema,https://twitter.com/Muneema,
http://pbs.twimg.com/profile_images/3212006987/9ea7e84016afb91bbbe28e17832b474c_bigger.jpeg,Sdhayalarajan,https://twitter.com/Sdhayalarajan,
http://pbs.twimg.com/profile_images/555575464039690240/bd6E5r66_bigger.jpeg,AyanPradeesh,https://twitter.com/AyanPradeesh,
http://pbs.twimg.com/profile_images/514661292372541441/mnz6wJzs_bigger.jpeg,Sabine_Klug,https://twitter.com/Sabine_Klug,
http://pbs.twimg.com/profile_images/512536276646379520/hVQ4d-wj_bigger.jpeg,iMaxRoth,https://twitter.com/iMaxRoth,
http://pbs.twimg.com/profile_images/514006694276247552/DrL5H3xZ_bigger.jpeg,LauraSchuhmach,https://twitter.com/LauraSchuhmach,
http://pbs.twimg.com/profile_images/1322456871/161686044712_bigger.jpg,Diane_Chokshi,https://twitter.com/Diane_Chokshi,
http://pbs.twimg.com/profile_images/536927479437352960/nSKunenf_bigger.jpeg,vishal_Rawlani,https://twitter.com/vishal_Rawlani,
http://pbs.twimg.com/profile_images/538784454362144768/Nc6I5Lhe_bigger.jpeg,hari_durairaj,https://twitter.com/hari_durairaj,
http://pbs.twimg.com/profile_images/477531935967674368/C0wUHmdl_bigger.jpeg,BigB_Scoopit,https://twitter.com/BigB_Scoopit,
http://pbs.twimg.com/profile_images/514657416965652480/YLRuSPk2_bigger.jpeg,Vanessa_Achen,https://twitter.com/Vanessa_Achen,
http://pbs.twimg.com/profile_images/519541208545116160/OL762EEd_bigger.jpeg,Veedisha0123,https://twitter.com/Veedisha0123,
http://pbs.twimg.com/profile_images/559892803015041024/gaCG9Uhc_bigger.jpeg,AjnSfc,https://twitter.com/AjnSfc,
http://pbs.twimg.com/profile_images/558584686083993600/IYIQiTph_bigger.jpeg,Avinashn_,https://twitter.com/Avinashn_,
http://pbs.twimg.com/profile_images/506438791104458753/WOXJqi9f_bigger.jpeg,Le_MovieFanatic,https://twitter.com/Le_MovieFanatic,
http://pbs.twimg.com/profile_images/529297283381080065/YjKbaFRb_bigger.jpeg,HariomKhanna,https://twitter.com/HariomKhanna,
http://pbs.twimg.com/profile_images/556372079797616640/Uh5akynl_bigger.jpeg,kiran_p21,https://twitter.com/kiran_p21,
http://pbs.twimg.com/profile_images/529284356712325120/8Wq7rhBo_bigger.jpeg,HaramHey,https://twitter.com/HaramHey,
http://pbs.twimg.com/profile_images/529290533017890816/Z-CvZQaK_bigger.jpeg,VikzzD,https://twitter.com/VikzzD,
http://pbs.twimg.com/profile_images/2510813810/w2kznl6e8vkvoa4hjtbc_bigger.jpeg,itzkvr,https://twitter.com/itzkvr,
http://pbs.twimg.com/profile_images/552511326803603456/1n0crGNB_bigger.jpeg,krrishmehu,https://twitter.com/krrishmehu,
http://pbs.twimg.com/profile_images/529286694462160898/WJDVAJoZ_bigger.jpeg,AbassZack,https://twitter.com/AbassZack,
http://pbs.twimg.com/profile_images/529300439297060864/g2VTDKAW_bigger.jpeg,Karmavish,https://twitter.com/Karmavish,
http://pbs.twimg.com/profile_images/549110780843417600/XelizDnM_bigger.jpeg,iPranavsatya,https://twitter.com/iPranavsatya,
http://pbs.twimg.com/profile_images/548196763371196416/pgcOH4Yt_bigger.jpeg,BoxOffice_TN,https://twitter.com/BoxOffice_TN,
http://pbs.twimg.com/profile_images/529303388798726144/hLn0Niyi_bigger.jpeg,GhoaslP,https://twitter.com/GhoaslP,
http://pbs.twimg.com/profile_images/548562715497607169/3ytRvl3G_bigger.jpeg,M2014Senthilr,https://twitter.com/M2014Senthilr,
http://pbs.twimg.com/profile_images/530975966126829568/gE3yOOIw_bigger.jpeg,Ajesh_VjAddictz,https://twitter.com/Ajesh_VjAddictz,
http://pbs.twimg.com/profile_images/559650126747033601/2UTqFOUm_bigger.jpeg,iamjuvi,https://twitter.com/iamjuvi,
http://pbs.twimg.com/profile_images/555384818616123392/MRMBky4x_bigger.jpeg,VenkatLovesYou,https://twitter.com/VenkatLovesYou,
http://pbs.twimg.com/profile_images/1856403364/siv_bigger.jpg,avisbliss,https://twitter.com/avisbliss,
http://pbs.twimg.com/profile_images/520969857903243266/V7jzTCF6_bigger.jpeg,Dorothy7Schu,https://twitter.com/Dorothy7Schu,
http://pbs.twimg.com/profile_images/559298370515111937/KYBJmQek_bigger.jpeg,AnjaanMasss,https://twitter.com/AnjaanMasss,
http://pbs.twimg.com/profile_images/526030139897810944/ybEtxF7I_bigger.png,KolkataInsider,https://twitter.com/KolkataInsider,
http://pbs.twimg.com/profile_images/474227672764010496/d9uSRMEo_bigger.jpeg,D_Pa_Yan,https://twitter.com/D_Pa_Yan,
http://pbs.twimg.com/profile_images/451736844170850305/ZBOU3h4h_bigger.jpeg,RoboticsNewsNow,https://twitter.com/RoboticsNewsNow,
http://pbs.twimg.com/profile_images/2952433024/0e6b37b7e6a6afd72c7d64bb2a88daa6_bigger.png,indiflip,https://twitter.com/indiflip,
http://pbs.twimg.com/profile_images/507141307911786496/XCSmUuBG_bigger.jpeg,NAGANATHANBOSS,https://twitter.com/NAGANATHANBOSS,
http://pbs.twimg.com/profile_images/559879757681410048/KduXAIZF_bigger.jpeg,andrucharles,https://twitter.com/andrucharles,
http://pbs.twimg.com/profile_images/444105130778968065/ToJS1akt_bigger.jpeg,KatkarKailas,https://twitter.com/KatkarKailas,
http://pbs.twimg.com/profile_images/556519392062619648/BDoe4PVR_bigger.jpeg,nayagansurya22,https://twitter.com/nayagansurya22,
http://pbs.twimg.com/profile_images/1322456876/50934454732_bigger.jpg,Kristina_Adamso,https://twitter.com/Kristina_Adamso,
http://pbs.twimg.com/profile_images/559163579790684160/d1PpID9s_bigger.jpeg,yuyunanggriani1,https://twitter.com/yuyunanggriani1,
http://pbs.twimg.com/profile_images/500872339882389508/h4hKc4Rw_bigger.jpeg,deepkri81,https://twitter.com/deepkri81,
http://pbs.twimg.com/profile_images/524863093159890947/ZTIHG-si_bigger.jpeg,movieaddictapp,https://twitter.com/movieaddictapp,
http://pbs.twimg.com/profile_images/463305154750476288/6rCfTGIl_bigger.jpeg,vkarthiknagaraj,https://twitter.com/vkarthiknagaraj,
http://pbs.twimg.com/profile_images/527694125651349505/Qj8UGzAK_bigger.jpeg,jnjprakash,https://twitter.com/jnjprakash,
http://pbs.twimg.com/profile_images/518009058586939393/SmnSpbEP_bigger.jpeg,anshulsingal,https://twitter.com/anshulsingal,
http://pbs.twimg.com/profile_images/557338142638764033/G2Mxc7ff_bigger.jpeg,VijayBharathi12,https://twitter.com/VijayBharathi12,
http://pbs.twimg.com/profile_images/483188010259734529/B6855rAn_bigger.jpeg,wvpakis,https://twitter.com/wvpakis,
http://pbs.twimg.com/profile_images/558674375688216576/UangZmra_bigger.jpeg,anand73372896,https://twitter.com/anand73372896,
http://pbs.twimg.com/profile_images/514012964878180354/HAao4W3__bigger.jpeg,iJohannaPeters,https://twitter.com/iJohannaPeters,
http://pbs.twimg.com/profile_images/559341058635472898/9CeD_8Ys_bigger.jpeg,shivajisajiv2,https://twitter.com/shivajisajiv2,
http://pbs.twimg.com/profile_images/522475003120345088/GTsEYE9a_bigger.jpeg,Leonora5More,https://twitter.com/Leonora5More,
http://pbs.twimg.com/profile_images/551587339072319488/GyW5ui8x_bigger.jpeg,linkham116,https://twitter.com/linkham116,
http://pbs.twimg.com/profile_images/544558897499889666/p6fJ8f9l_bigger.jpeg,raginipun,https://twitter.com/raginipun,
http://pbs.twimg.com/profile_images/556881519260606464/s1xOeitx_bigger.jpeg,ZhakeerKhan,https://twitter.com/ZhakeerKhan,
http://pbs.twimg.com/profile_images/528315555137060865/_2Ly0raP_bigger.jpeg,DTNKerala,https://twitter.com/DTNKerala,
http://pbs.twimg.com/profile_images/559006424991141888/3j9yvm6v_bigger.jpeg,imRizwanMulani,https://twitter.com/imRizwanMulani,
http://pbs.twimg.com/profile_images/499950661404864512/apt9lo3s_bigger.jpeg,GayatriRao4,https://twitter.com/GayatriRao4,
http://pbs.twimg.com/profile_images/491071039313440768/m24MgSPX_bigger.jpeg,Sridevi_Admirer,https://twitter.com/Sridevi_Admirer,
http://pbs.twimg.com/profile_images/554296225696985088/sRT4kTEm_bigger.jpeg,Vjzealot,https://twitter.com/Vjzealot,
http://pbs.twimg.com/profile_images/551291697351503872/7cP1c2R0_bigger.jpeg,SatelliteRightz,https://twitter.com/SatelliteRightz,
http://pbs.twimg.com/profile_images/491091004242403329/4dhkTY29_bigger.jpeg,Sridevi_Fans,https://twitter.com/Sridevi_Fans,
http://abs.twimg.com/sticky/default_profile_images/default_profile_5_bigger.png,PadiyarHarish,https://twitter.com/PadiyarHarish,
http://pbs.twimg.com/profile_images/99320828/AB_Pic_bigger.jpg,Bhattacharya_A,https://twitter.com/Bhattacharya_A,
http://pbs.twimg.com/profile_images/491812348223438848/C2k_oCtf_bigger.jpeg,Sridevi_Deewana,https://twitter.com/Sridevi_Deewana,
http://pbs.twimg.com/profile_images/450249966158508033/EG5et3xr_bigger.jpeg,RituMaska,https://twitter.com/RituMaska,
http://pbs.twimg.com/profile_images/439636071622524929/AALgw3fm_bigger.jpeg,AvinashGoraksha,https://twitter.com/AvinashGoraksha,
http://pbs.twimg.com/profile_images/555257728478629888/RA0SZgq5_bigger.jpeg,arunbabajap,https://twitter.com/arunbabajap,
http://abs.twimg.com/sticky/default_profile_images/default_profile_6_bigger.png,tarunHINDUsahni,https://twitter.com/tarunHINDUsahni,
http://pbs.twimg.com/profile_images/545638306117988352/JQGh1EEp_bigger.jpeg,IdiotsruthiRaja,https://twitter.com/IdiotsruthiRaja,
http://pbs.twimg.com/profile_images/557230929022693377/kNDSNX-F_bigger.jpeg,Am_JOKER_,https://twitter.com/Am_JOKER_,
http://abs.twimg.com/sticky/default_profile_images/default_profile_2_bigger.png,TamilBestComedy,https://twitter.com/TamilBestComedy,
http://pbs.twimg.com/profile_images/508446944914452480/yhhA1_YG_bigger.jpeg,gkanth1976,https://twitter.com/gkanth1976,
http://pbs.twimg.com/profile_images/555403408983601154/V6xuw23E_bigger.jpeg,Harimhs49,https://twitter.com/Harimhs49,
http://pbs.twimg.com/profile_images/557346149586046977/pDgyD3UD_bigger.jpeg,huwainiimamah,https://twitter.com/huwainiimamah,
http://pbs.twimg.com/profile_images/3143386422/17bcc500c0167daaf5acde174ed88bbc_bigger.jpeg,SSenthaa,https://twitter.com/SSenthaa,
http://pbs.twimg.com/profile_images/556510855970320384/tLynBy-j_bigger.jpeg,Gunasmarty,https://twitter.com/Gunasmarty,
http://pbs.twimg.com/profile_images/3068411877/dd2005037fa89f9812948d9bb870079c_bigger.jpeg,ritupandey7,https://twitter.com/ritupandey7,
http://pbs.twimg.com/profile_images/552691306074353666/gJrkgA6w_bigger.jpeg,Rangasamy_A,https://twitter.com/Rangasamy_A,
http://pbs.twimg.com/profile_images/555724680967909376/g1oMmJMW_bigger.jpeg,dgr_govind,https://twitter.com/dgr_govind,
http://pbs.twimg.com/profile_images/557506734986502144/n2tAD_ll_bigger.jpeg,PalliBataniAP,https://twitter.com/PalliBataniAP,
http://pbs.twimg.com/profile_images/558019649418579969/wOEVr0j5_bigger.jpeg,Anithasvjsis,https://twitter.com/Anithasvjsis,
http://pbs.twimg.com/profile_images/1845293362/image_bigger.jpg,FauziOg,https://twitter.com/FauziOg,
http://pbs.twimg.com/profile_images/552146345390116866/liLrYSxZ_bigger.jpeg,drbabudhanush,https://twitter.com/drbabudhanush,
http://pbs.twimg.com/profile_images/522469587766362112/AOEDtRY9_bigger.jpeg,Mai4Kugler,https://twitter.com/Mai4Kugler,
http://pbs.twimg.com/profile_images/557227530524971009/1LEZLIRm_bigger.jpeg,DrglutHere,https://twitter.com/DrglutHere,
http://pbs.twimg.com/profile_images/540912247200309249/xlHpz8_O_bigger.jpeg,devashak,https://twitter.com/devashak,
http://pbs.twimg.com/profile_images/556669846532796416/0k_jgB5m_bigger.png,satbookings,https://twitter.com/satbookings,
http://pbs.twimg.com/profile_images/541974564884840448/SMci4Rs-_bigger.jpeg,aktbala,https://twitter.com/aktbala,
http://abs.twimg.com/sticky/default_profile_images/default_profile_4_bigger.png,suriyadhasan,https://twitter.com/suriyadhasan,
http://pbs.twimg.com/profile_images/558589149532258304/P_hMR7pd_bigger.jpeg,KrthckRaja,https://twitter.com/KrthckRaja,
http://pbs.twimg.com/profile_images/557783450745589760/n_YpPAPB_bigger.jpeg,anuragchturvedi,https://twitter.com/anuragchturvedi,
http://pbs.twimg.com/profile_images/522121224244056064/wI44feqZ_bigger.jpeg,WarraneC,https://twitter.com/WarraneC,
http://pbs.twimg.com/profile_images/555611317726224384/vLwVd4SX_bigger.jpeg,iam_gdm,https://twitter.com/iam_gdm,
http://pbs.twimg.com/profile_images/559365473100234753/Zr5S4G6l_bigger.jpeg,Dinesh_Madhan,https://twitter.com/Dinesh_Madhan,
http://pbs.twimg.com/profile_images/1055674548/100_0476_bigger.JPG,csbadri,https://twitter.com/csbadri,
http://pbs.twimg.com/profile_images/488569370260430849/r85FJLb2_bigger.jpeg,crazymedia4U,https://twitter.com/crazymedia4U,
http://pbs.twimg.com/profile_images/504445601195368450/8mgT6QwE_bigger.jpeg,RubenZiliwu2,https://twitter.com/RubenZiliwu2,
http://pbs.twimg.com/profile_images/510139728511791104/S0pX1fII_bigger.jpeg,sumitdaga14,https://twitter.com/sumitdaga14,
http://pbs.twimg.com/profile_images/558569486060507136/OY4qTXPl_bigger.jpeg,yugendran,https://twitter.com/yugendran,
http://pbs.twimg.com/profile_images/552520825455124480/FNRTzybw_bigger.jpeg,rajuu27,https://twitter.com/rajuu27,
http://pbs.twimg.com/profile_images/2274604740/g8mlwr8j8xm6wpypz1r2_bigger.png,southradios,https://twitter.com/southradios,
http://pbs.twimg.com/profile_images/556524833576468480/acNfUa9K_bigger.jpeg,Rajesh_Twittes,https://twitter.com/Rajesh_Twittes,
http://pbs.twimg.com/profile_images/520981694065561600/ATShm-mU_bigger.jpeg,Rafeeqpkv,https://twitter.com/Rafeeqpkv,
http://pbs.twimg.com/profile_images/469099281106731008/AraWZa6i_bigger.jpeg,bisaimedia,https://twitter.com/bisaimedia,
http://pbs.twimg.com/profile_images/504683740316983297/U4fwAnJf_bigger.jpeg,muruganotout,https://twitter.com/muruganotout,
http://pbs.twimg.com/profile_images/450254433746550785/jo4eO7c4_bigger.jpeg,AnandMaskara,https://twitter.com/AnandMaskara,
http://pbs.twimg.com/profile_images/461152414947495937/a-mnIGZB_bigger.jpeg,sarangiju29,https://twitter.com/sarangiju29,
http://pbs.twimg.com/profile_images/2283873939/1l5ja3mbuyv15c9jnj4m_bigger.jpeg,kanted,https://twitter.com/kanted,
http://pbs.twimg.com/profile_images/524321172402356224/ROqleQMT_bigger.jpeg,OsPjj,https://twitter.com/OsPjj,
http://pbs.twimg.com/profile_images/457836551469150208/YQIAl0im_bigger.jpeg,rishabhcktd,https://twitter.com/rishabhcktd,
http://pbs.twimg.com/profile_images/551715504323186688/E1XXaLbv_bigger.jpeg,kumartechs,https://twitter.com/kumartechs,
http://pbs.twimg.com/profile_images/1389732934/DSC00571_bigger.JPG,shenoytech,https://twitter.com/shenoytech,
http://pbs.twimg.com/profile_images/534758628813586432/K-ON7WRr_bigger.jpeg,b91318fb01f14d1,https://twitter.com/b91318fb01f14d1,
http://pbs.twimg.com/profile_images/448532235063283712/pTGz1cwQ_bigger.png,cinepuram,https://twitter.com/cinepuram,
http://pbs.twimg.com/profile_images/515223157829947392/3kigwyfp_bigger.jpeg,eogaja,https://twitter.com/eogaja,
http://pbs.twimg.com/profile_images/559425687363149824/q6srhXtY_bigger.jpeg,Actress_Shobana,https://twitter.com/Actress_Shobana,
http://pbs.twimg.com/profile_images/534598761977098240/dGwnVgcU_bigger.jpeg,latikakapoor17,https://twitter.com/latikakapoor17,
http://pbs.twimg.com/profile_images/553592537596702720/8Sb_7U30_bigger.jpeg,DilliPrabu,https://twitter.com/DilliPrabu,
http://pbs.twimg.com/profile_images/481045041025015808/DKAKY4Cb_bigger.jpeg,anandkrishna021,https://twitter.com/anandkrishna021,
http://pbs.twimg.com/profile_images/529337383733309440/bhS_6KI-_bigger.jpeg,Aruna_Chande,https://twitter.com/Aruna_Chande,
http://abs.twimg.com/sticky/default_profile_images/default_profile_0_bigger.png,SUBBU15061974,https://twitter.com/SUBBU15061974,
http://pbs.twimg.com/profile_images/559218797702168576/RR9NwPJG_bigger.jpeg,bhuvirec,https://twitter.com/bhuvirec,
http://pbs.twimg.com/profile_images/556085165655457794/3UntNJWK_bigger.jpeg,darkmystery01,https://twitter.com/darkmystery01,
http://pbs.twimg.com/profile_images/441758801247481857/wlI0LrTV_bigger.jpeg,srkaravind,https://twitter.com/srkaravind,
http://pbs.twimg.com/profile_images/530409277828001792/at0RSRvR_bigger.jpeg,Akhishek,https://twitter.com/Akhishek,
http://pbs.twimg.com/profile_images/543049376390606848/Uu22t_A7_bigger.jpeg,Premrajkanna,https://twitter.com/Premrajkanna,
http://pbs.twimg.com/profile_images/378800000418460945/57fb61f164154db4cc4d4ef89770281c_bigger.jpeg,onco2000,https://twitter.com/onco2000,
http://pbs.twimg.com/profile_images/529329608605171713/Qofo9JCZ_bigger.jpeg,Anupa_Aggarwal,https://twitter.com/Anupa_Aggarwal,
http://pbs.twimg.com/profile_images/550564804922863616/fz9OPygT_bigger.jpeg,ed1486b8bfea482,https://twitter.com/ed1486b8bfea482,
http://pbs.twimg.com/profile_images/551608107776737281/cZkFRmws_bigger.jpeg,vigneshk104,https://twitter.com/vigneshk104,
http://pbs.twimg.com/profile_images/559336067564716032/REgzgwXj_bigger.jpeg,jatadharibiswal,https://twitter.com/jatadharibiswal,
http://pbs.twimg.com/profile_images/554355886282375168/5kdQOjL0_bigger.jpeg,vijisara19,https://twitter.com/vijisara19,
http://pbs.twimg.com/profile_images/533819935894425601/z71mLF8g_bigger.jpeg,Sachin_Senthil,https://twitter.com/Sachin_Senthil,
http://pbs.twimg.com/profile_images/424064792144269314/_jwqpbXt_bigger.jpeg,Chandrunana,https://twitter.com/Chandrunana,
http://pbs.twimg.com/profile_images/524041784154804224/6ZDoaxzY_bigger.jpeg,1992_naveen,https://twitter.com/1992_naveen,
http://pbs.twimg.com/profile_images/524648361945624577/38BHcxWf_bigger.jpeg,Kasey7Noah,https://twitter.com/Kasey7Noah,
http://pbs.twimg.com/profile_images/455237654238351362/DswpJ3qE_bigger.jpeg,Chandavenkates1,https://twitter.com/Chandavenkates1,
http://pbs.twimg.com/profile_images/1392169452/k_bigger.jpg,revanth161096,https://twitter.com/revanth161096,
http://pbs.twimg.com/profile_images/470779599786242048/AJJ9CO1v_bigger.jpeg,YuvaRaj__R,https://twitter.com/YuvaRaj__R,
http://pbs.twimg.com/profile_images/558875425233850370/0ALc-_ty_bigger.jpeg,unnimolpr2014,https://twitter.com/unnimolpr2014,
http://abs.twimg.com/sticky/default_profile_images/default_profile_3_bigger.png,indhujara,https://twitter.com/indhujara,
http://abs.twimg.com/sticky/default_profile_images/default_profile_3_bigger.png,DamuMk,https://twitter.com/DamuMk,
http://pbs.twimg.com/profile_images/542069165352570880/rPvkceMZ_bigger.jpeg,vikrant20031,https://twitter.com/vikrant20031,
http://abs.twimg.com/sticky/default_profile_images/default_profile_4_bigger.png,RamSherakhane,https://twitter.com/RamSherakhane,
