http://pbs.twimg.com/profile_images/2341726876/ndtv240_240_bigger.png,ndtv,https://twitter.com/ndtv,
http://pbs.twimg.com/profile_images/506296747383988224/qAx8cCZ2_bigger.png,the_hindu,https://twitter.com/the_hindu,
http://pbs.twimg.com/profile_images/2284174752/64pe9ctjko2omrtcij7a_bigger.png,TwitterIndia,https://twitter.com/TwitterIndia,
http://pbs.twimg.com/profile_images/557244363374198785/neju5Rxl_bigger.jpeg,davemcclure,https://twitter.com/davemcclure,
http://pbs.twimg.com/profile_images/554207861601865730/EEuN_egp_bigger.jpeg,SwoonyLoony,https://twitter.com/SwoonyLoony,
http://pbs.twimg.com/profile_images/2469312398/53ulyq5k3t7ls1bmrsx7_bigger.png,TheHindu,https://twitter.com/TheHindu,
http://pbs.twimg.com/profile_images/538239180929642497/m3O5M5mE_bigger.png,medianama,https://twitter.com/medianama,
http://pbs.twimg.com/profile_images/533474222761205761/3Pu3ysFP_bigger.png,tinucherian,https://twitter.com/tinucherian,
http://pbs.twimg.com/profile_images/509555973074087936/1Z3BgPbh_bigger.jpeg,v_shakthi,https://twitter.com/v_shakthi,
http://pbs.twimg.com/profile_images/2282657739/9jlk4f5pipjd70i7o8ro_bigger.png,NDTVGadgets,https://twitter.com/NDTVGadgets,
http://pbs.twimg.com/profile_images/378800000671458948/a1dcde28e9b09246f9e37f8d3bddeac0_bigger.jpeg,kenyanpundit,https://twitter.com/kenyanpundit,
http://pbs.twimg.com/profile_images/550646896780251136/5v0Yk1iU_bigger.jpeg,madversity,https://twitter.com/madversity,
http://pbs.twimg.com/profile_images/471514313891389440/E6s8G6MP_bigger.jpeg,NewIndianXpress,https://twitter.com/NewIndianXpress,
http://pbs.twimg.com/profile_images/467207061441241088/vD_zFYix_bigger.jpeg,centerofright,https://twitter.com/centerofright,
http://pbs.twimg.com/profile_images/2165228692/Boorstin_TwitterAvatar_Blue_bigger.JPG,JBoorstin,https://twitter.com/JBoorstin,
http://pbs.twimg.com/profile_images/467580905314209792/YR90iwYs_bigger.jpeg,milindkhandekar,https://twitter.com/milindkhandekar,
http://pbs.twimg.com/profile_images/465388907526230016/cTt4fVZ0_bigger.jpeg,rsjaitly,https://twitter.com/rsjaitly,
http://pbs.twimg.com/profile_images/550479892018515968/ImvY6zUn_bigger.jpeg,PratiikRege,https://twitter.com/PratiikRege,
http://pbs.twimg.com/profile_images/3497459799/132ba3226fd809b15c18edd4d5a6b9f6_bigger.jpeg,PixelProject,https://twitter.com/PixelProject,
http://pbs.twimg.com/profile_images/549526904978432001/pNwyVkKF_bigger.jpeg,witchybitchygal,https://twitter.com/witchybitchygal,
http://pbs.twimg.com/profile_images/478880248499425280/-K4V4e8R_bigger.png,HRCIndia,https://twitter.com/HRCIndia,
http://pbs.twimg.com/profile_images/555348266875756544/SIA7-2qc_bigger.jpeg,saffrontrail,https://twitter.com/saffrontrail,
http://pbs.twimg.com/profile_images/551639389416075265/MU1JqjJc_bigger.jpeg,beastoftraal,https://twitter.com/beastoftraal,
http://pbs.twimg.com/profile_images/544491802640674817/OouqcR58_bigger.jpeg,ShaaFeeQ,https://twitter.com/ShaaFeeQ,
http://pbs.twimg.com/profile_images/556500181311451136/fjWSdShp_bigger.jpeg,GautamGhosh,https://twitter.com/GautamGhosh,
http://pbs.twimg.com/profile_images/518627981690810368/nn3aiZAo_bigger.jpeg,Funny_Leone,https://twitter.com/Funny_Leone,
http://pbs.twimg.com/profile_images/555547275435319296/A5JUt2uI_bigger.jpeg,kvox,https://twitter.com/kvox,
http://pbs.twimg.com/profile_images/481679948134903808/HramWW0Y_bigger.jpeg,HottiShotty,https://twitter.com/HottiShotty,
http://pbs.twimg.com/profile_images/459311533676167168/72OYr6Ow_bigger.jpeg,OneindiaKannada,https://twitter.com/OneindiaKannada,
http://pbs.twimg.com/profile_images/424339616523894784/UxJVpxSb_bigger.jpeg,pjain,https://twitter.com/pjain,
http://pbs.twimg.com/profile_images/785493596/c_bigger.jpg,Campaign_India,https://twitter.com/Campaign_India,
http://pbs.twimg.com/profile_images/557397922648961024/R1yPrJqw_bigger.jpeg,tomliniaz,https://twitter.com/tomliniaz,
http://pbs.twimg.com/profile_images/499189982079102976/c-0Q_UI4_bigger.jpeg,RubenZiliwu,https://twitter.com/RubenZiliwu,
http://pbs.twimg.com/profile_images/455571641515245568/QK4lmL3V_bigger.jpeg,CareersAtDell,https://twitter.com/CareersAtDell,
http://pbs.twimg.com/profile_images/497238472134909952/uhCKuJ76_bigger.png,CMofKarnataka,https://twitter.com/CMofKarnataka,
http://pbs.twimg.com/profile_images/2533346695/nfx7xvk6g490jcwl4ws6_bigger.jpeg,realitycheckind,https://twitter.com/realitycheckind,
http://pbs.twimg.com/profile_images/460432747765313536/sDtreSAb_bigger.jpeg,alexwilliams,https://twitter.com/alexwilliams,
http://pbs.twimg.com/profile_images/212062041/seo-newz_bigger.jpg,SEOnewz,https://twitter.com/SEOnewz,
http://pbs.twimg.com/profile_images/554857125856296960/Chlp3TIz_bigger.png,DBebookSoftware,https://twitter.com/DBebookSoftware,
http://pbs.twimg.com/profile_images/554304699675865088/kLDDDvCP_bigger.jpeg,2kdei,https://twitter.com/2kdei,
http://pbs.twimg.com/profile_images/419342509706190848/BMijSGUB_bigger.jpeg,bengalurufc,https://twitter.com/bengalurufc,
http://pbs.twimg.com/profile_images/455958044392701953/JhNgsuwf_bigger.png,zipdial,https://twitter.com/zipdial,
http://pbs.twimg.com/profile_images/423005168183951360/SCD_MJVa_bigger.jpeg,HockeyStickWkly,https://twitter.com/HockeyStickWkly,
http://pbs.twimg.com/profile_images/555776895615131649/QNatDKQR_bigger.jpeg,Sarcaism,https://twitter.com/Sarcaism,
http://pbs.twimg.com/profile_images/556230612902608896/pMiqoOnr_bigger.jpeg,DouglasCrets,https://twitter.com/DouglasCrets,
http://pbs.twimg.com/profile_images/182593072/crazyteacher_bigger.png,danquincy,https://twitter.com/danquincy,
http://pbs.twimg.com/profile_images/378800000862034875/0wblfXPN_bigger.jpeg,genderlogindia,https://twitter.com/genderlogindia,
http://pbs.twimg.com/profile_images/461513256910090240/Ej5lgfQh_bigger.png,IndianGuru,https://twitter.com/IndianGuru,
http://pbs.twimg.com/profile_images/549274292316540928/hjXHhyJo_bigger.jpeg,oconnellaido,https://twitter.com/oconnellaido,
http://pbs.twimg.com/profile_images/481947020215582722/CsOXt8NB_bigger.jpeg,LeeBogner,https://twitter.com/LeeBogner,
http://pbs.twimg.com/profile_images/1277800208/Vikas_SN_bigger.jpg,tsuvik,https://twitter.com/tsuvik,
http://pbs.twimg.com/profile_images/272940548/Madan2-Singapore_bigger.jpg,MadanRao,https://twitter.com/MadanRao,
http://pbs.twimg.com/profile_images/508134849467523072/fNy00Zpw_bigger.png,RJPallavii,https://twitter.com/RJPallavii,
http://pbs.twimg.com/profile_images/553131369996374016/gpoZpvDh_bigger.jpeg,schmmuck,https://twitter.com/schmmuck,
http://pbs.twimg.com/profile_images/71193460/vfreshers_bigger.png,vfreshers,https://twitter.com/vfreshers,
http://pbs.twimg.com/profile_images/553615146505867264/PEf6UPq8_bigger.jpeg,MaryamRizviSays,https://twitter.com/MaryamRizviSays,
http://pbs.twimg.com/profile_images/1308737994/c343e5b5-47c5-4d1b-9ee8-83889730f573_bigger.png,vasudevg,https://twitter.com/vasudevg,
http://pbs.twimg.com/profile_images/510117456367480832/kHmqSgGn_bigger.jpeg,jeganjeeva,https://twitter.com/jeganjeeva,
http://pbs.twimg.com/profile_images/463705376991375360/wFM1_muc_bigger.png,MuthuKrish7,https://twitter.com/MuthuKrish7,
http://pbs.twimg.com/profile_images/556681505137635328/lzNa2SMc_bigger.jpeg,lotsoflovezarry,https://twitter.com/lotsoflovezarry,
http://pbs.twimg.com/profile_images/536772407898296320/mTRitga8_bigger.jpeg,megameetei,https://twitter.com/megameetei,
http://pbs.twimg.com/profile_images/529105670700666880/JtB81ZsV_bigger.jpeg,meetiboy,https://twitter.com/meetiboy,
http://pbs.twimg.com/profile_images/533485710645268480/VVmqVbqY_bigger.jpeg,BeingPractical,https://twitter.com/BeingPractical,
http://pbs.twimg.com/profile_images/555631986442653696/lSsvj9UI_bigger.jpeg,SSohaard,https://twitter.com/SSohaard,
http://pbs.twimg.com/profile_images/1694705835/court-hammer_1_bigger.jpg,JudiciaryNews,https://twitter.com/JudiciaryNews,
http://pbs.twimg.com/profile_images/1118933029/TrendsMap-Logo-_Dark___1__bigger.png,TrendsBangalore,https://twitter.com/TrendsBangalore,
http://pbs.twimg.com/profile_images/428499237836300288/yvuJNmg__bigger.jpeg,fjimenez1983,https://twitter.com/fjimenez1983,
http://pbs.twimg.com/profile_images/3500927490/45caec7fbbf62ef75365abcf6d55e246_bigger.jpeg,abhishekmgupta,https://twitter.com/abhishekmgupta,
http://pbs.twimg.com/profile_images/429882884707475456/bOcb6Hni_bigger.jpeg,BloreConnect,https://twitter.com/BloreConnect,
http://pbs.twimg.com/profile_images/428105250071773184/0mWOALUZ_bigger.jpeg,RaoPratiksha,https://twitter.com/RaoPratiksha,
http://pbs.twimg.com/profile_images/552331770394198016/Vby8MLPb_bigger.jpeg,genesiaalves,https://twitter.com/genesiaalves,
http://pbs.twimg.com/profile_images/455284117538484224/_gDdIUeL_bigger.jpeg,TumKaun,https://twitter.com/TumKaun,
http://pbs.twimg.com/profile_images/478956748825321472/fB_gG0aA_bigger.jpeg,rajvj,https://twitter.com/rajvj,
http://pbs.twimg.com/profile_images/523012849543573505/XGVBk9Jt_bigger.jpeg,citizenmatters,https://twitter.com/citizenmatters,
http://pbs.twimg.com/profile_images/553288317509177344/y1e0Rht7_bigger.jpeg,bengaliCEO,https://twitter.com/bengaliCEO,
http://pbs.twimg.com/profile_images/540119164728246272/tyCGqFwZ_bigger.jpeg,s_v_g,https://twitter.com/s_v_g,
http://pbs.twimg.com/profile_images/2659584493/01a6d0a1ea83deca626c8a5dfe39b3ee_bigger.jpeg,adi7anand,https://twitter.com/adi7anand,
http://pbs.twimg.com/profile_images/460901852217749504/8-Bsws26_bigger.jpeg,davidwolman,https://twitter.com/davidwolman,
http://pbs.twimg.com/profile_images/544034757730779136/-jOL7GnN_bigger.jpeg,javascriptd,https://twitter.com/javascriptd,
http://pbs.twimg.com/profile_images/516313775587094528/7cnZwPHm_bigger.png,technopicks,https://twitter.com/technopicks,
http://pbs.twimg.com/profile_images/1242065701/Search4_logo_magnifying_glass_bigger.PNG,India_Jobs_,https://twitter.com/India_Jobs_,
http://pbs.twimg.com/profile_images/2750269744/546c018bfe2ef7079e7c7d453a2bfce8_bigger.jpeg,SchwartzNow,https://twitter.com/SchwartzNow,
http://pbs.twimg.com/profile_images/545202558927511553/UXZQWEKb_bigger.jpeg,_yes2life,https://twitter.com/_yes2life,
http://pbs.twimg.com/profile_images/529493967864221696/X4xVsKZ4_bigger.jpeg,oneindiatravel,https://twitter.com/oneindiatravel,
http://pbs.twimg.com/profile_images/542767987103518720/rnXmfKBK_bigger.jpeg,HDLindia,https://twitter.com/HDLindia,
http://pbs.twimg.com/profile_images/553093997493616641/NYEIVjff_bigger.jpeg,avarakai,https://twitter.com/avarakai,
http://pbs.twimg.com/profile_images/529232994699984896/qIhpcrpp_bigger.jpeg,chennaikat,https://twitter.com/chennaikat,
http://pbs.twimg.com/profile_images/490855650155458563/Qe11umnX_bigger.jpeg,UnitedsRed,https://twitter.com/UnitedsRed,
http://pbs.twimg.com/profile_images/478227102114664448/adHEFTj9_bigger.jpeg,brij,https://twitter.com/brij,
http://pbs.twimg.com/profile_images/520323327932379137/4zFtPbxT_bigger.jpeg,NadheemI,https://twitter.com/NadheemI,
http://pbs.twimg.com/profile_images/529232321405128704/CWLCgwXL_bigger.jpeg,TechieTurf,https://twitter.com/TechieTurf,
http://pbs.twimg.com/profile_images/1467233462/capsule_bigger.jpg,MediaCapsules,https://twitter.com/MediaCapsules,
http://pbs.twimg.com/profile_images/378800000063864747/37f99859de71cdff18fd9d279be3de89_bigger.jpeg,NairArun,https://twitter.com/NairArun,
http://pbs.twimg.com/profile_images/3609182591/7b425a15df4dd3576826e63afe73b3da_bigger.jpeg,vickilaszlo,https://twitter.com/vickilaszlo,
http://pbs.twimg.com/profile_images/462046097435680770/Gu9CwaMb_bigger.jpeg,atulkarmarkar,https://twitter.com/atulkarmarkar,
http://pbs.twimg.com/profile_images/487246531674652674/16cU36wz_bigger.jpeg,fabiovanorio,https://twitter.com/fabiovanorio,
http://pbs.twimg.com/profile_images/447047533911490560/iu9Fh4U7_bigger.jpeg,rimeswithcya,https://twitter.com/rimeswithcya,
http://pbs.twimg.com/profile_images/550960568379510784/FPEVaz8j_bigger.jpeg,Sijism,https://twitter.com/Sijism,
http://pbs.twimg.com/profile_images/553251299592925185/zFpp--FD_bigger.jpeg,brandbull,https://twitter.com/brandbull,
http://pbs.twimg.com/profile_images/675505459/globe-africa-countries_bigger.jpg,advertigo,https://twitter.com/advertigo,
http://pbs.twimg.com/profile_images/3672124137/2b015e2f48720df30efda455585dbc16_bigger.jpeg,djravish,https://twitter.com/djravish,
http://pbs.twimg.com/profile_images/1271127705/logo-star_bigger.png,hasjob,https://twitter.com/hasjob,
http://pbs.twimg.com/profile_images/378800000347867191/dd202726ef0dbd7ee9aa40ff8e6ab429_bigger.png,classi4u,https://twitter.com/classi4u,
http://pbs.twimg.com/profile_images/1985503839/rubyconindiatalk2012_bigger.png,ponnappa,https://twitter.com/ponnappa,
http://pbs.twimg.com/profile_images/556761578406551552/4lb4Um7A_bigger.jpeg,HariharanJosep,https://twitter.com/HariharanJosep,
http://pbs.twimg.com/profile_images/2806692388/7f7a9415915cbc2365b4fc038d337168_bigger.jpeg,panjamirtham,https://twitter.com/panjamirtham,
http://pbs.twimg.com/profile_images/556355330/propertywala_icon_64_bigger_1__bigger.png,propertiesindia,https://twitter.com/propertiesindia,
http://pbs.twimg.com/profile_images/556803204743053312/Zz0i3h3X_bigger.jpeg,prats_39,https://twitter.com/prats_39,
http://pbs.twimg.com/profile_images/502601328791539712/rweKCUoq_bigger.jpeg,gwestr,https://twitter.com/gwestr,
http://pbs.twimg.com/profile_images/114680511/twitter_logo_bg_bigger.gif,careerage,https://twitter.com/careerage,
http://pbs.twimg.com/profile_images/473333646238044161/2BsC2lsf_bigger.jpeg,fundoodata,https://twitter.com/fundoodata,
http://pbs.twimg.com/profile_images/536493376611160064/9ORXLhjw_bigger.jpeg,srivatsayb,https://twitter.com/srivatsayb,
http://pbs.twimg.com/profile_images/3753522363/35cd9290042c98340acf6f0003213722_bigger.png,theladiesfinger,https://twitter.com/theladiesfinger,
http://pbs.twimg.com/profile_images/556016922987220994/OsMdMcHO_bigger.jpeg,BombayBellyrina,https://twitter.com/BombayBellyrina,
http://pbs.twimg.com/profile_images/555227721400217600/ebeJnCDz_bigger.png,alma,https://twitter.com/alma,
http://pbs.twimg.com/profile_images/2459103235/RSD-Logo_bigger.png,RSDCollects,https://twitter.com/RSDCollects,
http://pbs.twimg.com/profile_images/539657372847722496/IGLtHJpI_bigger.jpeg,BeingTali,https://twitter.com/BeingTali,
http://pbs.twimg.com/profile_images/515508357818380288/ZAfz4ji0_bigger.jpeg,Scootywaali,https://twitter.com/Scootywaali,
http://pbs.twimg.com/profile_images/2528079733/m42u2wkwcg4tzdg1iie9_bigger.jpeg,tozehnder,https://twitter.com/tozehnder,
http://pbs.twimg.com/profile_images/519356777108750336/ahgE3bXT_bigger.jpeg,india24xyz,https://twitter.com/india24xyz,
http://pbs.twimg.com/profile_images/3320285682/6761a1af58a5c574b3e964ea1a5780c6_bigger.png,CaterinaDoglio,https://twitter.com/CaterinaDoglio,
http://pbs.twimg.com/profile_images/556854227432005632/ZQ7vc5Im_bigger.jpeg,SilllyChicken,https://twitter.com/SilllyChicken,
http://pbs.twimg.com/profile_images/552231854212780032/VxcUm5RY_bigger.png,TwitterWomen,https://twitter.com/TwitterWomen,
http://pbs.twimg.com/profile_images/550527614012514304/K8vi4e5S_bigger.jpeg,nohrgyan,https://twitter.com/nohrgyan,
http://pbs.twimg.com/profile_images/503577960448659456/pJsBFBqO_bigger.jpeg,_LazyGal,https://twitter.com/_LazyGal,
http://pbs.twimg.com/profile_images/514053806791733248/jCGbfUCt_bigger.jpeg,nikhilnulkar,https://twitter.com/nikhilnulkar,
http://pbs.twimg.com/profile_images/541240752479547392/3RmL75Id_bigger.jpeg,poojasareen90,https://twitter.com/poojasareen90,
http://pbs.twimg.com/profile_images/3659747805/d555eb2046f43fab2ab008ccea769762_bigger.png,explara,https://twitter.com/explara,
http://pbs.twimg.com/profile_images/512262520342454272/NRXAtlHg_bigger.jpeg,DainaMiddleton,https://twitter.com/DainaMiddleton,
http://pbs.twimg.com/profile_images/490529488812249089/VSkIhqw3_bigger.jpeg,OrganisedCrimes,https://twitter.com/OrganisedCrimes,
http://pbs.twimg.com/profile_images/550775869/desi_bigger.jpg,desicreative,https://twitter.com/desicreative,
http://pbs.twimg.com/profile_images/56455064/Luc-zw_bigger.jpg,vanpoelje,https://twitter.com/vanpoelje,
http://pbs.twimg.com/profile_images/543084399588155392/X4wlzUWm_bigger.jpeg,terminalfix,https://twitter.com/terminalfix,
http://pbs.twimg.com/profile_images/523072443221409792/J8QTpIw2_bigger.jpeg,Hitarth1987,https://twitter.com/Hitarth1987,
http://pbs.twimg.com/profile_images/502602314587181056/jX6oNLvP_bigger.png,sodesignin,https://twitter.com/sodesignin,
http://pbs.twimg.com/profile_images/553625346507931648/GwUL1O1J_bigger.jpeg,shaksingh,https://twitter.com/shaksingh,
http://pbs.twimg.com/profile_images/438792459493965824/wdUlYjxN_bigger.jpeg,Methone,https://twitter.com/Methone,
http://pbs.twimg.com/profile_images/458839878491316227/BDvfIhCt_bigger.jpeg,ooomz,https://twitter.com/ooomz,
http://pbs.twimg.com/profile_images/537903793166249985/vivnePQB_bigger.jpeg,Inc42,https://twitter.com/Inc42,
http://pbs.twimg.com/profile_images/721315081/inm1_bigger.jpg,indancemusic,https://twitter.com/indancemusic,
http://pbs.twimg.com/profile_images/519698984453935105/Q2CHN0DZ_bigger.jpeg,rahulanand,https://twitter.com/rahulanand,
http://pbs.twimg.com/profile_images/790482269/sm_it1_bigger.jpg,tech_career,https://twitter.com/tech_career,
http://pbs.twimg.com/profile_images/491072700975026176/JByZwzx1_bigger.jpeg,NudgeIndia,https://twitter.com/NudgeIndia,
http://pbs.twimg.com/profile_images/1132301470/Search4_logo_magnifying_glass_bigger.PNG,Bangalore_Jobs,https://twitter.com/Bangalore_Jobs,
http://pbs.twimg.com/profile_images/436805269189062656/b5onNwH__bigger.jpeg,architaur,https://twitter.com/architaur,
http://pbs.twimg.com/profile_images/412653189133910016/yt878bxT_bigger.jpeg,dilipjain1979,https://twitter.com/dilipjain1979,
http://pbs.twimg.com/profile_images/553170214956052480/qZMXi-5m_bigger.jpeg,dayotunde25,https://twitter.com/dayotunde25,
http://pbs.twimg.com/profile_images/1643038636/Image0017_bigger.jpg,zenpalette,https://twitter.com/zenpalette,
http://pbs.twimg.com/profile_images/526674220348997632/uW8TFM83_bigger.jpeg,SMToolsGo,https://twitter.com/SMToolsGo,
http://pbs.twimg.com/profile_images/3563076874/f5912891006737d242d6c92659b2ea38_bigger.jpeg,manish_vij,https://twitter.com/manish_vij,
http://pbs.twimg.com/profile_images/506150233449832448/68hyFwEa_bigger.jpeg,ShylajaVarma,https://twitter.com/ShylajaVarma,
http://pbs.twimg.com/profile_images/471549657990979584/OudcHY3s_bigger.jpeg,vasantshetty81,https://twitter.com/vasantshetty81,
http://pbs.twimg.com/profile_images/461373823627952128/uU1KZCXq_bigger.jpeg,nvshah,https://twitter.com/nvshah,
http://pbs.twimg.com/profile_images/556724957871226881/T9fVUfcc_bigger.jpeg,DeepakKodela,https://twitter.com/DeepakKodela,
http://pbs.twimg.com/profile_images/532324017789603840/BRSMq6Dq_bigger.jpeg,CoorgRocker,https://twitter.com/CoorgRocker,
http://pbs.twimg.com/profile_images/519686139179851776/Ub9FWwcJ_bigger.png,Aximum_C,https://twitter.com/Aximum_C,
http://pbs.twimg.com/profile_images/482856467263799297/Naoio5hx_bigger.jpeg,HammadRajjoub,https://twitter.com/HammadRajjoub,
http://pbs.twimg.com/profile_images/547397500248674304/gEbG2X_M_bigger.jpeg,DESHBNDHU,https://twitter.com/DESHBNDHU,
http://pbs.twimg.com/profile_images/472252028610039808/L4Y-Mt2d_bigger.jpeg,iVoteForBest,https://twitter.com/iVoteForBest,
http://pbs.twimg.com/profile_images/471322160162553858/gymhwEvv_bigger.jpeg,abhaga,https://twitter.com/abhaga,
http://pbs.twimg.com/profile_images/396213159/sensex_stockup248_bigger.jpg,OnlyStockTips,https://twitter.com/OnlyStockTips,
http://pbs.twimg.com/profile_images/378800000407590977/bdf1f5588127203ecbe971474ba53e91_bigger.jpeg,VeerAvinash,https://twitter.com/VeerAvinash,
http://pbs.twimg.com/profile_images/1440970447/me_-_india_gate_bigger.jpg,aam,https://twitter.com/aam,
http://pbs.twimg.com/profile_images/2867916020/bec6b1d8c2a36af1ea0ba8bb33a0793c_bigger.jpeg,magic_eye,https://twitter.com/magic_eye,
http://pbs.twimg.com/profile_images/517562957652168704/3biKz0KK_bigger.jpeg,ShahnazPakhi,https://twitter.com/ShahnazPakhi,
http://pbs.twimg.com/profile_images/2869454485/0db36ce1b3d9965d2ff362bdb5638e12_bigger.png,lavinaflack7751,https://twitter.com/lavinaflack7751,
http://pbs.twimg.com/profile_images/430906994988310528/L77rxq-Q_bigger.jpeg,komlimedia,https://twitter.com/komlimedia,
http://pbs.twimg.com/profile_images/268313379/heads31_bigger.png,Section31Spy,https://twitter.com/Section31Spy,
http://pbs.twimg.com/profile_images/2844306609/a3b9c778a61c16ea1f7d993ddb991468_bigger.jpeg,jobs_n_jobs,https://twitter.com/jobs_n_jobs,
http://pbs.twimg.com/profile_images/502870277143797760/az9MNAvT_bigger.jpeg,aggraunak,https://twitter.com/aggraunak,
http://pbs.twimg.com/profile_images/555290225442689024/mc_UdQVm_bigger.jpeg,RamchandaniGP,https://twitter.com/RamchandaniGP,
http://pbs.twimg.com/profile_images/546253989541462016/IXloCx3o_bigger.png,huckingfacker,https://twitter.com/huckingfacker,
http://pbs.twimg.com/profile_images/3342266400/0fe1bcd5c1af6c5067796dc28927fd16_bigger.jpeg,MumbaiAngels,https://twitter.com/MumbaiAngels,
http://pbs.twimg.com/profile_images/378800000796119839/3694c7cff477536a021d1b32730e38f2_bigger.jpeg,ktopenn,https://twitter.com/ktopenn,
http://pbs.twimg.com/profile_images/547829163970015232/4UOXkmRb_bigger.jpeg,DavidN,https://twitter.com/DavidN,
http://pbs.twimg.com/profile_images/512319228670533632/zQ552trr_bigger.png,TodayIndiaJobs,https://twitter.com/TodayIndiaJobs,
http://pbs.twimg.com/profile_images/547349386951278592/rDcRinG2_bigger.jpeg,tacobellindia,https://twitter.com/tacobellindia,
http://pbs.twimg.com/profile_images/1502089765/Mig_Flag_Back_bigger.jpg,navymig,https://twitter.com/navymig,
http://pbs.twimg.com/profile_images/1161005822/dwij_bigger.jpg,dwij2u,https://twitter.com/dwij2u,
http://pbs.twimg.com/profile_images/378800000313585620/ae9a96209758ee24998247480a434540_bigger.jpeg,allinsights,https://twitter.com/allinsights,
http://pbs.twimg.com/profile_images/378800000772289935/b3ae6194419e750db17c91100e848c1f_bigger.png,VMwareJobs,https://twitter.com/VMwareJobs,
http://pbs.twimg.com/profile_images/536777587695955969/RmkAGfhO_bigger.jpeg,veenarecruiter,https://twitter.com/veenarecruiter,
http://pbs.twimg.com/profile_images/613215046/500px-Weather-sun-thorm-shower.svg_bigger.png,BloreFeelsLike,https://twitter.com/BloreFeelsLike,
http://pbs.twimg.com/profile_images/502454093864919041/_rFnJ_5R_bigger.jpeg,SabarjitCom,https://twitter.com/SabarjitCom,
http://pbs.twimg.com/profile_images/557214744914821121/Y11PrJ1W_bigger.jpeg,Gopal_45,https://twitter.com/Gopal_45,
http://pbs.twimg.com/profile_images/452988705943216129/ocweExP-_bigger.jpeg,ningarajbjp,https://twitter.com/ningarajbjp,
http://pbs.twimg.com/profile_images/445255128849731584/2FbbVhof_bigger.jpeg,veerpali,https://twitter.com/veerpali,
http://pbs.twimg.com/profile_images/552754720440205312/jk_3T8_n_bigger.jpeg,way2luv,https://twitter.com/way2luv,
http://pbs.twimg.com/profile_images/511785314075942912/_rZNWm-x_bigger.jpeg,Captain_Buns,https://twitter.com/Captain_Buns,
http://pbs.twimg.com/profile_images/2869471499/3c775dbf22ba611a47bed77d08258db4_bigger.jpeg,TDWealthNet,https://twitter.com/TDWealthNet,
http://pbs.twimg.com/profile_images/1708194330/twitter_mbax_bigger_bigger.jpg,mbajobs_asia,https://twitter.com/mbajobs_asia,
http://pbs.twimg.com/profile_images/448005007611138048/jxaFhw8u_bigger.jpeg,iJobsUpdates,https://twitter.com/iJobsUpdates,
http://pbs.twimg.com/profile_images/3447009840/3a73148239c16d64f0fde2e1a4582813_bigger.png,knrglobal,https://twitter.com/knrglobal,
http://pbs.twimg.com/profile_images/547317467417022464/EkCVna_8_bigger.jpeg,mjaikanth,https://twitter.com/mjaikanth,
http://pbs.twimg.com/profile_images/508173307862999041/gc6EcnNw_bigger.jpeg,QueenRaniMishra,https://twitter.com/QueenRaniMishra,
http://pbs.twimg.com/profile_images/424116235433803776/pkQ6iSiD_bigger.png,TopeDigiworks,https://twitter.com/TopeDigiworks,
http://pbs.twimg.com/profile_images/1849903374/miss_m1_bigger.jpg,DebiIsDas,https://twitter.com/DebiIsDas,
http://pbs.twimg.com/profile_images/498733752609026050/Y0PkvV_Z_bigger.png,GopherConIndia,https://twitter.com/GopherConIndia,
http://pbs.twimg.com/profile_images/2701530569/e43acae54661b383dd4163ba413336cf_bigger.jpeg,nebulatech,https://twitter.com/nebulatech,
http://pbs.twimg.com/profile_images/557215336676618240/LcrpGqWE_bigger.jpeg,kaNTRimanu,https://twitter.com/kaNTRimanu,
http://pbs.twimg.com/profile_images/522838786799968256/IvfNVnYl_bigger.jpeg,Neelam1990,https://twitter.com/Neelam1990,
http://pbs.twimg.com/profile_images/508174540992544768/4XWIQKGC_bigger.jpeg,YoYoDSunnySingh,https://twitter.com/YoYoDSunnySingh,
http://pbs.twimg.com/profile_images/1726581351/002_arabskie_loshadki_bigger.jpg,nixon786,https://twitter.com/nixon786,
http://pbs.twimg.com/profile_images/510049654239531008/JiwINZTD_bigger.jpeg,PartyTashu,https://twitter.com/PartyTashu,
http://pbs.twimg.com/profile_images/476012867880120320/uexWMnLJ_bigger.png,SocialPlanneur,https://twitter.com/SocialPlanneur,
http://pbs.twimg.com/profile_images/444772161836695554/7tqIfzZt_bigger.jpeg,ELCITA_IN,https://twitter.com/ELCITA_IN,
http://pbs.twimg.com/profile_images/378800000665272817/1fe5d10f56f32e4397797f6a6018d9eb_bigger.jpeg,phatimah,https://twitter.com/phatimah,
http://pbs.twimg.com/profile_images/508172376928813056/foDbkhMP_bigger.jpeg,TrinaSarkar4,https://twitter.com/TrinaSarkar4,
http://pbs.twimg.com/profile_images/529888483804856320/g6PFoaOw_bigger.jpeg,JWalpole,https://twitter.com/JWalpole,
http://pbs.twimg.com/profile_images/541914826646118400/CXt7Pf4e_bigger.jpeg,sudeershetty,https://twitter.com/sudeershetty,
http://pbs.twimg.com/profile_images/378800000672722015/72b9616ad2d1d2cee81559fc7cf4b597_bigger.jpeg,harishkotian,https://twitter.com/harishkotian,
http://pbs.twimg.com/profile_images/507489799930793984/oeP7MsgJ_bigger.jpeg,PankajLeleSRT,https://twitter.com/PankajLeleSRT,
http://pbs.twimg.com/profile_images/428436132276080641/okTtSoXa_bigger.jpeg,Redfmbengaluru,https://twitter.com/Redfmbengaluru,
http://pbs.twimg.com/profile_images/506359347232788480/PrJ7ujia_bigger.jpeg,thealpha0mega,https://twitter.com/thealpha0mega,
http://pbs.twimg.com/profile_images/3558649944/0cc6a4df51144dd3a1255e9cad0baaa2_bigger.jpeg,Pravashdey,https://twitter.com/Pravashdey,
http://pbs.twimg.com/profile_images/546968019193184256/Ep5X3FKR_bigger.jpeg,lovelysinha5,https://twitter.com/lovelysinha5,
http://pbs.twimg.com/profile_images/1685416384/profile_twitter_bigger.JPG,sushantsinha,https://twitter.com/sushantsinha,
http://pbs.twimg.com/profile_images/464413377368842240/LlxMyEOJ_bigger.jpeg,albertomotta,https://twitter.com/albertomotta,
http://pbs.twimg.com/profile_images/426592823484243968/BcovtroA_bigger.png,o_digest,https://twitter.com/o_digest,
http://pbs.twimg.com/profile_images/440041011754979328/YVHT_Sls_bigger.jpeg,CSharpDFlat,https://twitter.com/CSharpDFlat,
http://pbs.twimg.com/profile_images/468753818201513987/F6vujYPz_bigger.jpeg,IFTTTMarketing,https://twitter.com/IFTTTMarketing,
http://pbs.twimg.com/profile_images/356702607/Parentree-logoimage_bigger.jpg,bangaloreparent,https://twitter.com/bangaloreparent,
http://pbs.twimg.com/profile_images/428436932721266688/zdh6XZp5_bigger.jpeg,sabarish,https://twitter.com/sabarish,
http://pbs.twimg.com/profile_images/534193040382894080/C91AbECv_bigger.jpeg,radharadhakrish,https://twitter.com/radharadhakrish,
http://pbs.twimg.com/profile_images/508181815652143104/P8L9mhsG_bigger.jpeg,RenukaDhar_,https://twitter.com/RenukaDhar_,
http://pbs.twimg.com/profile_images/450232664780337152/L7yqNu-m_bigger.jpeg,alokpandey01,https://twitter.com/alokpandey01,
http://pbs.twimg.com/profile_images/3162324094/ccc374e34a93aa9a7def5c0355ddab6e_bigger.jpeg,pravinmishra88,https://twitter.com/pravinmishra88,
http://pbs.twimg.com/profile_images/549554010525421568/RM_EIGNP_bigger.jpeg,vyavaharkar,https://twitter.com/vyavaharkar,
http://pbs.twimg.com/profile_images/551810375780274176/18lRS8qz_bigger.jpeg,saadshake,https://twitter.com/saadshake,
http://pbs.twimg.com/profile_images/462202817592037376/TPN2xRSj_bigger.png,mefgroup,https://twitter.com/mefgroup,
http://pbs.twimg.com/profile_images/510522478897012736/4R2qumRq_bigger.jpeg,MrJagdeshSingh,https://twitter.com/MrJagdeshSingh,
http://pbs.twimg.com/profile_images/3745119860/2753b93f28d07a30d65062b452d8827f_bigger.jpeg,vardhanvaibhav,https://twitter.com/vardhanvaibhav,
http://pbs.twimg.com/profile_images/506196774940209152/GOw7sRyB_bigger.jpeg,tunisona1,https://twitter.com/tunisona1,
http://pbs.twimg.com/profile_images/522652820596465664/1JsOLmXm_bigger.jpeg,BizNewzOnline,https://twitter.com/BizNewzOnline,
http://pbs.twimg.com/profile_images/3684830878/0214e138e04e47df242cbf3764cdfa42_bigger.png,TomRainser,https://twitter.com/TomRainser,
http://pbs.twimg.com/profile_images/447070297221378048/hzORCDIq_bigger.jpeg,arpitGuitarKING,https://twitter.com/arpitGuitarKING,
http://pbs.twimg.com/profile_images/3595677712/8be61512eee9cc11adc061b36ece4d43_bigger.jpeg,PRNIndia,https://twitter.com/PRNIndia,
http://pbs.twimg.com/profile_images/3543146891/96b9d49d95803609bb2298c7865a797a_bigger.png,skeptichacker,https://twitter.com/skeptichacker,
http://pbs.twimg.com/profile_images/509085305475837952/O1MlW5lG_bigger.jpeg,arisirenita,https://twitter.com/arisirenita,
http://pbs.twimg.com/profile_images/546536284655611904/hDCmCVaU_bigger.jpeg,JagritiTheatre,https://twitter.com/JagritiTheatre,
http://pbs.twimg.com/profile_images/1936442583/marketing_bigger.png,iimjobs_Mark,https://twitter.com/iimjobs_Mark,
http://pbs.twimg.com/profile_images/555737707138146304/dR2b6XB7_bigger.jpeg,ranumini,https://twitter.com/ranumini,
http://pbs.twimg.com/profile_images/555792821181874176/2CxWrogl_bigger.jpeg,jaijinendra108,https://twitter.com/jaijinendra108,
http://pbs.twimg.com/profile_images/1723616434/182912_519108941582_222100050_833000_3795290_n_bigger.jpg,lokallobaat,https://twitter.com/lokallobaat,
http://pbs.twimg.com/profile_images/463209296113586176/_qIcVtI6_bigger.jpeg,PrasantNaidu,https://twitter.com/PrasantNaidu,
http://pbs.twimg.com/profile_images/550365301649338368/2t90i_Jk_bigger.jpeg,IamGeetaSharma,https://twitter.com/IamGeetaSharma,
http://pbs.twimg.com/profile_images/614454574/logoTD_bigger.jpg,TecnoDigitalCR,https://twitter.com/TecnoDigitalCR,
http://pbs.twimg.com/profile_images/555721946520752128/crD4tnsz_bigger.jpeg,I_Dreamist,https://twitter.com/I_Dreamist,
http://pbs.twimg.com/profile_images/506756608525742083/tpvHMXu__bigger.jpeg,ImcoolAnindita,https://twitter.com/ImcoolAnindita,
http://pbs.twimg.com/profile_images/491940789887729664/E_gyh3aA_bigger.jpeg,aminiose,https://twitter.com/aminiose,
http://pbs.twimg.com/profile_images/555671023090012160/qEatRGMj_bigger.jpeg,ALANKGF,https://twitter.com/ALANKGF,
http://pbs.twimg.com/profile_images/506729634579222528/jljMqfwV_bigger.jpeg,MunJain,https://twitter.com/MunJain,
http://pbs.twimg.com/profile_images/451295882403528704/oDBMLb7M_bigger.jpeg,eleanorhorowitz,https://twitter.com/eleanorhorowitz,
http://pbs.twimg.com/profile_images/557017627864752131/KyQrG2_J_bigger.jpeg,pinky_pinkybaby,https://twitter.com/pinky_pinkybaby,
http://pbs.twimg.com/profile_images/2145769200/image_bigger.jpg,AJKelachandra,https://twitter.com/AJKelachandra,
http://pbs.twimg.com/profile_images/554959311089446912/30RRn_ZZ_bigger.jpeg,pefid,https://twitter.com/pefid,
http://pbs.twimg.com/profile_images/1433048663/news_bigger.gif,thenewsyouneed,https://twitter.com/thenewsyouneed,
http://pbs.twimg.com/profile_images/518453811493339137/35eLD8ui_bigger.jpeg,affelah,https://twitter.com/affelah,
http://pbs.twimg.com/profile_images/279670125/The_Paul_Bedroom_2115_bigger.jpg,ThePaulBlr,https://twitter.com/ThePaulBlr,
http://pbs.twimg.com/profile_images/557382526449111040/81j4c1AY_bigger.jpeg,bladenomics,https://twitter.com/bladenomics,
http://pbs.twimg.com/profile_images/483926914197766144/G2L6rDBK_bigger.png,VandanaAtDell,https://twitter.com/VandanaAtDell,
http://pbs.twimg.com/profile_images/457187140787388417/yH0mFwao_bigger.jpeg,SeppBard,https://twitter.com/SeppBard,
http://pbs.twimg.com/profile_images/554197189975474176/zrujJ5Jh_bigger.jpeg,Shashidhar_s,https://twitter.com/Shashidhar_s,
http://pbs.twimg.com/profile_images/270006723/coolgreenbadge_bigger.jpg,ajaxdude,https://twitter.com/ajaxdude,
http://pbs.twimg.com/profile_images/480426610516967425/lu2VF1Zs_bigger.jpeg,ideasingh,https://twitter.com/ideasingh,
http://pbs.twimg.com/profile_images/282050159/agour_bigger.jpg,goursay,https://twitter.com/goursay,
http://pbs.twimg.com/profile_images/3283475337/5785c9d038542b3958463ffc51f8898e_bigger.png,bangalore_pulse,https://twitter.com/bangalore_pulse,
http://pbs.twimg.com/profile_images/445234628907913218/1UFEQ6yW_bigger.jpeg,Nishith23,https://twitter.com/Nishith23,
http://pbs.twimg.com/profile_images/506746460986028032/Zepokc9W_bigger.jpeg,AnkurGoesSocial,https://twitter.com/AnkurGoesSocial,
http://pbs.twimg.com/profile_images/552853435557494786/VqXoHDP9_bigger.jpeg,ChiyaanNaresh,https://twitter.com/ChiyaanNaresh,
http://pbs.twimg.com/profile_images/378800000237127945/4479fca6dcf2cd4e964096f8c0466a81_bigger.jpeg,SamuelSaaS,https://twitter.com/SamuelSaaS,
http://pbs.twimg.com/profile_images/506730718299312129/-5vsfQS2_bigger.jpeg,RumkiBi,https://twitter.com/RumkiBi,
http://pbs.twimg.com/profile_images/511204553857843200/6_WYjvW0_bigger.jpeg,ichbinhari,https://twitter.com/ichbinhari,
http://pbs.twimg.com/profile_images/549159212878540800/xm0hW7ZH_bigger.jpeg,MantriSquare,https://twitter.com/MantriSquare,
http://pbs.twimg.com/profile_images/460092992749973505/NMbXfEyP_bigger.jpeg,sica_soshi,https://twitter.com/sica_soshi,
http://pbs.twimg.com/profile_images/555894280846192640/cu_oCS46_bigger.jpeg,rgopalv,https://twitter.com/rgopalv,
http://pbs.twimg.com/profile_images/449143468141457408/3P9mYlmM_bigger.png,hebron_prop,https://twitter.com/hebron_prop,
http://pbs.twimg.com/profile_images/550267478279208960/NJg10R67_bigger.jpeg,cataclasma,https://twitter.com/cataclasma,
http://pbs.twimg.com/profile_images/415357089884557312/QMRw0YN4_bigger.jpeg,Bangalore5prop,https://twitter.com/Bangalore5prop,
http://pbs.twimg.com/profile_images/530799299286687745/SM_vxjzG_bigger.png,ravikiran_j,https://twitter.com/ravikiran_j,
http://pbs.twimg.com/profile_images/378800000433612582/191bae6765f8ef57225e7f7a2b3d9174_bigger.jpeg,whiskeysocial,https://twitter.com/whiskeysocial,
http://pbs.twimg.com/profile_images/381072302/angular_momentum1_bigger.jpg,dipti_optimus,https://twitter.com/dipti_optimus,
http://pbs.twimg.com/profile_images/548178020133908481/qrtzX07V_bigger.jpeg,payaniga,https://twitter.com/payaniga,
http://pbs.twimg.com/profile_images/477749232867110912/71RVpTX0_bigger.jpeg,amiyapathak,https://twitter.com/amiyapathak,
http://pbs.twimg.com/profile_images/554832593682571265/nzepQktr_bigger.jpeg,craigfonseca,https://twitter.com/craigfonseca,
http://pbs.twimg.com/profile_images/1625333115/tbd2_bigger.jpg,2catch22,https://twitter.com/2catch22,
http://pbs.twimg.com/profile_images/459135571328114688/HKjZYoDS_bigger.jpeg,gfs_venky,https://twitter.com/gfs_venky,
http://pbs.twimg.com/profile_images/474069323032453120/1SLCo7C-_bigger.jpeg,raviteja109,https://twitter.com/raviteja109,
http://pbs.twimg.com/profile_images/281900486/Ram_logo_final_Twitter_2_bigger.jpg,RAMsocialmedia,https://twitter.com/RAMsocialmedia,
http://pbs.twimg.com/profile_images/546027378711867393/N9kZT2dO_bigger.png,ElliotFogg,https://twitter.com/ElliotFogg,
http://pbs.twimg.com/profile_images/3739052805/abc3678092842c536df2a79591f9fd0b_bigger.jpeg,Gana_Dolares_Ya,https://twitter.com/Gana_Dolares_Ya,
http://pbs.twimg.com/profile_images/552843195160076289/mixP02Ke_bigger.jpeg,Anuraag_Shukla,https://twitter.com/Anuraag_Shukla,
http://pbs.twimg.com/profile_images/437447743351447552/Bkf3eIYh_bigger.jpeg,srivatsasharath,https://twitter.com/srivatsasharath,
http://pbs.twimg.com/profile_images/378800000334024779/a64f285945c37465b2159586350a795e_bigger.jpeg,JGPhilip,https://twitter.com/JGPhilip,
http://pbs.twimg.com/profile_images/2761574568/3bc39cd42e1ecceb47906e7153bfe678_bigger.jpeg,AngelPrimeOne,https://twitter.com/AngelPrimeOne,
http://pbs.twimg.com/profile_images/527925291952246784/ULB6gQtw_bigger.jpeg,manukaushik,https://twitter.com/manukaushik,
http://pbs.twimg.com/profile_images/495592412052328449/SzzYQl9p_bigger.jpeg,kadavasach1,https://twitter.com/kadavasach1,
http://pbs.twimg.com/profile_images/2704140620/d91725a2816e36b6c6b442fc353bc0f6_bigger.jpeg,vedaraju2427,https://twitter.com/vedaraju2427,
http://pbs.twimg.com/profile_images/446829213329264640/-57plS78_bigger.jpeg,ssv445,https://twitter.com/ssv445,
http://pbs.twimg.com/profile_images/550829195031363585/llb3vUsf_bigger.jpeg,Typically_Odd,https://twitter.com/Typically_Odd,
http://pbs.twimg.com/profile_images/554348399642689536/BzOLNpWV_bigger.jpeg,hariprasadholla,https://twitter.com/hariprasadholla,
http://pbs.twimg.com/profile_images/511939861356376064/uueWGYvB_bigger.jpeg,gjhurani,https://twitter.com/gjhurani,
http://pbs.twimg.com/profile_images/550369339103129600/uDayvcIP_bigger.jpeg,CrypticThought_,https://twitter.com/CrypticThought_,
http://pbs.twimg.com/profile_images/522673064949977088/1MSsM36o_bigger.jpeg,halfacomic,https://twitter.com/halfacomic,
http://pbs.twimg.com/profile_images/555457884977254400/_wJtkAOQ_bigger.jpeg,kirankonnects,https://twitter.com/kirankonnects,
http://pbs.twimg.com/profile_images/1143014072/02102010324_bigger.jpg,vardhann5,https://twitter.com/vardhann5,
http://pbs.twimg.com/profile_images/549529865582411776/3P3ld9si_bigger.jpeg,luminosiite,https://twitter.com/luminosiite,
http://pbs.twimg.com/profile_images/548424169952518144/smTnd5b__bigger.jpeg,JanaabGeo,https://twitter.com/JanaabGeo,
http://pbs.twimg.com/profile_images/364707475/dropink_bigger.jpg,Hackingloops,https://twitter.com/Hackingloops,
http://pbs.twimg.com/profile_images/378800000007701155/1871070a96de84eee7bc620850b38e35_bigger.png,vbstartups,https://twitter.com/vbstartups,
http://pbs.twimg.com/profile_images/490350488525627392/VEgu5Rpa_bigger.jpeg,arunkumar_n,https://twitter.com/arunkumar_n,
http://pbs.twimg.com/profile_images/1456725934/Anu_Profile_Pic_bigger.jpg,anura,https://twitter.com/anura,
http://pbs.twimg.com/profile_images/762016055/sm_bsfi1_bigger.jpg,bfsi_jobs,https://twitter.com/bfsi_jobs,
http://pbs.twimg.com/profile_images/537877436256362496/vt5QiAMk_bigger.jpeg,rakeshprakash1,https://twitter.com/rakeshprakash1,
http://abs.twimg.com/sticky/default_profile_images/default_profile_3_bigger.png,czerwony05,https://twitter.com/czerwony05,
http://pbs.twimg.com/profile_images/512121878903660544/hrUrdAng_bigger.png,indwirtschaft,https://twitter.com/indwirtschaft,
http://pbs.twimg.com/profile_images/474970936341299200/nqxasiit_bigger.jpeg,jyotikamalhotra,https://twitter.com/jyotikamalhotra,
http://pbs.twimg.com/profile_images/549397806503301121/pLy3gDCT_bigger.jpeg,Rohitk_tyagi,https://twitter.com/Rohitk_tyagi,
http://pbs.twimg.com/profile_images/1936386213/sales_bigger.png,iimjobs_Sales,https://twitter.com/iimjobs_Sales,
http://pbs.twimg.com/profile_images/3771560620/c867264371f748688c767fa1497c8061_bigger.jpeg,SundaySoulSante,https://twitter.com/SundaySoulSante,
http://pbs.twimg.com/profile_images/378800000799281542/18c9a3387b00d5cc48e7110547f8669a_bigger.jpeg,TRU_MBA,https://twitter.com/TRU_MBA,
http://pbs.twimg.com/profile_images/446603849680171008/aaQetLtE_bigger.jpeg,neac2014,https://twitter.com/neac2014,
http://pbs.twimg.com/profile_images/550519279775252480/p_g3lUHE_bigger.jpeg,shobymo,https://twitter.com/shobymo,
http://pbs.twimg.com/profile_images/2814396852/9d0e71840761ba8f371c7c9feddf28d5_bigger.jpeg,bintymehta,https://twitter.com/bintymehta,
http://pbs.twimg.com/profile_images/541843338899382272/lx3Epp4O_bigger.jpeg,ATCBLR,https://twitter.com/ATCBLR,
http://pbs.twimg.com/profile_images/466168072546443265/sI9D25ci_bigger.png,olindata,https://twitter.com/olindata,
http://abs.twimg.com/sticky/default_profile_images/default_profile_1_bigger.png,a4ashu,https://twitter.com/a4ashu,
http://pbs.twimg.com/profile_images/530698945068941312/THYZbs9c_bigger.png,CramBuddy,https://twitter.com/CramBuddy,
http://pbs.twimg.com/profile_images/486633236051656705/rbqr_rxJ_bigger.jpeg,Hajela,https://twitter.com/Hajela,
http://pbs.twimg.com/profile_images/2382421038/b2lwpf5t85bcn8pa1tpd_bigger.jpeg,NiceHappened,https://twitter.com/NiceHappened,
http://pbs.twimg.com/profile_images/479953503503122434/8FzGRhaT_bigger.jpeg,Santoshoracle,https://twitter.com/Santoshoracle,
http://pbs.twimg.com/profile_images/1513041909/pillayar1_bigger.jpg,LabJobsIndia,https://twitter.com/LabJobsIndia,
http://abs.twimg.com/sticky/default_profile_images/default_profile_0_bigger.png,tipsforextrade,https://twitter.com/tipsforextrade,
http://pbs.twimg.com/profile_images/1546398154/my_PIC_bigger.jpg,jinen83,https://twitter.com/jinen83,
http://pbs.twimg.com/profile_images/465404201984466945/k_vsN3Zu_bigger.jpeg,TupVenky,https://twitter.com/TupVenky,
http://pbs.twimg.com/profile_images/441591167927341056/pSj40wr6_bigger.jpeg,Chilipili,https://twitter.com/Chilipili,
http://pbs.twimg.com/profile_images/508620504656142336/5gowBCF1_bigger.jpeg,True_Li4r,https://twitter.com/True_Li4r,
http://pbs.twimg.com/profile_images/1686624215/fl_logo_bigger.jpg,footloosenomore,https://twitter.com/footloosenomore,
http://pbs.twimg.com/profile_images/378800000806684330/6fde6c4d40be8519d07e0f3b76a32fbd_bigger.jpeg,raghavr,https://twitter.com/raghavr,
http://pbs.twimg.com/profile_images/460616772685557760/EQSsoQv4_bigger.jpeg,icsekhar,https://twitter.com/icsekhar,
http://pbs.twimg.com/profile_images/517377125477658624/zsvQJ_uL_bigger.jpeg,Tayyab_Khalid,https://twitter.com/Tayyab_Khalid,
http://pbs.twimg.com/profile_images/519925507056357376/sMIW17qd_bigger.jpeg,iamvsandeep,https://twitter.com/iamvsandeep,
http://pbs.twimg.com/profile_images/1362189838/Shaplandfly_bigger.jpg,Shaplandcoach,https://twitter.com/Shaplandcoach,
http://pbs.twimg.com/profile_images/538872403741257728/EatxmdqL_bigger.jpeg,aadithya_77,https://twitter.com/aadithya_77,
http://abs.twimg.com/sticky/default_profile_images/default_profile_3_bigger.png,running_status,https://twitter.com/running_status,
http://pbs.twimg.com/profile_images/3155618838/32dbddc11b5079965590b60569b9b659_bigger.jpeg,Gauravparmar,https://twitter.com/Gauravparmar,
http://pbs.twimg.com/profile_images/506250075471761408/j9dH5myc_bigger.jpeg,yashsavi86,https://twitter.com/yashsavi86,
http://pbs.twimg.com/profile_images/495494082995568640/xing8nah_bigger.jpeg,utka_rsh,https://twitter.com/utka_rsh,
http://pbs.twimg.com/profile_images/548794338000396288/LjxWsNcr_bigger.jpeg,circuits4u,https://twitter.com/circuits4u,
http://pbs.twimg.com/profile_images/477046953717403648/0-p11Pfm_bigger.jpeg,bala_theHRguy,https://twitter.com/bala_theHRguy,
http://pbs.twimg.com/profile_images/67314703/spacerikered_bigger.png,spaceriker,https://twitter.com/spaceriker,
http://pbs.twimg.com/profile_images/458801843745722368/YnFJVjWV_bigger.jpeg,geekmarcus,https://twitter.com/geekmarcus,
http://pbs.twimg.com/profile_images/1441956670/followme_bigger.jpg,allindiablogs,https://twitter.com/allindiablogs,
http://pbs.twimg.com/profile_images/475691913702408192/Lt4oX9Nv_bigger.jpeg,ExpertJobsOrg,https://twitter.com/ExpertJobsOrg,
http://pbs.twimg.com/profile_images/549504416189915136/IOK8FqWv_bigger.jpeg,indglobalc,https://twitter.com/indglobalc,
http://pbs.twimg.com/profile_images/3325072388/67f10bc908408c3979025f54f069e674_bigger.jpeg,PotterTalker,https://twitter.com/PotterTalker,
http://pbs.twimg.com/profile_images/551815746204864513/0cuSUjOK_bigger.jpeg,WaelTheTrader,https://twitter.com/WaelTheTrader,
http://pbs.twimg.com/profile_images/554994068791386113/o5PUUCwS_bigger.jpeg,dhyani_rohit,https://twitter.com/dhyani_rohit,
http://pbs.twimg.com/profile_images/555613173282131968/rs8wLUBW_bigger.jpeg,iam_Sudip,https://twitter.com/iam_Sudip,
http://abs.twimg.com/sticky/default_profile_images/default_profile_2_bigger.png,indianproperty1,https://twitter.com/indianproperty1,
http://pbs.twimg.com/profile_images/790470491/sm_auto1_bigger.jpg,Auto_career,https://twitter.com/Auto_career,
http://abs.twimg.com/sticky/default_profile_images/default_profile_1_bigger.png,NewsInIndia,https://twitter.com/NewsInIndia,
http://pbs.twimg.com/profile_images/529287020112117762/RvsHT0i9_bigger.jpeg,JeevikaMaanvi8,https://twitter.com/JeevikaMaanvi8,
http://pbs.twimg.com/profile_images/3666964511/b76a2bce1be79c6e61dd0f42449d2279_bigger.jpeg,BuzzHospitals,https://twitter.com/BuzzHospitals,
http://pbs.twimg.com/profile_images/1597782041/logo_bigger.png,dogmatone,https://twitter.com/dogmatone,
http://pbs.twimg.com/profile_images/553695178939060224/EAZ89TCf_bigger.jpeg,DDSez,https://twitter.com/DDSez,
http://pbs.twimg.com/profile_images/547389175016607745/Ib0lAT7V_bigger.jpeg,electricgherkin,https://twitter.com/electricgherkin,
http://pbs.twimg.com/profile_images/378800000119568050/3e4d5b8a2693f546fa966d60f11fbda1_bigger.jpeg,Sumit_IMNU,https://twitter.com/Sumit_IMNU,
http://pbs.twimg.com/profile_images/531668711208280064/DiAFQRu2_bigger.jpeg,ParmarKapil,https://twitter.com/ParmarKapil,
http://pbs.twimg.com/profile_images/555583381866414081/TC-vz09c_bigger.jpeg,NeraluFestival,https://twitter.com/NeraluFestival,
http://pbs.twimg.com/profile_images/453290600024928256/ut9cSTYf_bigger.jpeg,colettearno,https://twitter.com/colettearno,
http://pbs.twimg.com/profile_images/416893775869267969/SMW3EunP_bigger.jpeg,v_vineeth,https://twitter.com/v_vineeth,
http://pbs.twimg.com/profile_images/482051208140423168/A0xr0wnJ_bigger.jpeg,DigitalBonanza,https://twitter.com/DigitalBonanza,
http://pbs.twimg.com/profile_images/556926582648881152/ggp-FOSZ_bigger.jpeg,orgRem,https://twitter.com/orgRem,
http://pbs.twimg.com/profile_images/495941961426010112/YYaWNk3-_bigger.jpeg,Sidpraz,https://twitter.com/Sidpraz,
http://pbs.twimg.com/profile_images/378800000115120781/c0ca26dd44be276b96b67fdd61b7a083_bigger.jpeg,raghubk,https://twitter.com/raghubk,
http://pbs.twimg.com/profile_images/3722848594/7c6e16500fecb40dcedbd8c43cd341f4_bigger.png,srini_namineni,https://twitter.com/srini_namineni,
http://pbs.twimg.com/profile_images/511723776359137280/oiIYEL0Z_bigger.jpeg,Vinay_K_H,https://twitter.com/Vinay_K_H,
http://pbs.twimg.com/profile_images/1936473381/it_bigger.png,iimjobsIT,https://twitter.com/iimjobsIT,
http://pbs.twimg.com/profile_images/508552808203702272/wbQ30Q9S_bigger.jpeg,SedhaSadhaChora,https://twitter.com/SedhaSadhaChora,
http://pbs.twimg.com/profile_images/544127194528636928/Y3j7UpGw_bigger.jpeg,SajithMSNair,https://twitter.com/SajithMSNair,
http://pbs.twimg.com/profile_images/519876547004481536/yQOX1g62_bigger.jpeg,ncbanand,https://twitter.com/ncbanand,
http://pbs.twimg.com/profile_images/3467509426/029f1f125d3c8521aae7fda0e6b37aa7_bigger.jpeg,smilingshark,https://twitter.com/smilingshark,
http://pbs.twimg.com/profile_images/438615996840960000/5AxcbQ-z_bigger.png,KellenKleinfe,https://twitter.com/KellenKleinfe,
http://pbs.twimg.com/profile_images/549810505284845568/5X0oufbN_bigger.jpeg,_Shalabh7,https://twitter.com/_Shalabh7,
http://abs.twimg.com/sticky/default_profile_images/default_profile_2_bigger.png,commercialplace,https://twitter.com/commercialplace,
http://pbs.twimg.com/profile_images/378800000619723694/bbb5d5a9c6bf6e06128254e90510de35_bigger.jpeg,MacNTechs,https://twitter.com/MacNTechs,
http://pbs.twimg.com/profile_images/422979744636743681/Ilyd6alk_bigger.png,dblnd,https://twitter.com/dblnd,
http://pbs.twimg.com/profile_images/378800000651225133/211f52a6be668e88a68302877f18c172_bigger.jpeg,carygottheblues,https://twitter.com/carygottheblues,
http://pbs.twimg.com/profile_images/544021808773472256/WUR8F-FE_bigger.jpeg,Amit_A_Tiwari,https://twitter.com/Amit_A_Tiwari,
http://pbs.twimg.com/profile_images/424752725113331712/EZpQJ1fz_bigger.jpeg,serveshreddy,https://twitter.com/serveshreddy,
http://pbs.twimg.com/profile_images/378800000401803609/56b6388aa8f77cd67ce668256f3fd045_bigger.jpeg,iamitsahu,https://twitter.com/iamitsahu,
http://pbs.twimg.com/profile_images/529286694462160898/WJDVAJoZ_bigger.jpeg,AbassZack,https://twitter.com/AbassZack,
http://pbs.twimg.com/profile_images/526442708701704193/RraUj61p_bigger.jpeg,KhampaLungpa,https://twitter.com/KhampaLungpa,
http://pbs.twimg.com/profile_images/529306211863126016/OonUs23N_bigger.jpeg,BulaBilaa,https://twitter.com/BulaBilaa,
http://pbs.twimg.com/profile_images/1171772811/ecene_kid_boy_2_bigger.jpg,jacobsaywhaaa,https://twitter.com/jacobsaywhaaa,
http://pbs.twimg.com/profile_images/529280057466839041/lr7wbzQX_bigger.jpeg,PatilMangal,https://twitter.com/PatilMangal,
http://pbs.twimg.com/profile_images/2241682673/000C055vjPq_bigger.jpg,Nyawinoh,https://twitter.com/Nyawinoh,
http://pbs.twimg.com/profile_images/476959777315360768/m5bnmXSM_bigger.jpeg,prsng,https://twitter.com/prsng,
http://pbs.twimg.com/profile_images/1388301727/GOJ_1372_bigger.jpg,Brianayis,https://twitter.com/Brianayis,
http://pbs.twimg.com/profile_images/526052947537297408/cGA7-Ak5_bigger.png,ChennaiInsider,https://twitter.com/ChennaiInsider,
http://pbs.twimg.com/profile_images/522692583315623937/PW7Stfvs_bigger.jpeg,archiword,https://twitter.com/archiword,
http://pbs.twimg.com/profile_images/1990871985/229830_150043441727554_100001656962551_306713_2019708_n_bigger.jpg,rupamrocks2,https://twitter.com/rupamrocks2,
http://pbs.twimg.com/profile_images/555396109430824960/mvSJP0l0_bigger.jpeg,shubaranganath,https://twitter.com/shubaranganath,
http://pbs.twimg.com/profile_images/3538151271/140b01af4c79ce73ef8162f92c56c5c2_bigger.jpeg,GhoshSumeet,https://twitter.com/GhoshSumeet,
http://pbs.twimg.com/profile_images/2485300342/6w6440hp9b7nqnqfpsdm_bigger.jpeg,AmitabhBarooa,https://twitter.com/AmitabhBarooa,
http://pbs.twimg.com/profile_images/544342283827421184/Nv_tsXVL_bigger.jpeg,helinhoforta,https://twitter.com/helinhoforta,
http://pbs.twimg.com/profile_images/1531486503/af_bigger.jpg,ArchivioFilmInd,https://twitter.com/ArchivioFilmInd,
http://pbs.twimg.com/profile_images/513612381742575616/9h8JBlM0_bigger.jpeg,NilaTamaraa,https://twitter.com/NilaTamaraa,
http://pbs.twimg.com/profile_images/524372899289763840/6d_QrE-h_bigger.jpeg,SinghalAnupriya,https://twitter.com/SinghalAnupriya,
http://pbs.twimg.com/profile_images/537465206805258240/6xksSvO-_bigger.png,umangrealtech,https://twitter.com/umangrealtech,
http://pbs.twimg.com/profile_images/552144124107698179/OhC95ViU_bigger.jpeg,VandanaMehra,https://twitter.com/VandanaMehra,
http://pbs.twimg.com/profile_images/2187524269/symbol_bigger.png,zubclassifieds,https://twitter.com/zubclassifieds,
http://pbs.twimg.com/profile_images/446023507197952001/QOqBrUUI_bigger.png,CtrlF5tech,https://twitter.com/CtrlF5tech,
http://pbs.twimg.com/profile_images/507149776731660288/JK9qeuOy_bigger.jpeg,LuvUsonuji,https://twitter.com/LuvUsonuji,
http://pbs.twimg.com/profile_images/378800000391380412/d39d5c722b2758221bcc3c77732c1bf0_bigger.jpeg,NeazNihad,https://twitter.com/NeazNihad,
http://pbs.twimg.com/profile_images/543387481349955585/v5Ons9JL_bigger.jpeg,iamparmar7,https://twitter.com/iamparmar7,
http://pbs.twimg.com/profile_images/3439582969/3e633d3127901d4eb5d9cea221f27319_bigger.jpeg,AustinEugene1,https://twitter.com/AustinEugene1,
http://pbs.twimg.com/profile_images/488132626754977793/alDOXTSd_bigger.jpeg,deepa_padma,https://twitter.com/deepa_padma,
http://pbs.twimg.com/profile_images/548699024086142977/Da9COGw9_bigger.jpeg,pakhi_dasgupta,https://twitter.com/pakhi_dasgupta,
http://pbs.twimg.com/profile_images/511883612783149056/Xbo3qWE1_bigger.jpeg,saularora,https://twitter.com/saularora,
http://pbs.twimg.com/profile_images/3348816529/44de879ff7dd17b8febbf865e005753e_bigger.jpeg,AustinHayden5,https://twitter.com/AustinHayden5,
http://pbs.twimg.com/profile_images/528315555137060865/_2Ly0raP_bigger.jpeg,DTNKerala,https://twitter.com/DTNKerala,
http://pbs.twimg.com/profile_images/1198554483/Priyesh_Shah_bigger.JPG,priyeshashah,https://twitter.com/priyeshashah,
http://pbs.twimg.com/profile_images/440013855041658881/r5P8gCVw_bigger.jpeg,megs_bangalore,https://twitter.com/megs_bangalore,
http://pbs.twimg.com/profile_images/3350586842/7926d5969e53e7662bcfc3fb6e45d910_bigger.jpeg,RuthMarshman,https://twitter.com/RuthMarshman,
http://pbs.twimg.com/profile_images/551062707747565568/vttK8MdG_bigger.jpeg,chennai_maami,https://twitter.com/chennai_maami,
http://pbs.twimg.com/profile_images/499660109547446272/LPsCuqc9_bigger.png,liituk,https://twitter.com/liituk,
http://pbs.twimg.com/profile_images/554227971918008320/wPlrW9Fj_bigger.jpeg,SalujaSuraj,https://twitter.com/SalujaSuraj,
http://pbs.twimg.com/profile_images/556073872886202368/TWF-bv60_bigger.jpeg,HojoBangalore,https://twitter.com/HojoBangalore,
http://pbs.twimg.com/profile_images/378800000750346663/737410919f8d0b6159867c358e000839_bigger.png,GetCFMLJobs,https://twitter.com/GetCFMLJobs,
http://pbs.twimg.com/profile_images/1200924393/x_bigger.jpg,silly_shishu,https://twitter.com/silly_shishu,
http://pbs.twimg.com/profile_images/3497439918/3387395844a58f681d75cea859e5e714_bigger.jpeg,HaleyAlbert11,https://twitter.com/HaleyAlbert11,
http://pbs.twimg.com/profile_images/3345092516/a0b8ee526b1c5f54b555858171c187bc_bigger.jpeg,DanielsDouglas1,https://twitter.com/DanielsDouglas1,
http://pbs.twimg.com/profile_images/3334969565/e0e708ae4ef58328d59d49066bca9399_bigger.jpeg,WilliamBecker13,https://twitter.com/WilliamBecker13,
http://pbs.twimg.com/profile_images/3500996099/6608d4c9469be3a65b333636dcc28f93_bigger.jpeg,HarryFaber,https://twitter.com/HarryFaber,
http://pbs.twimg.com/profile_images/524777869793193986/HphZaaI9_bigger.jpeg,whencutwit,https://twitter.com/whencutwit,
http://pbs.twimg.com/profile_images/3450315002/f29bb8a5554d48d00a4bbfd501e4e44a_bigger.jpeg,GustmanLawman1,https://twitter.com/GustmanLawman1,
http://pbs.twimg.com/profile_images/3343762078/a8100890323d0b01a83c7330077eb7dd_bigger.jpeg,KaylaAr09739181,https://twitter.com/KaylaAr09739181,
http://pbs.twimg.com/profile_images/2975300737/445b3c596cb2509ebdf165cc60b9ea06_bigger.jpeg,NaadiaMirza,https://twitter.com/NaadiaMirza,
http://pbs.twimg.com/profile_images/552537197526523904/Bv-s1myA_bigger.jpeg,YogeshsoniYs,https://twitter.com/YogeshsoniYs,
http://pbs.twimg.com/profile_images/483656290258788353/YJULo2Wn_bigger.png,AdarshNAtDell,https://twitter.com/AdarshNAtDell,
http://pbs.twimg.com/profile_images/468994921039290368/2bHAstLb_bigger.jpeg,shraddhay,https://twitter.com/shraddhay,
http://pbs.twimg.com/profile_images/551037845737971712/fTRsXvHu_bigger.jpeg,keerthishastri,https://twitter.com/keerthishastri,
http://pbs.twimg.com/profile_images/553766191970283520/SBzoebvn_bigger.jpeg,arpitshah13,https://twitter.com/arpitshah13,
http://pbs.twimg.com/profile_images/541643426240819200/mzJ4c7TP_bigger.jpeg,_daviena,https://twitter.com/_daviena,
http://pbs.twimg.com/profile_images/378800000769129903/ba4ae6b186a56de53f96bd68e5b7d84d_bigger.png,chargedeck,https://twitter.com/chargedeck,
http://pbs.twimg.com/profile_images/467189211007700993/Y0jpCN-f_bigger.jpeg,rameshnt,https://twitter.com/rameshnt,
http://pbs.twimg.com/profile_images/436425769762320384/0i8X_-gV_bigger.jpeg,HemamdarTara,https://twitter.com/HemamdarTara,
http://pbs.twimg.com/profile_images/1445262827/IMG_1361_bigger.JPG,UnSchackle,https://twitter.com/UnSchackle,
http://pbs.twimg.com/profile_images/115068599/xpress_bigger.jpg,sunilanandts,https://twitter.com/sunilanandts,
http://pbs.twimg.com/profile_images/3761708987/3a0cb77bba607ee5ac74de9270272b9b_bigger.png,the_anupam,https://twitter.com/the_anupam,
http://pbs.twimg.com/profile_images/378800000738377263/34142d4b80c733d054cd0f7a16dfa9a2_bigger.png,Linked2Jobs,https://twitter.com/Linked2Jobs,
http://pbs.twimg.com/profile_images/422656873053954048/IRMeQcqB_bigger.jpeg,M_MKTLines,https://twitter.com/M_MKTLines,
http://pbs.twimg.com/profile_images/533951018136920064/Ok-028Rd_bigger.png,saadbongo,https://twitter.com/saadbongo,
http://pbs.twimg.com/profile_images/3493356456/b2d50c9a75bc39ee8d0323cfaff4fd91_bigger.jpeg,DanielleMiers,https://twitter.com/DanielleMiers,
http://pbs.twimg.com/profile_images/545864127881551872/-I5wYgxe_bigger.jpeg,venumadhav_ks,https://twitter.com/venumadhav_ks,
http://pbs.twimg.com/profile_images/471510426891464704/oxwiGh5I_bigger.jpeg,lalithrai,https://twitter.com/lalithrai,
http://pbs.twimg.com/profile_images/3493032940/d32d5136b1b9e2064737c31b44fdc16c_bigger.jpeg,JohnJac72983386,https://twitter.com/JohnJac72983386,
http://pbs.twimg.com/profile_images/454235182556385281/82ix0JKW_bigger.jpeg,picgravy,https://twitter.com/picgravy,
http://pbs.twimg.com/profile_images/430353091045519361/cfUUl8Nj_bigger.png,FashionRNetwork,https://twitter.com/FashionRNetwork,
http://abs.twimg.com/sticky/default_profile_images/default_profile_0_bigger.png,basti105421,https://twitter.com/basti105421,
http://pbs.twimg.com/profile_images/3467496814/0fb7379c0b244b3763bc1117de24de94_bigger.png,ShishirKinkar,https://twitter.com/ShishirKinkar,
http://pbs.twimg.com/profile_images/509207933133942784/zvzExeMc_bigger.jpeg,arvindkota,https://twitter.com/arvindkota,
http://pbs.twimg.com/profile_images/436457294054686721/OlJW_KTc_bigger.jpeg,NeelChauhan30,https://twitter.com/NeelChauhan30,
http://pbs.twimg.com/profile_images/3493233210/450ad0bfe4418d85e527243631ed3a63_bigger.jpeg,NathanHancock6,https://twitter.com/NathanHancock6,
http://pbs.twimg.com/profile_images/1909494172/302597_228433583874039_100001221978481_715915_1179316_n_bigger.jpg,DhoniAnu,https://twitter.com/DhoniAnu,
http://pbs.twimg.com/profile_images/378800000071594577/b831c7c126518d9cfb0337d8287e1ea1_bigger.png,SaahasZeroWaste,https://twitter.com/SaahasZeroWaste,
http://pbs.twimg.com/profile_images/552152022636457985/6mTDDD4L_bigger.jpeg,SNagarajK,https://twitter.com/SNagarajK,
http://pbs.twimg.com/profile_images/434070428961615872/HwTGFqjk_bigger.jpeg,_SnehaShetty,https://twitter.com/_SnehaShetty,
http://pbs.twimg.com/profile_images/3501537521/63243cbd89c6b75ec405046154ef2cd6_bigger.jpeg,CarolynHaig,https://twitter.com/CarolynHaig,
http://abs.twimg.com/sticky/default_profile_images/default_profile_6_bigger.png,ena_840,https://twitter.com/ena_840,
http://abs.twimg.com/sticky/default_profile_images/default_profile_2_bigger.png,ApekshaDhawan,https://twitter.com/ApekshaDhawan,
http://pbs.twimg.com/profile_images/3497343460/d4dce205d7fdf3651faba03748b94cf4_bigger.jpeg,JacksonGoodman4,https://twitter.com/JacksonGoodman4,
http://pbs.twimg.com/profile_images/3680220425/e3cd825ecec3ef91fdba08a2f16eab00_bigger.jpeg,Wink_Tweets,https://twitter.com/Wink_Tweets,
http://pbs.twimg.com/profile_images/508377517921538048/wY1GwQr__bigger.jpeg,SankhyaPartners,https://twitter.com/SankhyaPartners,
http://pbs.twimg.com/profile_images/508906587570704384/1Xc78k5y_bigger.jpeg,umeshdidoo,https://twitter.com/umeshdidoo,
http://pbs.twimg.com/profile_images/454329183879962624/d5upYXEk_bigger.jpeg,onelivemediah,https://twitter.com/onelivemediah,
http://pbs.twimg.com/profile_images/504445601195368450/8mgT6QwE_bigger.jpeg,RubenZiliwu2,https://twitter.com/RubenZiliwu2,
http://pbs.twimg.com/profile_images/422425833370705920/itqPbXNZ_bigger.jpeg,gauravagarwalr,https://twitter.com/gauravagarwalr,
http://pbs.twimg.com/profile_images/513908486724263937/6LTsO4eK_bigger.png,vinayakcars,https://twitter.com/vinayakcars,
http://pbs.twimg.com/profile_images/3510247311/372b087f8ce7307980cdb2d75afa2351_bigger.jpeg,CarsonTimothy2,https://twitter.com/CarsonTimothy2,
http://pbs.twimg.com/profile_images/3497397761/27d303575628fcf61361ecc86928d0d6_bigger.jpeg,JennaKaren2,https://twitter.com/JennaKaren2,
http://pbs.twimg.com/profile_images/1841233147/10875127501159804_miss_bigger.jpg,DanielleNabours,https://twitter.com/DanielleNabours,
http://pbs.twimg.com/profile_images/450257100757663744/MzdcwRMF_bigger.jpeg,MunniRockz,https://twitter.com/MunniRockz,
http://abs.twimg.com/sticky/default_profile_images/default_profile_6_bigger.png,japonka31d,https://twitter.com/japonka31d,
http://pbs.twimg.com/profile_images/531069535751651329/gXQyhVDo_bigger.jpeg,kahak_karthik,https://twitter.com/kahak_karthik,
http://pbs.twimg.com/profile_images/523025483282120704/iSW_7RxM_bigger.jpeg,AuricAcres,https://twitter.com/AuricAcres,
http://pbs.twimg.com/profile_images/415007859991011328/ItgPUInV_bigger.png,awarabhawraa,https://twitter.com/awarabhawraa,
http://abs.twimg.com/sticky/default_profile_images/default_profile_6_bigger.png,madan19876,https://twitter.com/madan19876,
http://pbs.twimg.com/profile_images/1408050988/AD34hIjBPzZb-R3HM7cEcmasI0Lvu5zthPZsmQlamPayuZDNOPpGdSO3CRC7GCuZ-wnuhOONnkY2yuljE2NhzstpsMPPuWFdTmRFM1tIfwRNx1D6ZS1q8_g_bigger.jpeg,subh__singh,https://twitter.com/subh__singh,
http://pbs.twimg.com/profile_images/3511241161/92fde01c4fdefc4bcde2600818ba26ff_bigger.jpeg,CarterSimpson3,https://twitter.com/CarterSimpson3,
http://pbs.twimg.com/profile_images/378800000254254682/beefce5acaccd23842089b2888af022c_bigger.jpeg,TriUnionTech,https://twitter.com/TriUnionTech,
http://pbs.twimg.com/profile_images/3501148923/0deb04269b68cbf342572825c5fc85e4_bigger.jpeg,FinchJulian,https://twitter.com/FinchJulian,
http://pbs.twimg.com/profile_images/3414781419/b2ac02c4f10b5f72d125df338701fe7a_bigger.jpeg,vineetjoshi4u,https://twitter.com/vineetjoshi4u,
http://pbs.twimg.com/profile_images/378800000814045837/1f597da2d211355860515a49a358e86b_bigger.jpeg,sarinmall85,https://twitter.com/sarinmall85,
http://pbs.twimg.com/profile_images/3505362219/631955cfb94954dcf8559bf30b751985_bigger.jpeg,EvansFlorence2,https://twitter.com/EvansFlorence2,
http://pbs.twimg.com/profile_images/488977785705086976/cNQPu7Ci_bigger.jpeg,ab140294,https://twitter.com/ab140294,
http://pbs.twimg.com/profile_images/3493792179/9dece97aafd809c82221fd42d089825d_bigger.jpeg,SmithJeff3,https://twitter.com/SmithJeff3,
http://pbs.twimg.com/profile_images/520822383326687234/v-BX6ahT_bigger.jpeg,vanuatutech,https://twitter.com/vanuatutech,
http://pbs.twimg.com/profile_images/3492944117/6b68fb6012ce186819f691d73018c2a1_bigger.jpeg,SimpsonNancy3,https://twitter.com/SimpsonNancy3,
http://pbs.twimg.com/profile_images/3498267013/363614849de6d4f2e90a3cd34691d4fd_bigger.jpeg,EdwardXavier5,https://twitter.com/EdwardXavier5,
http://abs.twimg.com/sticky/default_profile_images/default_profile_3_bigger.png,GiaDungCuongDuo,https://twitter.com/GiaDungCuongDuo,
http://pbs.twimg.com/profile_images/555679200854548480/YmXrcTXc_bigger.png,ImSAAzim,https://twitter.com/ImSAAzim,
http://pbs.twimg.com/profile_images/521354045639102464/EYO8E2Y5_bigger.jpeg,abu_azeezat,https://twitter.com/abu_azeezat,
http://pbs.twimg.com/profile_images/553814951328890882/l_dDf1yq_bigger.jpeg,ManaChujai54,https://twitter.com/ManaChujai54,
http://abs.twimg.com/sticky/default_profile_images/default_profile_4_bigger.png,alejaxx1231,https://twitter.com/alejaxx1231,
http://pbs.twimg.com/profile_images/3497724146/76e869faceea092ea11aa13af73a0dde_bigger.jpeg,LemanBabcock,https://twitter.com/LemanBabcock,
http://pbs.twimg.com/profile_images/487090554912514049/nTCTGDtu_bigger.jpeg,kumarprachit,https://twitter.com/kumarprachit,
http://pbs.twimg.com/profile_images/548808382056910848/8iZOvyJT_bigger.jpeg,Concarez,https://twitter.com/Concarez,
http://pbs.twimg.com/profile_images/522707490274676736/TJitNysk_bigger.jpeg,anandvids,https://twitter.com/anandvids,
http://pbs.twimg.com/profile_images/494851231995555841/SEb_YS3-_bigger.jpeg,Siddharth_257,https://twitter.com/Siddharth_257,
http://abs.twimg.com/sticky/default_profile_images/default_profile_3_bigger.png,BangaloreLive,https://twitter.com/BangaloreLive,
http://pbs.twimg.com/profile_images/3493817468/f8a4f0bdc4b64b73ed9beda1923b6c36_bigger.jpeg,JeffOgden3,https://twitter.com/JeffOgden3,
http://pbs.twimg.com/profile_images/540023000259510272/0hvkZ4tc_bigger.jpeg,VarunPes,https://twitter.com/VarunPes,
http://pbs.twimg.com/profile_images/3498363566/e844a40ef8ebf8bde13cc166c4dd7d20_bigger.jpeg,OswaldFrank1,https://twitter.com/OswaldFrank1,
http://pbs.twimg.com/profile_images/532617490421936129/aujsk4mW_bigger.jpeg,raghav_watts,https://twitter.com/raghav_watts,
http://pbs.twimg.com/profile_images/466235023624896512/Zo-m6v9C_bigger.jpeg,ravimedu,https://twitter.com/ravimedu,
http://pbs.twimg.com/profile_images/528177633020743680/xZj_CKAE_bigger.jpeg,qlivemovies,https://twitter.com/qlivemovies,
http://pbs.twimg.com/profile_images/555608808534192128/3Z-moiXW_bigger.jpeg,PKANgeno,https://twitter.com/PKANgeno,
http://pbs.twimg.com/profile_images/3621546780/6ee58d100deffd8da1a30180a72b8960_bigger.png,alila_bangalore,https://twitter.com/alila_bangalore,
http://pbs.twimg.com/profile_images/502033974089109504/6KMWlpbS_bigger.png,vogue_institute,https://twitter.com/vogue_institute,
http://abs.twimg.com/sticky/default_profile_images/default_profile_4_bigger.png,adityad1829,https://twitter.com/adityad1829,
http://abs.twimg.com/sticky/default_profile_images/default_profile_0_bigger.png,pavansmail,https://twitter.com/pavansmail,
http://pbs.twimg.com/profile_images/557396624603762688/tiMzN6PU_bigger.jpeg,Sourabsmart,https://twitter.com/Sourabsmart,
http://abs.twimg.com/sticky/default_profile_images/default_profile_0_bigger.png,aliousylla2015,https://twitter.com/aliousylla2015,
http://abs.twimg.com/sticky/default_profile_images/default_profile_2_bigger.png,bangaloresp1234,https://twitter.com/bangaloresp1234,
http://pbs.twimg.com/profile_images/546870930593415168/OaHPnoBH_bigger.jpeg,9knanotech,https://twitter.com/9knanotech,
http://abs.twimg.com/sticky/default_profile_images/default_profile_0_bigger.png,ksalim106,https://twitter.com/ksalim106,
