yuvisoft123,http://pbs.twimg.com/profile_images/555922011193479168/KU90Va54_bigger.jpeg,https://twitter.com/yuvisoft123/status/557141291541090304
yugandh90257105,http://pbs.twimg.com/profile_images/544122281790681088/RKMlryke_bigger.jpeg,https://twitter.com/yugandh90257105/status/557156599781793793
yerranna,http://pbs.twimg.com/profile_images/378800000264016205/ac0d7c1d646b2307adbba9a2c2506a5e_bigger.jpeg,https://twitter.com/yerranna/status/557182569091854336
willson14309,http://pbs.twimg.com/profile_images/552726126645104640/Tzrdkhq-_bigger.jpeg,https://twitter.com/willson14309/status/557154019164954624
wasimakram7550,http://pbs.twimg.com/profile_images/554513121260228608/OnT966wy_bigger.jpeg,https://twitter.com/wasimakram7550/status/557176353464651776
vvr143,http://pbs.twimg.com/profile_images/551600119204704256/ZcbhL8mj_bigger.jpeg,https://twitter.com/vvr143/status/557215605103656960
vkrishna153,http://pbs.twimg.com/profile_images/3003146012/bfb7da91208bcab1ee3cf5d13d1014f6_bigger.jpeg,https://twitter.com/vkrishna153/status/557146704428797954
viswabhanu,http://pbs.twimg.com/profile_images/557233757644541952/kI-yXbIo_bigger.jpeg,https://twitter.com/viswabhanu/status/557236767049261057
vishwakandala,http://pbs.twimg.com/profile_images/557419423451979777/eMF1ArZ-_bigger.jpeg,https://twitter.com/vishwakandala/status/557156488674689024
viruhemanth,http://pbs.twimg.com/profile_images/552890019858247680/f1-SEMdy_bigger.jpeg,https://twitter.com/viruhemanth/status/557196745755480064
vinaybollam9,http://pbs.twimg.com/profile_images/344513261577494658/8224e4212f01d022f986cd39146c5abf_bigger.jpeg,https://twitter.com/vinaybollam9/status/557385202771558400
vikramkumart,http://pbs.twimg.com/profile_images/430709580109062144/1KfqxWxI_bigger.jpeg,https://twitter.com/vikramkumart/status/557145852666314752
vijaywilldo,http://pbs.twimg.com/profile_images/536899354557034496/UoLCUmOw_bigger.jpeg,https://twitter.com/vijaywilldo/status/557277434475589632
vijayvijju541,http://pbs.twimg.com/profile_images/552362864476844032/C7eQ5UTd_bigger.jpeg,https://twitter.com/vijayvijju541/status/557167679253921792
vijaysuhith,http://pbs.twimg.com/profile_images/556739094881902592/PLj2jgaa_bigger.jpeg,https://twitter.com/vijaysuhith/status/557407030655209472
vijay_sagiraju,http://pbs.twimg.com/profile_images/552752357751001089/NuiWLKtc_bigger.jpeg,https://twitter.com/vijay_sagiraju/status/557158455098634240
vignesh48481,http://pbs.twimg.com/profile_images/552307737212637184/IpnIbfLr_bigger.jpeg,https://twitter.com/vignesh48481/status/557160559821336576
vidyadhar_vidhu,http://pbs.twimg.com/profile_images/557002804368138240/sfAd-bXN_bigger.jpeg,https://twitter.com/vidyadhar_vidhu/status/557168454583595008
venugvg84,http://pbs.twimg.com/profile_images/2169687939/Image038_bigger.jpg,https://twitter.com/venugvg84/status/557132069931720704
venku2287,http://pbs.twimg.com/profile_images/461053124002594819/3qUFvF-Z_bigger.jpeg,https://twitter.com/venku2287/status/557160158208331777
venkate36642058,http://pbs.twimg.com/profile_images/475672337111478274/wcGeSGdn_bigger.jpeg,https://twitter.com/venkate36642058/status/557110894346248192
venkat_MeMyself,http://pbs.twimg.com/profile_images/424271000029495296/nsA_BeTI_bigger.jpeg,https://twitter.com/venkat_MeMyself/status/557131195310297088
vedasai2,http://pbs.twimg.com/profile_images/2930883330/246991fcddd2e256b6a53470f64f279e_bigger.jpeg,https://twitter.com/vedasai2/status/557159244139462656
varun_kmv,http://pbs.twimg.com/profile_images/551118008647573504/j75jFLry_bigger.jpeg,https://twitter.com/varun_kmv/status/557126871662333954
varmanic,http://pbs.twimg.com/profile_images/530575032548749312/LUlJCWbT_bigger.jpeg,https://twitter.com/varmanic/status/557190296270684160
vanitha_pspk,http://pbs.twimg.com/profile_images/555887332969046016/JyIy3CSN_bigger.jpeg,https://twitter.com/vanitha_pspk/status/557098332858769409
vanapallimanik1,http://abs.twimg.com/sticky/default_profile_images/default_profile_5_bigger.png,https://twitter.com/vanapallimanik1/status/557410853167702016
vaaspl,http://pbs.twimg.com/profile_images/1749920690/bvaasl_bigger.jpg,https://twitter.com/vaaspl/status/557173111691689985
v_madha,http://pbs.twimg.com/profile_images/551266595180253186/NLS53f2a_bigger.jpeg,https://twitter.com/v_madha/status/557408997855092736
urstrulyajy,http://pbs.twimg.com/profile_images/498354311781294081/H7d0hAOY_bigger.jpeg,https://twitter.com/urstrulyajy/status/557164720826769408
urstrulyMahesh7,http://pbs.twimg.com/profile_images/513697904985272321/q1dvGkrj_bigger.jpeg,https://twitter.com/urstrulyMahesh7/status/557189402913296386
urstruelytej,http://pbs.twimg.com/profile_images/426405678844870656/B2mwX8NF_bigger.jpeg,https://twitter.com/urstruelytej/status/557097728720003074
urstrueDharma,http://pbs.twimg.com/profile_images/552682650234679296/LpvELATl_bigger.jpeg,https://twitter.com/urstrueDharma/status/557178838149365760
urspatnaik,http://pbs.twimg.com/profile_images/469530750119706624/Oj-YhMUz_bigger.jpeg,https://twitter.com/urspatnaik/status/557221583094177792
urskumar9,http://pbs.twimg.com/profile_images/544798824049287168/v65NuEyq_bigger.jpeg,https://twitter.com/urskumar9/status/557107523703308288
urs_hemanth_chw,http://pbs.twimg.com/profile_images/443363480549089281/3CcUA7Ex_bigger.jpeg,https://twitter.com/urs_hemanth_chw/status/557130003331428352
udayjana,http://pbs.twimg.com/profile_images/2242918892/my_pic_bigger.jpg,https://twitter.com/udayjana/status/557177572811763714
tweeter4Mahi,http://pbs.twimg.com/profile_images/539804436244078592/SqnI5S3w_bigger.jpeg,https://twitter.com/tweeter4Mahi/status/557157046634565632
tulasireddy8,http://pbs.twimg.com/profile_images/535754310684925954/9MRTCI8L_bigger.jpeg,https://twitter.com/tulasireddy8/status/557101718735818752
tulasi6005,http://pbs.twimg.com/profile_images/550900328984363008/FHAvQgnl_bigger.jpeg,https://twitter.com/tulasi6005/status/557370531901497344
trulymaheshh,http://pbs.twimg.com/profile_images/378800000590365120/9218072892dbf330656008b49003e88c_bigger.jpeg,https://twitter.com/trulymaheshh/status/557147211402715137
tollywoodlover,http://pbs.twimg.com/profile_images/551437701283463168/4xbkO_Up_bigger.jpeg,https://twitter.com/tollywoodlover/status/557090572721070080
thirumaleshtonn,http://pbs.twimg.com/profile_images/509994757582360576/qZMA24iT_bigger.jpeg,https://twitter.com/thirumaleshtonn/status/557225013514760194
thepawanist,http://pbs.twimg.com/profile_images/554574273562427392/h0c0--Qy_bigger.jpeg,https://twitter.com/thepawanist/status/557096485838286848
thatsTelugu,http://pbs.twimg.com/profile_images/1246035065/oneindiatelugu-twitter_bigger.jpg,https://twitter.com/thatsTelugu/status/557188734609678338
tejanaidu998951,http://pbs.twimg.com/profile_images/532211827074015232/L_Y-0oMl_bigger.jpeg,https://twitter.com/tejanaidu998951/status/557117996758355968
taruns_,http://pbs.twimg.com/profile_images/546964393620021249/u_lX-jlR_bigger.jpeg,https://twitter.com/taruns_/status/557208266711650304
surya485,http://pbs.twimg.com/profile_images/550922306592047104/F5xyR-9T_bigger.jpeg,https://twitter.com/surya485/status/557213136785133569
sureshkumarN12,http://abs.twimg.com/sticky/default_profile_images/default_profile_2_bigger.png,https://twitter.com/sureshkumarN12/status/557097042225291266
suravarapu18,http://pbs.twimg.com/profile_images/550841556370853888/2CxWbUYn_bigger.jpeg,https://twitter.com/suravarapu18/status/557095804519727107
sunil3584,http://pbs.twimg.com/profile_images/518454127274110976/FhIWVzV7_bigger.jpeg,https://twitter.com/sunil3584/status/557212216282189824
sunderuniking,http://pbs.twimg.com/profile_images/553181483783839745/7CCEHmB2_bigger.jpeg,https://twitter.com/sunderuniking/status/557207921264562176
sumandamacharla,http://pbs.twimg.com/profile_images/510643188466335744/caZCdlPT_bigger.jpeg,https://twitter.com/sumandamacharla/status/557097114681868288
sudheer_v3,http://pbs.twimg.com/profile_images/447288047629918208/lv968xzf_bigger.jpeg,https://twitter.com/sudheer_v3/status/557237073975853056
sudheer_megafan,http://pbs.twimg.com/profile_images/557333180902944768/Q40bpXmt_bigger.jpeg,https://twitter.com/sudheer_megafan/status/557375424536145921
sudheerNaidu129,http://pbs.twimg.com/profile_images/509185295669944320/5m69PxeX_bigger.jpeg,https://twitter.com/sudheerNaidu129/status/557203875350859776
subramanyam969,http://pbs.twimg.com/profile_images/551435700839534592/f_Nljvag_bigger.jpeg,https://twitter.com/subramanyam969/status/557223038375038976
stylishayaan,http://pbs.twimg.com/profile_images/538883455942017024/0CkhhIJJ_bigger.jpeg,https://twitter.com/stylishayaan/status/557105879326027777
sriramForU,http://pbs.twimg.com/profile_images/530355966349287426/ChkSdLSS_bigger.jpeg,https://twitter.com/sriramForU/status/557107410372788225
srini7680,http://pbs.twimg.com/profile_images/482536354165714944/UpyfWOAR_bigger.jpeg,https://twitter.com/srini7680/status/557124151903662080
srikanth3vk,http://pbs.twimg.com/profile_images/557115989473497090/ekRaz9_D_bigger.jpeg,https://twitter.com/srikanth3vk/status/557091473250742273
srikanth143761,http://pbs.twimg.com/profile_images/550548441110024192/ZVAMeVv-_bigger.jpeg,https://twitter.com/srikanth143761/status/557393988806639616
sriharsha_,http://pbs.twimg.com/profile_images/555713009713045506/pj6YcxRK_bigger.jpeg,https://twitter.com/sriharsha_/status/557120518139023361
sri_506,http://pbs.twimg.com/profile_images/3252694676/87183c52e4d10261bda115b72fece30a_bigger.jpeg,https://twitter.com/sri_506/status/557234770594103296
sreeramtej,http://pbs.twimg.com/profile_images/556988605541806082/yjBF4VO2_bigger.jpeg,https://twitter.com/sreeramtej/status/557193668830834688
sowmitrik,http://pbs.twimg.com/profile_images/529607044781715457/KRogFT3K_bigger.jpeg,https://twitter.com/sowmitrik/status/557211178741399554
soushish,http://pbs.twimg.com/profile_images/505325516996349952/3c7pZjWe_bigger.jpeg,https://twitter.com/soushish/status/557192131593256960
soter4u,http://pbs.twimg.com/profile_images/557185438687850497/jtG5i8_H_bigger.jpeg,https://twitter.com/soter4u/status/557361149382262784
sontisai,http://pbs.twimg.com/profile_images/556498796822032384/G909rmmI_bigger.jpeg,https://twitter.com/sontisai/status/557100348251193344
snowlove123,http://pbs.twimg.com/profile_images/502572225992482816/0-TlYEX9_bigger.jpeg,https://twitter.com/snowlove123/status/557205670823342080
skshaffi,http://pbs.twimg.com/profile_images/546387044629356546/NNukDnmU_bigger.jpeg,https://twitter.com/skshaffi/status/557187143265558528
skshabashi,http://pbs.twimg.com/profile_images/378800000362450504/2dc59a9378e5540dfd063bcca4a238f2_bigger.jpeg,https://twitter.com/skshabashi/status/557173569482788864
sivakumar462,http://pbs.twimg.com/profile_images/557089573805629440/j7vRdIk8_bigger.jpeg,https://twitter.com/sivakumar462/status/557080554613383169
sivajagankumar,http://pbs.twimg.com/profile_images/378800000812126712/cdeb681b4a6a3fd826eb79114b7f838a_bigger.jpeg,https://twitter.com/sivajagankumar/status/557222254241521664
singhdavid819,http://pbs.twimg.com/profile_images/543586613549203456/qpPUCbgt_bigger.jpeg,https://twitter.com/singhdavid819/status/557345014317981696
sindu096,http://pbs.twimg.com/profile_images/551003693357621248/v1xdFY7n_bigger.jpeg,https://twitter.com/sindu096/status/557158750075641856
shyammedikonda,http://pbs.twimg.com/profile_images/551261465399668736/DATiff7f_bigger.jpeg,https://twitter.com/shyammedikonda/status/557138801328680960
shiva9926,http://abs.twimg.com/sticky/default_profile_images/default_profile_4_bigger.png,https://twitter.com/shiva9926/status/557127929331609601
sheshubr,http://pbs.twimg.com/profile_images/552118750502076418/EbDBZRRB_bigger.jpeg,https://twitter.com/sheshubr/status/557101309807968256
shankar143v,http://abs.twimg.com/sticky/default_profile_images/default_profile_0_bigger.png,https://twitter.com/shankar143v/status/557405364816080896
shaiknaseema2,http://abs.twimg.com/sticky/default_profile_images/default_profile_5_bigger.png,https://twitter.com/shaiknaseema2/status/557203799169703936
shaiklalahamad,http://pbs.twimg.com/profile_images/484193063372210176/213aF2rm_bigger.jpeg,https://twitter.com/shaiklalahamad/status/557408916103905280
sethu470,http://pbs.twimg.com/profile_images/378800000632672247/1df926687b4116b8d8964263459c02f1_bigger.jpeg,https://twitter.com/sethu470/status/557152804582608897
satyalasudhakar,http://pbs.twimg.com/profile_images/551378577556393984/1TLTFiWN_bigger.jpeg,https://twitter.com/satyalasudhakar/status/557202114431029248
satishthota999,http://pbs.twimg.com/profile_images/463563975100080128/ftO_mVBO_bigger.jpeg,https://twitter.com/satishthota999/status/557140647543439360
sasipowerstar,http://pbs.twimg.com/profile_images/552357207711289344/hYmWTPXj_bigger.jpeg,https://twitter.com/sasipowerstar/status/557133568313282563
sashiram2,http://pbs.twimg.com/profile_images/557131619513810944/VyZdf9z-_bigger.jpeg,https://twitter.com/sashiram2/status/557134410986700801
sashafordeeksha,http://pbs.twimg.com/profile_images/554555490437304320/ampIVq-v_bigger.jpeg,https://twitter.com/sashafordeeksha/status/557374649084813312
sasank_sarma,http://pbs.twimg.com/profile_images/550853352850857984/7Ei6I501_bigger.jpeg,https://twitter.com/sasank_sarma/status/557373227480010752
santoshraj789,http://pbs.twimg.com/profile_images/550960770834370560/1lpnA7dq_bigger.jpeg,https://twitter.com/santoshraj789/status/557113474351124480
santhoshsurneni,http://pbs.twimg.com/profile_images/547827724090634240/_khoIsnu_bigger.jpeg,https://twitter.com/santhoshsurneni/status/557242218604658691
santhoshHYD,http://pbs.twimg.com/profile_images/422038312518291456/OXe9LqvG_bigger.jpeg,https://twitter.com/santhoshHYD/status/557155417034600449
sanju_official,http://pbs.twimg.com/profile_images/553517349530128384/O0ootO9R_bigger.jpeg,https://twitter.com/sanju_official/status/557120534014488576
sanjaynandha786,http://pbs.twimg.com/profile_images/538324123147976705/PCI7yZHl_bigger.png,https://twitter.com/sanjaynandha786/status/557227601261916160
sangeesat,http://pbs.twimg.com/profile_images/421484934004355072/tYy0lJOV_bigger.jpeg,https://twitter.com/sangeesat/status/557105006566862848
sangala4u,http://pbs.twimg.com/profile_images/554647294608285697/Y223xJHS_bigger.jpeg,https://twitter.com/sangala4u/status/557216772143607809
sandeepreddy789,http://pbs.twimg.com/profile_images/555305264455237633/uHnTqCcX_bigger.jpeg,https://twitter.com/sandeepreddy789/status/557141806119649280
sandeepdeepala,http://pbs.twimg.com/profile_images/378800000733179586/899e84ddef9c312738e69a66bf9f8a16_bigger.jpeg,https://twitter.com/sandeepdeepala/status/557113450300583936
sandeep_gadde,http://pbs.twimg.com/profile_images/555470125248155648/z5DLETXe_bigger.jpeg,https://twitter.com/sandeep_gadde/status/557157168542003200
sammitarajesh,http://pbs.twimg.com/profile_images/556087553082675202/sQ4ETRmi_bigger.png,https://twitter.com/sammitarajesh/status/557418881849901057
sakejay,http://pbs.twimg.com/profile_images/549588944254279680/UG8ajmkq_bigger.jpeg,https://twitter.com/sakejay/status/557202890536669185
saivarunn9,http://pbs.twimg.com/profile_images/553971143825051648/PDuExV3X_bigger.jpeg,https://twitter.com/saivarunn9/status/557162883822256128
saisuperb1,http://pbs.twimg.com/profile_images/548489182306246656/28K_kzuu_bigger.jpeg,https://twitter.com/saisuperb1/status/557189604361523200
sairoyal1,http://pbs.twimg.com/profile_images/557091498307493888/o_OPje-__bigger.jpeg,https://twitter.com/sairoyal1/status/557087080082206720
sairangasindu,http://pbs.twimg.com/profile_images/528424192941625344/RGu8YfEd_bigger.jpeg,https://twitter.com/sairangasindu/status/557397217183408128
sairam259,http://pbs.twimg.com/profile_images/1494052648/imagesCAL8FOHC_bigger.jpg,https://twitter.com/sairam259/status/557170624221958144
sainadhrathod,http://pbs.twimg.com/profile_images/378800000532701339/ba7462bfd76b2f41d4d4631e80ad5c55_bigger.jpeg,https://twitter.com/sainadhrathod/status/557105067384254464
saikumarmiky,http://pbs.twimg.com/profile_images/550825845124653057/vg31PMRn_bigger.jpeg,https://twitter.com/saikumarmiky/status/557151558148694019
saikishore_n,http://pbs.twimg.com/profile_images/552346917028376576/poJs4AzM_bigger.jpeg,https://twitter.com/saikishore_n/status/557148525381681153
saibhaskar75,http://pbs.twimg.com/profile_images/440038249889689600/A2bD6l1S_bigger.jpeg,https://twitter.com/saibhaskar75/status/557147989077024769
sai65455_sai,http://abs.twimg.com/sticky/default_profile_images/default_profile_6_bigger.png,https://twitter.com/sai65455_sai/status/557194887557181440
sA1rambv,http://pbs.twimg.com/profile_images/547351160072310786/vFQujWhh_bigger.jpeg,https://twitter.com/sA1rambv/status/557140126157897728
rushyendrab,http://pbs.twimg.com/profile_images/553630770808377344/3yuIgGmG_bigger.jpeg,https://twitter.com/rushyendrab/status/557354769015009280
rt24MB,http://pbs.twimg.com/profile_images/550012046343823360/tiSbHhgW_bigger.jpeg,https://twitter.com/rt24MB/status/557170082065829889
rockstarchinni,http://pbs.twimg.com/profile_images/431435330319708160/cIxE3Ukn_bigger.jpeg,https://twitter.com/rockstarchinni/status/557107123264319490
rockingrafi26,http://pbs.twimg.com/profile_images/514782772003479552/IlyB6L3L_bigger.jpeg,https://twitter.com/rockingrafi26/status/557218160458211328
rehmaanrockz1_8,http://abs.twimg.com/sticky/default_profile_images/default_profile_0_bigger.png,https://twitter.com/rehmaanrockz1_8/status/557242011011391488
reddy5342,http://pbs.twimg.com/profile_images/554972233852936192/yjTqV87c_bigger.jpeg,https://twitter.com/reddy5342/status/557095347915210752
real_kanishka,http://pbs.twimg.com/profile_images/557205966903443457/F_9sHfmY_bigger.png,https://twitter.com/real_kanishka/status/557207342949744640
rayudunani2,http://pbs.twimg.com/profile_images/3287192057/2f3e4c377addccb83a4a3dac813531ae_bigger.jpeg,https://twitter.com/rayudunani2/status/557405789497737217
raviteja406,http://pbs.twimg.com/profile_images/1824819718/profile_bigger.jpg,https://twitter.com/raviteja406/status/557087715645067264
ravipspkfan,http://pbs.twimg.com/profile_images/553715994825211905/QieuXx7i_bigger.jpeg,https://twitter.com/ravipspkfan/status/557202122563796994
ravikirannaga58,http://pbs.twimg.com/profile_images/469181071565651968/k6EtYzyT_bigger.jpeg,https://twitter.com/ravikirannaga58/status/557228353288036352
ravada_sreedhar,http://pbs.twimg.com/profile_images/541604334312497152/ZPG3lb-A_bigger.jpeg,https://twitter.com/ravada_sreedhar/status/557191712716513282
ramukrishnat,http://pbs.twimg.com/profile_images/459267322327216128/yJQJE0dP_bigger.jpeg,https://twitter.com/ramukrishnat/status/557189370109636608
ramprasadroyal,http://pbs.twimg.com/profile_images/556408762383085568/DNCgilur_bigger.jpeg,https://twitter.com/ramprasadroyal/status/557234616701300737
ramnv,http://pbs.twimg.com/profile_images/443983169402830848/eLMNnYdB_bigger.jpeg,https://twitter.com/ramnv/status/557124226126061568
rameshteladala,http://pbs.twimg.com/profile_images/552146226867474432/eKfOUJ_P_bigger.jpeg,https://twitter.com/rameshteladala/status/557193307114057728
ramdev331,http://pbs.twimg.com/profile_images/538330975646670848/nTmbD8qY_bigger.jpeg,https://twitter.com/ramdev331/status/557415355665362944
ramasiva1,http://pbs.twimg.com/profile_images/466862651172065280/p4Qf-rFH_bigger.jpeg,https://twitter.com/ramasiva1/status/557143460596031488
rakeshlyadhella,http://pbs.twimg.com/profile_images/551741390128824320/BFrnwEF7_bigger.jpeg,https://twitter.com/rakeshlyadhella/status/557084113639702529
rakeshbommagani,http://pbs.twimg.com/profile_images/477307142890721280/IK_i3xzA_bigger.jpeg,https://twitter.com/rakeshbommagani/status/557157579109851136
rajukamsani,http://pbs.twimg.com/profile_images/378800000562338019/2a4324eb0d20bd7eea8552d2020c542d_bigger.jpeg,https://twitter.com/rajukamsani/status/557400054101602304
rajeshnaidu564,http://pbs.twimg.com/profile_images/553686477138178048/mArpH-0l_bigger.jpeg,https://twitter.com/rajeshnaidu564/status/557265033571221504
rajeshkaipa,http://pbs.twimg.com/profile_images/538312759755022336/zf7eJfhI_bigger.jpeg,https://twitter.com/rajeshkaipa/status/557162857930838017
rajeshboppuri,http://pbs.twimg.com/profile_images/509793096943403008/3ZiJTxia_bigger.jpeg,https://twitter.com/rajeshboppuri/status/557104016614637568
rajarahul8,http://abs.twimg.com/sticky/default_profile_images/default_profile_2_bigger.png,https://twitter.com/rajarahul8/status/557395178168651776
raja241986,http://abs.twimg.com/sticky/default_profile_images/default_profile_0_bigger.png,https://twitter.com/raja241986/status/557209238989058049
rahulre70094127,http://pbs.twimg.com/profile_images/517375668829425664/jD7nmUAw_bigger.jpeg,https://twitter.com/rahulre70094127/status/557354869271457792
raghavathefrnd,http://pbs.twimg.com/profile_images/555994682439004160/Z4q7tztw_bigger.jpeg,https://twitter.com/raghavathefrnd/status/557141281692844032
puri_follower,http://pbs.twimg.com/profile_images/556129539332382721/xL2Y3Uw6_bigger.jpeg,https://twitter.com/puri_follower/status/557156248236216321
psrikant8,http://pbs.twimg.com/profile_images/502296671644966914/Shc_XTx3_bigger.jpeg,https://twitter.com/psrikant8/status/557095198757380098
pspkfn,http://pbs.twimg.com/profile_images/555433092186251264/mahorMwf_bigger.jpeg,https://twitter.com/pspkfn/status/557082235820453888
pretesh58,http://pbs.twimg.com/profile_images/529720166834122752/THBgN6qe_bigger.jpeg,https://twitter.com/pretesh58/status/557088072014131201
prassh,http://pbs.twimg.com/profile_images/545123385299058688/xLAA1ZXQ_bigger.jpeg,https://twitter.com/prassh/status/557182691796606976
prashanthbhas,http://abs.twimg.com/sticky/default_profile_images/default_profile_6_bigger.png,https://twitter.com/prashanthbhas/status/557194137737244675
pranav568_m,http://pbs.twimg.com/profile_images/538327000729935873/PVWWkMU6_bigger.jpeg,https://twitter.com/pranav568_m/status/557109145816420353
prakashreddy461,http://pbs.twimg.com/profile_images/555488725212225536/gGn0RCQZ_bigger.jpeg,https://twitter.com/prakashreddy461/status/557103437922312192
prakash_subbu,http://pbs.twimg.com/profile_images/496300272822390784/fSPVrecC_bigger.png,https://twitter.com/prakash_subbu/status/557209070243815425
pradeepsavarala,http://abs.twimg.com/sticky/default_profile_images/default_profile_5_bigger.png,https://twitter.com/pradeepsavarala/status/557093300474478592
pradeepASSRR,http://pbs.twimg.com/profile_images/540588919729831936/xWDn_f-U_bigger.jpeg,https://twitter.com/pradeepASSRR/status/557086988977721344
ppravins,http://pbs.twimg.com/profile_images/552071767888371712/pSS__aNU_bigger.jpeg,https://twitter.com/ppravins/status/557417633134702592
powerstarvinod,http://pbs.twimg.com/profile_images/535405070376902656/Lxs-Vgjd_bigger.jpeg,https://twitter.com/powerstarvinod/status/557161675577516032
powerjani,http://pbs.twimg.com/profile_images/551322518691143680/l5PDMC9T_bigger.jpeg,https://twitter.com/powerjani/status/557191136557551617
pkkanth,http://pbs.twimg.com/profile_images/522278660548481025/Qi7m0VBH_bigger.jpeg,https://twitter.com/pkkanth/status/557397757603102720
pdbsss,http://pbs.twimg.com/profile_images/554331392201334785/6-whm12n_bigger.jpeg,https://twitter.com/pdbsss/status/557209562806091776
pawanisum,http://pbs.twimg.com/profile_images/552884515316592640/8jZ_aFMh_bigger.jpeg,https://twitter.com/pawanisum/status/557207717329113088
pawanismfans,http://pbs.twimg.com/profile_images/551415978920116225/2L_tGEoZ_bigger.jpeg,https://twitter.com/pawanismfans/status/557238281218170880
pavanisam,http://pbs.twimg.com/profile_images/549091647758163969/Nfxs1pLN_bigger.jpeg,https://twitter.com/pavanisam/status/557218855617966080
pavan_rules_,http://pbs.twimg.com/profile_images/549260049248305154/iSoJmtz9_bigger.jpeg,https://twitter.com/pavan_rules_/status/557235666468093952
pavan_musician,http://pbs.twimg.com/profile_images/553963012646649856/GZkQfwZ6_bigger.jpeg,https://twitter.com/pavan_musician/status/557205904559312896
pavan2676,http://pbs.twimg.com/profile_images/555218021497581568/Qq1X3WTD_bigger.jpeg,https://twitter.com/pavan2676/status/557087549848420353
pavan2225,http://pbs.twimg.com/profile_images/552156513213480961/bTM98cIS_bigger.jpeg,https://twitter.com/pavan2225/status/557152128964116480
pakalasuman,http://pbs.twimg.com/profile_images/378800000523787514/70c73f15cd8432ccb4b5464fb0ec8d2a_bigger.jpeg,https://twitter.com/pakalasuman/status/557150556582842368
padmavikakolluk,http://abs.twimg.com/sticky/default_profile_images/default_profile_0_bigger.png,https://twitter.com/padmavikakolluk/status/557094646719852547
pachimatla,http://pbs.twimg.com/profile_images/2894780065/2a195ff5d1c43e5fc2157cdc71b8e5cd_bigger.jpeg,https://twitter.com/pachimatla/status/557223688534102017
pa1_kalyanFan,http://pbs.twimg.com/profile_images/551917005737963520/dgfN_YME_bigger.jpeg,https://twitter.com/pa1_kalyanFan/status/557107592774696961
p_saikrishna,http://pbs.twimg.com/profile_images/556067142227881986/voK7QLzZ_bigger.jpeg,https://twitter.com/p_saikrishna/status/557132939851333633
nunnakrishna,http://pbs.twimg.com/profile_images/551643056286355456/sPKKFvFw_bigger.jpeg,https://twitter.com/nunnakrishna/status/557399546846658560
nukasantosh1234,http://pbs.twimg.com/profile_images/557139537311191040/37zzsk5k_bigger.jpeg,https://twitter.com/nukasantosh1234/status/557142470744477697
nsprasanth,http://pbs.twimg.com/profile_images/551614516497494017/R-KBX99n_bigger.jpeg,https://twitter.com/nsprasanth/status/557117248318341120
nishchitha1,http://pbs.twimg.com/profile_images/552685414587174912/pc5m4AIg_bigger.jpeg,https://twitter.com/nishchitha1/status/557178887583457280
neha_girlicious,http://pbs.twimg.com/profile_images/557373537657176064/9Qw9hGWk_bigger.jpeg,https://twitter.com/neha_girlicious/status/557201223003025408
naveenzna,http://pbs.twimg.com/profile_images/552036428155064320/AcWU00xj_bigger.jpeg,https://twitter.com/naveenzna/status/557119369340145664
navateja19,http://pbs.twimg.com/profile_images/456278793666060289/MD3IOiIO_bigger.jpeg,https://twitter.com/navateja19/status/557123969950576640
narasimha3434,http://pbs.twimg.com/profile_images/490903222853181440/kjMf9SwC_bigger.jpeg,https://twitter.com/narasimha3434/status/557183196484231168
naniPraneethD,http://pbs.twimg.com/profile_images/491838625714159616/jGBt4mrS_bigger.jpeg,https://twitter.com/naniPraneethD/status/557113247598264323
nagaswararaona1,http://pbs.twimg.com/profile_images/555371974067634177/y6x6MMW4_bigger.jpeg,https://twitter.com/nagaswararaona1/status/557185694083203075
myselfbharath,http://pbs.twimg.com/profile_images/538573404618489857/a8aO_Yyj_bigger.jpeg,https://twitter.com/myselfbharath/status/557154691729981441
myself_siva,http://pbs.twimg.com/profile_images/556365031508410368/xu6Qm1Xg_bigger.jpeg,https://twitter.com/myself_siva/status/557111443158335488
musangisiva,http://pbs.twimg.com/profile_images/491598961648496641/FvO8XhOu_bigger.jpeg,https://twitter.com/musangisiva/status/557392078645112832
mukkaalakrish,http://pbs.twimg.com/profile_images/552801911397548034/sb1cKRgC_bigger.jpeg,https://twitter.com/mukkaalakrish/status/557386845516869633
ms_its_me,http://pbs.twimg.com/profile_images/514418156522061826/-GOth6sP_bigger.jpeg,https://twitter.com/ms_its_me/status/557105949601984512
mroyal522,http://pbs.twimg.com/profile_images/551262090602622977/6PS43hqf_bigger.jpeg,https://twitter.com/mroyal522/status/557229293596463104
mrmaheshkumar99,http://pbs.twimg.com/profile_images/548444530517614593/UnJEFlPF_bigger.jpeg,https://twitter.com/mrmaheshkumar99/status/557162015118991360
molabantisiva,http://pbs.twimg.com/profile_images/552516070263631872/w2U6uax5_bigger.jpeg,https://twitter.com/molabantisiva/status/557197109577781249
mohandasu555,http://pbs.twimg.com/profile_images/549854170526662656/qZUZ9aS8_bigger.jpeg,https://twitter.com/mohandasu555/status/557242087767150592
menontweetz,http://pbs.twimg.com/profile_images/557387392869343232/GoUj9tx0_bigger.jpeg,https://twitter.com/menontweetz/status/557220594635141122
meegadarohit78,http://pbs.twimg.com/profile_images/445629260808462336/WyoYrc_4_bigger.jpeg,https://twitter.com/meegadarohit78/status/557173681936297985
mbabu6224,http://abs.twimg.com/sticky/default_profile_images/default_profile_3_bigger.png,https://twitter.com/mbabu6224/status/557392439565352961
mastro_of_love,http://pbs.twimg.com/profile_images/550920109779202048/Hr30GuVj_bigger.jpeg,https://twitter.com/mastro_of_love/status/557391424904101888
mansur57540249,http://pbs.twimg.com/profile_images/550834856804880384/_NWGo1kY_bigger.jpeg,https://twitter.com/mansur57540249/status/557351235871727617
manojnarahari,http://pbs.twimg.com/profile_images/553158183787565056/jQulFrzO_bigger.jpeg,https://twitter.com/manojnarahari/status/557170869060268032
manjulasrihari1,http://abs.twimg.com/sticky/default_profile_images/default_profile_2_bigger.png,https://twitter.com/manjulasrihari1/status/557382899582767104
manikick,http://pbs.twimg.com/profile_images/1454925130/RT-2_bigger.gif,https://twitter.com/manikick/status/557153778164445184
manikantasagi2,http://pbs.twimg.com/profile_images/556123659471835137/SC-7P3Rn_bigger.jpeg,https://twitter.com/manikantasagi2/status/557188031686656000
maneeshpreetham,http://pbs.twimg.com/profile_images/551556653175173121/emH-hdlv_bigger.jpeg,https://twitter.com/maneeshpreetham/status/557229530721431553
mandalapu_viswa,http://abs.twimg.com/sticky/default_profile_images/default_profile_3_bigger.png,https://twitter.com/mandalapu_viswa/status/557092467908952064
mandakrupakar,http://pbs.twimg.com/profile_images/553862519819751424/sNnJHNHa_bigger.jpeg,https://twitter.com/mandakrupakar/status/557165328891781121
mamidisudhir,http://pbs.twimg.com/profile_images/552372854126161920/kMZ3wP23_bigger.jpeg,https://twitter.com/mamidisudhir/status/557308914803277824
malthafkhan16,http://pbs.twimg.com/profile_images/557069200963809280/pWOtxBVs_bigger.jpeg,https://twitter.com/malthafkhan16/status/557106938417119232
malliktajmahal,http://pbs.twimg.com/profile_images/552048113028833280/C8el22uF_bigger.jpeg,https://twitter.com/malliktajmahal/status/557226844961767424
malleswari12512,http://pbs.twimg.com/profile_images/557147670121164800/0gVah_7T_bigger.jpeg,https://twitter.com/malleswari12512/status/557166621614034944
maidhiliRD,http://abs.twimg.com/sticky/default_profile_images/default_profile_2_bigger.png,https://twitter.com/maidhiliRD/status/557373088044556288
mahidhar9177,http://pbs.twimg.com/profile_images/545319208242794496/fVgwMyWV_bigger.jpeg,https://twitter.com/mahidhar9177/status/557214856722382848
mahendraroyal6,http://pbs.twimg.com/profile_images/552341491960389632/cUBf5sll_bigger.jpeg,https://twitter.com/mahendraroyal6/status/557208385238487040
mad_bwoyy,http://pbs.twimg.com/profile_images/557199291677016064/Oj_GtnUO_bigger.jpeg,https://twitter.com/mad_bwoyy/status/557228527968206848
luckybalu3,http://pbs.twimg.com/profile_images/555267646497636353/m5ZhMjyx_bigger.jpeg,https://twitter.com/luckybalu3/status/557225649211854849
lucky59000,http://pbs.twimg.com/profile_images/2264939166/mye783738ze8he6r8ry0_bigger.jpeg,https://twitter.com/lucky59000/status/557097507293908992
lovingmunna,http://pbs.twimg.com/profile_images/550708823153852416/SqR3_pdF_bigger.jpeg,https://twitter.com/lovingmunna/status/557243925421776896
lovelymunna121,http://pbs.twimg.com/profile_images/538336465118171136/hAgV9fVi_bigger.jpeg,https://twitter.com/lovelymunna121/status/557185680929853442
likhith_SamFan,http://pbs.twimg.com/profile_images/555540300374880256/5Comb7YW_bigger.jpeg,https://twitter.com/likhith_SamFan/status/557193426735620096
leelu047,http://pbs.twimg.com/profile_images/378800000168014557/512c8b8100f32863a5fe0bb3040d70be_bigger.jpeg,https://twitter.com/leelu047/status/557130873514889216
laxmanveni,http://pbs.twimg.com/profile_images/551743044328767488/LMi0Hchj_bigger.jpeg,https://twitter.com/laxmanveni/status/557101223078158336
laxman032001,http://pbs.twimg.com/profile_images/2483117083/jh6i0jmap4hhb9pkomne_bigger.jpeg,https://twitter.com/laxman032001/status/557403211922178048
kusumaprashanth,http://abs.twimg.com/sticky/default_profile_images/default_profile_4_bigger.png,https://twitter.com/kusumaprashanth/status/557104594145120259
kushaal_aryan,http://pbs.twimg.com/profile_images/555730346671472640/f88RTUjI_bigger.jpeg,https://twitter.com/kushaal_aryan/status/557208370273587200
kurtsridhar,http://pbs.twimg.com/profile_images/523343393582108672/lteGrBh8_bigger.jpeg,https://twitter.com/kurtsridhar/status/557132515995947008
kumaryashwanth6,http://pbs.twimg.com/profile_images/553725592034492416/qj_zmSSq_bigger.jpeg,https://twitter.com/kumaryashwanth6/status/557125168590360576
kumarsayzz,http://pbs.twimg.com/profile_images/550665211871379457/KEkryWy9_bigger.jpeg,https://twitter.com/kumarsayzz/status/557341782778720256
kumarkovuru,http://pbs.twimg.com/profile_images/553564197049466881/iiPtZVNi_bigger.jpeg,https://twitter.com/kumarkovuru/status/557105320955113472
kshekhara,http://pbs.twimg.com/profile_images/459622964112027648/-EoOeOD2_bigger.jpeg,https://twitter.com/kshekhara/status/557079608492036096
krisskishore,http://pbs.twimg.com/profile_images/555590187070132224/HBZ6hTVk_bigger.jpeg,https://twitter.com/krisskishore/status/557157139698180096
krish_k541,http://pbs.twimg.com/profile_images/553536587472965632/tTV-iXxO_bigger.jpeg,https://twitter.com/krish_k541/status/557185424217501696
kotgerimani,http://pbs.twimg.com/profile_images/549790146141253632/c7VaCin7_bigger.jpeg,https://twitter.com/kotgerimani/status/557103104202522624
kolli_pawan,http://pbs.twimg.com/profile_images/553077772705206272/GJTZwnWt_bigger.jpeg,https://twitter.com/kolli_pawan/status/557115134640812033
kittsrooney,http://pbs.twimg.com/profile_images/556836232429187073/2K3Bsnlp_bigger.jpeg,https://twitter.com/kittsrooney/status/557215371128614913
karthikbabup,http://pbs.twimg.com/profile_images/551021411309858819/LyjYFYyn_bigger.jpeg,https://twitter.com/karthikbabup/status/557379758258782208
kapilvarala,http://pbs.twimg.com/profile_images/556383190256865280/JJ9VDKxi_bigger.jpeg,https://twitter.com/kapilvarala/status/557103408251809792
kanurisatishku1,http://pbs.twimg.com/profile_images/511578812732026880/T1q6dPEq_bigger.jpeg,https://twitter.com/kanurisatishku1/status/557254213072199680
kamalkamaal43,http://pbs.twimg.com/profile_images/551922339735011329/720h0xRK_bigger.jpeg,https://twitter.com/kamalkamaal43/status/557321589679603712
kalyan_vellanki,http://pbs.twimg.com/profile_images/474389360393981953/df_eoR_G_bigger.jpeg,https://twitter.com/kalyan_vellanki/status/557089472068608001
kalyan_jaya,http://pbs.twimg.com/profile_images/3182533589/94e486117de3b95341c4cf5c81d0507b_bigger.jpeg,https://twitter.com/kalyan_jaya/status/557407040780660738
johnkadaliforu,http://pbs.twimg.com/profile_images/550728763332231168/Ml9XdQni_bigger.jpeg,https://twitter.com/johnkadaliforu/status/557401006523162624
janibhsha,http://pbs.twimg.com/profile_images/553589006902906880/N9JdP-tD_bigger.jpeg,https://twitter.com/janibhsha/status/557083689532661760
jagadeshreddy44,http://pbs.twimg.com/profile_images/503141041805852672/5YBotyAR_bigger.jpeg,https://twitter.com/jagadeshreddy44/status/557188290952966144
itzRoshik,http://pbs.twimg.com/profile_images/517555682833203200/3BeWEG6X_bigger.jpeg,https://twitter.com/itzRoshik/status/557127868770050049
itzNeelesH,http://pbs.twimg.com/profile_images/552757466748841984/zsu_gDHm_bigger.jpeg,https://twitter.com/itzNeelesH/status/557223536603852800
imvinay3,http://pbs.twimg.com/profile_images/557242813432078337/fnUxW9iF_bigger.jpeg,https://twitter.com/imvinay3/status/557189827599155201
imPavanKalyan,http://pbs.twimg.com/profile_images/553515070777356288/LRUUFe-8_bigger.jpeg,https://twitter.com/imPavanKalyan/status/557093260363968513
imIPraneeth,http://pbs.twimg.com/profile_images/555256030657933315/1djym3I-_bigger.jpeg,https://twitter.com/imIPraneeth/status/557115497305485312
iliveinlie,http://pbs.twimg.com/profile_images/513553953775046656/cl36hqgF_bigger.jpeg,https://twitter.com/iliveinlie/status/557415594866143232
ibtimesindia1,http://pbs.twimg.com/profile_images/442976199828967424/0lcQa0GP_bigger.jpeg,https://twitter.com/ibtimesindia1/status/557109671597576193
iam_Rajesh1008,http://pbs.twimg.com/profile_images/555925629263020032/IcYyt7zN_bigger.jpeg,https://twitter.com/iam_Rajesh1008/status/557148610245058560
iamAKN,http://pbs.twimg.com/profile_images/540923890369712128/wxNq_x1q_bigger.jpeg,https://twitter.com/iamAKN/status/557410187254853632
iRahulTweets,http://pbs.twimg.com/profile_images/554569832784330752/_qqF8qJr_bigger.jpeg,https://twitter.com/iRahulTweets/status/557165144212385792
hero4zeros,http://pbs.twimg.com/profile_images/2632743575/9d6049067140f76651ced7b24ac12b21_bigger.jpeg,https://twitter.com/hero4zeros/status/557091758484357120
hema_gutti,http://abs.twimg.com/sticky/default_profile_images/default_profile_0_bigger.png,https://twitter.com/hema_gutti/status/557163268171505664
harishveera,http://pbs.twimg.com/profile_images/556531803326918656/khRpvloF_bigger.jpeg,https://twitter.com/harishveera/status/557220464611717121
harishmunna1317,http://pbs.twimg.com/profile_images/552887149238820864/EVgiiEcm_bigger.jpeg,https://twitter.com/harishmunna1317/status/557177309581410307
harishk3535,http://pbs.twimg.com/profile_images/2556643459/3vUklfYl_bigger,https://twitter.com/harishk3535/status/557086503143084032
haripatlolla27,http://pbs.twimg.com/profile_images/445397956053565440/xfZESJBm_bigger.jpeg,https://twitter.com/haripatlolla27/status/557143771645636611
haraharoy2,http://pbs.twimg.com/profile_images/551289946909061120/CltjnypN_bigger.jpeg,https://twitter.com/haraharoy2/status/557121545076609025
gopigorrela,http://pbs.twimg.com/profile_images/550741689946492928/RIb9Dk_z_bigger.jpeg,https://twitter.com/gopigorrela/status/557261757706547200
golakotis143,http://pbs.twimg.com/profile_images/553112633071525890/czkwVBym_bigger.jpeg,https://twitter.com/golakotis143/status/557185194575155200
genuinestart,http://pbs.twimg.com/profile_images/537220535365550080/YNTW7yN-_bigger.jpeg,https://twitter.com/genuinestart/status/557142579532148736
gani_2015,http://pbs.twimg.com/profile_images/552466531263590400/DUTExSaD_bigger.jpeg,https://twitter.com/gani_2015/status/557185196231888897
g_SKiran,http://pbs.twimg.com/profile_images/556865117229285376/VUdC45pc_bigger.jpeg,https://twitter.com/g_SKiran/status/557090255619104768
friends2support,http://pbs.twimg.com/profile_images/2169267210/F2S_Logo_bigger.jpg,https://twitter.com/friends2support/status/557238902038097920
filmlovertweet,http://pbs.twimg.com/profile_images/534244950104215552/Y0xW0GTS_bigger.jpeg,https://twitter.com/filmlovertweet/status/557085407179853824
eshwardeep,http://pbs.twimg.com/profile_images/554868321502244864/NItOTieh_bigger.jpeg,https://twitter.com/eshwardeep/status/557119835369267202
el_sol_prakash,http://pbs.twimg.com/profile_images/550714432263708672/VQkG2jal_bigger.jpeg,https://twitter.com/el_sol_prakash/status/557131599901245442
dspchilukuri,http://pbs.twimg.com/profile_images/551007943949160448/2ToSm3ES_bigger.jpeg,https://twitter.com/dspchilukuri/status/557157331624947712
dsjinspring,http://pbs.twimg.com/profile_images/551192151669739520/G-OGY7mw_bigger.jpeg,https://twitter.com/dsjinspring/status/557092033022525440
dr_sanjay8,http://pbs.twimg.com/profile_images/557109573245349888/ZwtYGhIo_bigger.jpeg,https://twitter.com/dr_sanjay8/status/557099186743562240
dinesh18990,http://pbs.twimg.com/profile_images/515269733223243776/S26gmUsi_bigger.jpeg,https://twitter.com/dinesh18990/status/557212666222366721
deepakteja_p,http://pbs.twimg.com/profile_images/553617432498028544/SSxGMP-e_bigger.jpeg,https://twitter.com/deepakteja_p/status/557280105857159168
dd_madhu,http://pbs.twimg.com/profile_images/551603298378059776/q85LE6lQ_bigger.jpeg,https://twitter.com/dd_madhu/status/557199975612817408
darling_kamal,http://pbs.twimg.com/profile_images/552470642172252160/c9-uzqPr_bigger.jpeg,https://twitter.com/darling_kamal/status/557163057923637248
coolpm1990,http://pbs.twimg.com/profile_images/552341273911099392/FJ13Koft_bigger.jpeg,https://twitter.com/coolpm1990/status/557098524798492672
conspiratorr,http://pbs.twimg.com/profile_images/551573505473773569/rPJzrItu_bigger.jpeg,https://twitter.com/conspiratorr/status/557210193013248000
chkasi4,http://pbs.twimg.com/profile_images/554608028696064000/os9Cg5cG_bigger.jpeg,https://twitter.com/chkasi4/status/557176297244205058
chiranjeeviblog,http://pbs.twimg.com/profile_images/506853568452628480/K5DA9p6S_bigger.jpeg,https://twitter.com/chiranjeeviblog/status/557096641761533952
chinni_manyavi,http://pbs.twimg.com/profile_images/531891215109615616/xBtrqliV_bigger.jpeg,https://twitter.com/chinni_manyavi/status/557154677335531520
chevutu,http://pbs.twimg.com/profile_images/531487522174431232/wA4QTEB1_bigger.jpeg,https://twitter.com/chevutu/status/557190460578336768
charith143,http://abs.twimg.com/sticky/default_profile_images/default_profile_4_bigger.png,https://twitter.com/charith143/status/557130775363981312
charan509,http://pbs.twimg.com/profile_images/1051875765/ram-charan-teja-wallpapers-photos-stills-03_bigger.jpg,https://twitter.com/charan509/status/557232484887576578
chandra9050,http://pbs.twimg.com/profile_images/525200407354540032/JvsieTf-_bigger.jpeg,https://twitter.com/chandra9050/status/557316306483941376
challasanthosh7,http://abs.twimg.com/sticky/default_profile_images/default_profile_1_bigger.png,https://twitter.com/challasanthosh7/status/557083290650177537
chaituabd17,http://pbs.twimg.com/profile_images/557146072363970560/5C3JmsKm_bigger.jpeg,https://twitter.com/chaituabd17/status/557146384277581824
ch_venkatarao,http://pbs.twimg.com/profile_images/523535528252026880/-K4yBv84_bigger.jpeg,https://twitter.com/ch_venkatarao/status/557114833406263296
brssingh,http://pbs.twimg.com/profile_images/553439425976209409/3_LZJ7DQ_bigger.jpeg,https://twitter.com/brssingh/status/557242648663044096
bonobono1000,http://pbs.twimg.com/profile_images/1199087050/no_bigger.png,https://twitter.com/bonobono1000/status/557158348089335808
bobbyballas,http://pbs.twimg.com/profile_images/1194109089/orange-desktop-wallpapers033_bigger.jpg,https://twitter.com/bobbyballas/status/557204305405431809
bhanuprakash272,http://pbs.twimg.com/profile_images/435727854345543680/nulXukaV_bigger.jpeg,https://twitter.com/bhanuprakash272/status/557155548505047040
bhanu4pawan,http://pbs.twimg.com/profile_images/552825328788180993/cS7pqH3l_bigger.jpeg,https://twitter.com/bhanu4pawan/status/557121790174965760
bejawada85,http://abs.twimg.com/sticky/default_profile_images/default_profile_2_bigger.png,https://twitter.com/bejawada85/status/557121278532788226
being_uma,http://pbs.twimg.com/profile_images/551029732460859393/Zg4zmrtG_bigger.jpeg,https://twitter.com/being_uma/status/557112556049817600
bandarulokamany,http://abs.twimg.com/sticky/default_profile_images/default_profile_4_bigger.png,https://twitter.com/bandarulokamany/status/557225817541857280
ayyusree,http://pbs.twimg.com/profile_images/1522422626/AYYU_bigger.png,https://twitter.com/ayyusree/status/557225138668597248
avinashbathina,http://pbs.twimg.com/profile_images/557179872687054848/-vmrtlHc_bigger.jpeg,https://twitter.com/avinashbathina/status/557178201592438784
avinash67899,http://pbs.twimg.com/profile_images/419112349316829184/uriq-yvk_bigger.jpeg,https://twitter.com/avinash67899/status/557203412907855874
avenchiru2,http://pbs.twimg.com/profile_images/556354958451175424/NkoU9Bbq_bigger.jpeg,https://twitter.com/avenchiru2/status/557359219708411904
avangavijay,http://pbs.twimg.com/profile_images/553027967694036993/TbfRtKoI_bigger.jpeg,https://twitter.com/avangavijay/status/557381248671154178
asmn2reddy,http://pbs.twimg.com/profile_images/538302075642208257/uDc5DGOf_bigger.jpeg,https://twitter.com/asmn2reddy/status/557232131663884289
ashishitsme,http://pbs.twimg.com/profile_images/557209549401104385/68g49nOe_bigger.jpeg,https://twitter.com/ashishitsme/status/557185672058920960
aryanfactory,http://pbs.twimg.com/profile_images/538040571172888576/9KZSG3bQ_bigger.jpeg,https://twitter.com/aryanfactory/status/557223357553209345
arunpb11,http://pbs.twimg.com/profile_images/543611001091129344/WthC49k__bigger.jpeg,https://twitter.com/arunpb11/status/557171193921277953
arun_reddy_92,http://pbs.twimg.com/profile_images/551550049042571264/8nbZK7_h_bigger.jpeg,https://twitter.com/arun_reddy_92/status/557198464816541697
anushapantam,http://abs.twimg.com/sticky/default_profile_images/default_profile_1_bigger.png,https://twitter.com/anushapantam/status/557170705498771458
anji_chiru,http://pbs.twimg.com/profile_images/543455898023124992/hk_GQDN3_bigger.jpeg,https://twitter.com/anji_chiru/status/557098585192296449
anjesh111,http://pbs.twimg.com/profile_images/446973689091719169/4isolOGu_bigger.jpeg,https://twitter.com/anjesh111/status/557231286234800128
anishdantala,http://pbs.twimg.com/profile_images/551063766914170881/PEJ5g1M__bigger.jpeg,https://twitter.com/anishdantala/status/557326943343763456
ananymous0,http://pbs.twimg.com/profile_images/553193269702586370/uQLjagAm_bigger.jpeg,https://twitter.com/ananymous0/status/557123858407231488
amathya1,http://pbs.twimg.com/profile_images/557092469645393922/t4m-Ez00_bigger.jpeg,https://twitter.com/amathya1/status/557088311680839680
amarnatheswar3,http://pbs.twimg.com/profile_images/557249871380361216/80g7UEe1_bigger.jpeg,https://twitter.com/amarnatheswar3/status/557156671957381120
alwaysmaruthi,http://pbs.twimg.com/profile_images/518664191586996224/djIVrCbV_bigger.jpeg,https://twitter.com/alwaysmaruthi/status/557121558859087872
alakumar,http://abs.twimg.com/sticky/default_profile_images/default_profile_6_bigger.png,https://twitter.com/alakumar/status/557251121597919232
akiln9,http://pbs.twimg.com/profile_images/557168232335822848/-GTnfTfR_bigger.jpeg,https://twitter.com/akiln9/status/557380470749417472
ajayhari444,http://pbs.twimg.com/profile_images/542870389144039425/A8QxHlsO_bigger.jpeg,https://twitter.com/ajayhari444/status/557088145544445952
ajayakula4,http://abs.twimg.com/sticky/default_profile_images/default_profile_1_bigger.png,https://twitter.com/ajayakula4/status/557153022204051456
agentkiran007,http://pbs.twimg.com/profile_images/464521990712209410/QrGwklE1_bigger.jpeg,https://twitter.com/agentkiran007/status/557114376792989697
adarshgouds,http://pbs.twimg.com/profile_images/550887707006603266/lIy1Ppkw_bigger.jpeg,https://twitter.com/adarshgouds/status/557160872909340673
abntelugutv,http://pbs.twimg.com/profile_images/416600582191718400/px1vJt1I_bigger.jpeg,https://twitter.com/abntelugutv/status/557127534668947457
abhitrendsetter,http://pbs.twimg.com/profile_images/556013191373656065/B39o4qpe_bigger.jpeg,https://twitter.com/abhitrendsetter/status/557140806876667905
abhayj768,http://pbs.twimg.com/profile_images/549528817379708931/592DRfSn_bigger.jpeg,https://twitter.com/abhayj768/status/557249808591622144
_PavanPrabhas,http://pbs.twimg.com/profile_images/554937895111258112/9bDEczvl_bigger.jpeg,https://twitter.com/_PavanPrabhas/status/557185754888019968
_Aarjun,http://pbs.twimg.com/profile_images/555717949965611010/zEXmN0K5_bigger.jpeg,https://twitter.com/_Aarjun/status/557209845019840513
Ynarendrababu3,http://pbs.twimg.com/profile_images/551252077674893312/ESbk9hSW_bigger.jpeg,https://twitter.com/Ynarendrababu3/status/557400743464824832
YhsPrakash,http://pbs.twimg.com/profile_images/499261063825616897/JKthbEK3_bigger.jpeg,https://twitter.com/YhsPrakash/status/557236920929894400
WwwTony999,http://pbs.twimg.com/profile_images/555632684467101696/2hIE_kLD_bigger.jpeg,https://twitter.com/WwwTony999/status/557406530656428032
Web_Traffic_Hub,http://pbs.twimg.com/profile_images/551684127074709506/30V2mATU_bigger.png,https://twitter.com/Web_Traffic_Hub/status/557104498187853825
VyasKalyan,http://pbs.twimg.com/profile_images/553948769859796992/Hs7B6wAi_bigger.jpeg,https://twitter.com/VyasKalyan/status/557134555304316928
Venkyrocks9,http://pbs.twimg.com/profile_images/554680602713018369/jxrkZhGD_bigger.jpeg,https://twitter.com/Venkyrocks9/status/557188988226646016
VadlakondaSai,http://pbs.twimg.com/profile_images/551267010831593473/JtQAxDeC_bigger.jpeg,https://twitter.com/VadlakondaSai/status/557194303101890560
UrsSrikanth,http://pbs.twimg.com/profile_images/447398746880368640/i-iM7tJa_bigger.jpeg,https://twitter.com/UrsSrikanth/status/557410901297733632
UrsShruthi,http://pbs.twimg.com/profile_images/3118666957/f62abbbde97dc58fc23509201bdde701_bigger.jpeg,https://twitter.com/UrsShruthi/status/557321634562838528
UrsSamyuktha,http://pbs.twimg.com/profile_images/557205592897765376/TyWfHW3E_bigger.jpeg,https://twitter.com/UrsSamyuktha/status/557124894757257216
UrsSaikiran,http://pbs.twimg.com/profile_images/556295738699681793/57ZwikrU_bigger.jpeg,https://twitter.com/UrsSaikiran/status/557164736765112320
Trivikram_Fans,http://pbs.twimg.com/profile_images/554804254733369346/8AjNqFnA_bigger.jpeg,https://twitter.com/Trivikram_Fans/status/557265194020126720
The_CrazyGuy,http://pbs.twimg.com/profile_images/3732961256/8499f2c075399e60c68e8d496e42d5b8_bigger.jpeg,https://twitter.com/The_CrazyGuy/status/557229710695211011
TheJaykishan1,http://pbs.twimg.com/profile_images/557190770579357697/n_6pkLbr_bigger.jpeg,https://twitter.com/TheJaykishan1/status/557191519552040960
ThatsVenki,http://pbs.twimg.com/profile_images/557113281270140928/OoCyKE0b_bigger.jpeg,https://twitter.com/ThatsVenki/status/557169938939383811
Thalaveriyan14,http://pbs.twimg.com/profile_images/557201266850283520/rhGMtsiU_bigger.jpeg,https://twitter.com/Thalaveriyan14/status/557217541320228865
Tejaswi4You,http://pbs.twimg.com/profile_images/486907785582370816/wvhzehxO_bigger.jpeg,https://twitter.com/Tejaswi4You/status/557155260720873473
TEAM_JANASENA,http://pbs.twimg.com/profile_images/513047858937724928/XrcLDLMI_bigger.jpeg,https://twitter.com/TEAM_JANASENA/status/557397328001134592
Swethaduvvi,http://pbs.twimg.com/profile_images/514771980487491584/GZ5q6PqZ_bigger.jpeg,https://twitter.com/Swethaduvvi/status/557131321672077312
Suryav079Surya,http://pbs.twimg.com/profile_images/552379812635877376/3v_BYBPz_bigger.jpeg,https://twitter.com/Suryav079Surya/status/557397177043918848
Supersta_addict,http://pbs.twimg.com/profile_images/497021162031808512/CcvHIaC7_bigger.png,https://twitter.com/Supersta_addict/status/557196141461114881
Sunsayzz,http://pbs.twimg.com/profile_images/557126591713513472/Ui60B6QO_bigger.jpeg,https://twitter.com/Sunsayzz/status/557093035767394304
Sumasravi,http://abs.twimg.com/sticky/default_profile_images/default_profile_3_bigger.png,https://twitter.com/Sumasravi/status/557229403847917568
Sulthan77884413,http://pbs.twimg.com/profile_images/557386967730495488/ssK3qFjv_bigger.jpeg,https://twitter.com/Sulthan77884413/status/557385773087879169
SubbuPavanism,http://abs.twimg.com/sticky/default_profile_images/default_profile_3_bigger.png,https://twitter.com/SubbuPavanism/status/557103871487528962
Srinupawan1501,http://pbs.twimg.com/profile_images/550709920589295617/jpQLt7OB_bigger.jpeg,https://twitter.com/Srinupawan1501/status/557143183532888064
SrikanthAero183,http://pbs.twimg.com/profile_images/540911255368658944/Y86TerDj_bigger.jpeg,https://twitter.com/SrikanthAero183/status/557174515638497280
SreepadHappy,http://pbs.twimg.com/profile_images/552696411406360578/oxvkzg2m_bigger.jpeg,https://twitter.com/SreepadHappy/status/557123775498420224
SivaSiv83262028,http://pbs.twimg.com/profile_images/557246679166894080/RI1gg41h_bigger.jpeg,https://twitter.com/SivaSiv83262028/status/557245081787174912
SinghRowdysingh,http://pbs.twimg.com/profile_images/543021935156674561/uO3TW9wK_bigger.png,https://twitter.com/SinghRowdysingh/status/557365065792245760
SidduPawanfan,http://pbs.twimg.com/profile_images/555724740464103428/rM1cTAtW_bigger.jpeg,https://twitter.com/SidduPawanfan/status/557126009150251008
Siddhartha619,http://pbs.twimg.com/profile_images/552884244477784067/A20rpm-3_bigger.jpeg,https://twitter.com/Siddhartha619/status/557137916644700161
Shra1Pspk,http://pbs.twimg.com/profile_images/555612512612143104/fyHbc1jQ_bigger.jpeg,https://twitter.com/Shra1Pspk/status/557161962744729600
ShivangChauhans,http://pbs.twimg.com/profile_images/557153750599483392/011oZJJq_bigger.jpeg,https://twitter.com/ShivangChauhans/status/557409635338952705
Shashider,http://pbs.twimg.com/profile_images/1399745850/02092010_001__bigger.jpg,https://twitter.com/Shashider/status/557142800081244163
Shaikshapawan,http://pbs.twimg.com/profile_images/529227045260099585/WmUUkApJ_bigger.jpeg,https://twitter.com/Shaikshapawan/status/557166066502082560
Seshukairam,http://pbs.twimg.com/profile_images/1485771237/original_Pawan-Kalyan_47fe5a8bcc32d_bigger.jpg,https://twitter.com/Seshukairam/status/557132114244542464
Satish_pspk,http://pbs.twimg.com/profile_images/3065092866/fc846e3425c6f9d5aa5d5a1c8577d577_bigger.jpeg,https://twitter.com/Satish_pspk/status/557251396735467522
SaniaSoumya,http://pbs.twimg.com/profile_images/552859006977331201/rhILtH7w_bigger.jpeg,https://twitter.com/SaniaSoumya/status/557089411083415552
SaisreeDhoni,http://pbs.twimg.com/profile_images/492332314890747904/qyzGBC8T_bigger.jpeg,https://twitter.com/SaisreeDhoni/status/557199236018630656
Saireddy625,http://pbs.twimg.com/profile_images/549350132202762240/kYU4hsIp_bigger.jpeg,https://twitter.com/Saireddy625/status/557367029666033666
Saiprabhas1919,http://abs.twimg.com/sticky/default_profile_images/default_profile_4_bigger.png,https://twitter.com/Saiprabhas1919/status/557170104887037953
Saipavan1952,http://pbs.twimg.com/profile_images/557378618289307648/vPoZM7Jz_bigger.jpeg,https://twitter.com/Saipavan1952/status/557379117226934273
SaiPawan15,http://pbs.twimg.com/profile_images/557415571524816896/3ILthGNu_bigger.jpeg,https://twitter.com/SaiPawan15/status/557417679837884417
SaiDharamTejfan,http://pbs.twimg.com/profile_images/424565954517798912/iq49LboO_bigger.jpeg,https://twitter.com/SaiDharamTejfan/status/557203662053732353
SagarPawanism1,http://pbs.twimg.com/profile_images/551607716272025601/T0sJQYiR_bigger.jpeg,https://twitter.com/SagarPawanism1/status/557079119071309824
S_krishna1,http://pbs.twimg.com/profile_images/532092698765709312/UJiuP9hf_bigger.jpeg,https://twitter.com/S_krishna1/status/557164189014577152
SWAPNAVELIVELA,http://pbs.twimg.com/profile_images/555945267967447040/PG5DNAOA_bigger.jpeg,https://twitter.com/SWAPNAVELIVELA/status/557151770602790915
SScharanalways,http://pbs.twimg.com/profile_images/556784433663991809/dD7vb-UF_bigger.jpeg,https://twitter.com/SScharanalways/status/557090489573208065
SKodipaka,http://abs.twimg.com/sticky/default_profile_images/default_profile_3_bigger.png,https://twitter.com/SKodipaka/status/557260767897325568
SAILEELAMOHAN,http://pbs.twimg.com/profile_images/557109441317707776/tPYHTdI-_bigger.jpeg,https://twitter.com/SAILEELAMOHAN/status/557111176010530816
Ruthvik_Rao,http://pbs.twimg.com/profile_images/476752804518690816/aMbnLh7L_bigger.jpeg,https://twitter.com/Ruthvik_Rao/status/557117930618380289
ReddyKoneti,http://pbs.twimg.com/profile_images/550348626111631360/mwaaqqEf_bigger.jpeg,https://twitter.com/ReddyKoneti/status/557080461424336896
Reddy98Anurag,http://pbs.twimg.com/profile_images/552348821561155584/kL2lrgBp_bigger.jpeg,https://twitter.com/Reddy98Anurag/status/557190611313246208
Rbkaranteja,http://pbs.twimg.com/profile_images/557163835203678208/yze_pHJV_bigger.jpeg,https://twitter.com/Rbkaranteja/status/557161886769098752
Ravikolasani,http://abs.twimg.com/sticky/default_profile_images/default_profile_5_bigger.png,https://twitter.com/Ravikolasani/status/557124573850652673
RaviLovesPeeCee,http://pbs.twimg.com/profile_images/540145353660461056/eBNvXPrr_bigger.jpeg,https://twitter.com/RaviLovesPeeCee/status/557231822946324481
RaoSrinivas22,http://pbs.twimg.com/profile_images/556474425214636033/2YTbZ_jD_bigger.jpeg,https://twitter.com/RaoSrinivas22/status/557200126796521473
Ranadeer81h,http://pbs.twimg.com/profile_images/550913124971208705/1U6aS0k-_bigger.jpeg,https://twitter.com/Ranadeer81h/status/557143707686674432
Rameshkumarpon1,http://abs.twimg.com/sticky/default_profile_images/default_profile_6_bigger.png,https://twitter.com/Rameshkumarpon1/status/557366104448724994
Ramesh_says,http://pbs.twimg.com/profile_images/488288150129610752/YXR2pSgr_bigger.jpeg,https://twitter.com/Ramesh_says/status/557161861229973505
Ramesh_Pawanism,http://pbs.twimg.com/profile_images/500476767828574208/qu9Yi5Hg_bigger.jpeg,https://twitter.com/Ramesh_Pawanism/status/557104792627974146
RamPras90728940,http://pbs.twimg.com/profile_images/555548848068644868/CXXz13w4_bigger.jpeg,https://twitter.com/RamPras90728940/status/557367603811721217
Ram4Mahesh,http://pbs.twimg.com/profile_images/551613629871583232/goRL3dxw_bigger.jpeg,https://twitter.com/Ram4Mahesh/status/557156902220464128
Rajesh_Devu,http://pbs.twimg.com/profile_images/550845892412989441/ZeZFnAxw_bigger.jpeg,https://twitter.com/Rajesh_Devu/status/557222907999686656
RajeevtejDasari,http://pbs.twimg.com/profile_images/550354091063275521/T-VhSOpw_bigger.jpeg,https://twitter.com/RajeevtejDasari/status/557171922169888768
Rajareddy_Pk,http://pbs.twimg.com/profile_images/557084105536327680/PGGHzZvr_bigger.jpeg,https://twitter.com/Rajareddy_Pk/status/557083804905390081
Raj_Pspkf,http://pbs.twimg.com/profile_images/556765602484731904/1o9QwgP1_bigger.jpeg,https://twitter.com/Raj_Pspkf/status/557387412624916480
Raj_4Prince,http://pbs.twimg.com/profile_images/552767150557913088/ZJvrnLSu_bigger.jpeg,https://twitter.com/Raj_4Prince/status/557164271780372480
RainingFood,http://pbs.twimg.com/profile_images/378800000709600148/47125fcddef12cf6d61de63e81ff22e2_bigger.jpeg,https://twitter.com/RainingFood/status/557240700824064000
RahulAlle,http://pbs.twimg.com/profile_images/546326006785523712/HbZFVod0_bigger.jpeg,https://twitter.com/RahulAlle/status/557080397532508161
RAJA211113,http://pbs.twimg.com/profile_images/550980962603921408/Nj87OzrF_bigger.jpeg,https://twitter.com/RAJA211113/status/557142614919495680
PuppalaSrisai,http://pbs.twimg.com/profile_images/3606910248/0cc345d114b8c72d5e22fde00bd18c0e_bigger.jpeg,https://twitter.com/PuppalaSrisai/status/557186344741773313
PspkJanasena,http://pbs.twimg.com/profile_images/552456159928393728/OtO9mFR5_bigger.jpeg,https://twitter.com/PspkJanasena/status/557235265144496128
Praveen_Ileana,http://pbs.twimg.com/profile_images/553194866373443585/OYNnQzC__bigger.jpeg,https://twitter.com/Praveen_Ileana/status/557223109162315777
PraveenNaidu09,http://pbs.twimg.com/profile_images/502833446524174337/aBJy7Ly4_bigger.jpeg,https://twitter.com/PraveenNaidu09/status/557101389361315840
Pravallianjuri,http://pbs.twimg.com/profile_images/555070584841703424/yDkry1Rp_bigger.jpeg,https://twitter.com/Pravallianjuri/status/557119013734469632
Prashanth_MBfan,http://pbs.twimg.com/profile_images/557218959447957505/lAUMV2AZ_bigger.jpeg,https://twitter.com/Prashanth_MBfan/status/557080207417290752
Prasad4Prince,http://pbs.twimg.com/profile_images/557167174750441472/WN_TxlCS_bigger.jpeg,https://twitter.com/Prasad4Prince/status/557164514978717698
Pranav27112010,http://pbs.twimg.com/profile_images/547795381115813890/3yL9Yxlz_bigger.jpeg,https://twitter.com/Pranav27112010/status/557226828155199488
Powerrstarfan,http://pbs.twimg.com/profile_images/553061649578745856/QvxMmWiH_bigger.jpeg,https://twitter.com/Powerrstarfan/status/557120865226481664
Pkuchi99,http://pbs.twimg.com/profile_images/495183021512085504/8iCfwtRX_bigger.jpeg,https://twitter.com/Pkuchi99/status/557176181972545536
Pawan_KalyanFC,http://pbs.twimg.com/profile_images/552767513864331264/QpzAN8tg_bigger.jpeg,https://twitter.com/Pawan_KalyanFC/status/557395718940274688
PawanKalyan_IN,http://pbs.twimg.com/profile_images/553423707486441472/AviGOOAp_bigger.jpeg,https://twitter.com/PawanKalyan_IN/status/557219589088899073
PawanKalyan_FB,http://pbs.twimg.com/profile_images/378800000438635131/e612eed843f0890137a161d81ae9047c_bigger.jpeg,https://twitter.com/PawanKalyan_FB/status/557125265667923968
PawanKalyanHero,http://pbs.twimg.com/profile_images/557098050527580160/gOUnttWF_bigger.jpeg,https://twitter.com/PawanKalyanHero/status/557234296436838400
PawanKalyanFan,http://pbs.twimg.com/profile_images/556139937477574657/mtCktbbI_bigger.jpeg,https://twitter.com/PawanKalyanFan/status/557120401625464832
Pavan_1207,http://pbs.twimg.com/profile_images/551014184402432000/Vrml_ZKD_bigger.jpeg,https://twitter.com/Pavan_1207/status/557207168085004290
PalliBataniAP,http://pbs.twimg.com/profile_images/378800000160532740/c2863766ee0ec4bc2cf53362761e4594_bigger.jpeg,https://twitter.com/PalliBataniAP/status/557167179427115009
PadmasriYesuri,http://pbs.twimg.com/profile_images/557120732845453312/rHHJGJC7_bigger.jpeg,https://twitter.com/PadmasriYesuri/status/557119391532216320
Pa1Mani,http://pbs.twimg.com/profile_images/553446762317238272/FCbPs_dF_bigger.jpeg,https://twitter.com/Pa1Mani/status/557198313598889986
Pa1AntePicchi,http://pbs.twimg.com/profile_images/552190273959116800/YCGbZHSV_bigger.jpeg,https://twitter.com/Pa1AntePicchi/status/557387311009107968
PSPKfanatic,http://pbs.twimg.com/profile_images/556040351790551041/WSMHtiMp_bigger.jpeg,https://twitter.com/PSPKfanatic/status/557138148451315712
PSPK_FC,http://pbs.twimg.com/profile_images/555610505407000576/lMtxQJ_j_bigger.jpeg,https://twitter.com/PSPK_FC/status/557201773652226048
PKfan_JP,http://pbs.twimg.com/profile_images/552110714593099776/DLb0cJUP_bigger.jpeg,https://twitter.com/PKfan_JP/status/557215015061561345
PK_karteek,http://pbs.twimg.com/profile_images/557368686491619328/GKOqLax1_bigger.jpeg,https://twitter.com/PK_karteek/status/557217069947559936
Noor00777,http://pbs.twimg.com/profile_images/3612304332/a560abc0a99f9dbec43f0c9c3e1dd6b4_bigger.jpeg,https://twitter.com/Noor00777/status/557182211980394496
NihaReddy85,http://pbs.twimg.com/profile_images/553714128288641027/XIw3umU-_bigger.jpeg,https://twitter.com/NihaReddy85/status/557351616664588288
Naveenp49824915,http://abs.twimg.com/sticky/default_profile_images/default_profile_0_bigger.png,https://twitter.com/Naveenp49824915/status/557380693127229440
Naveen5665,http://pbs.twimg.com/profile_images/555561055200370688/ot2KqWjz_bigger.jpeg,https://twitter.com/Naveen5665/status/557109249948413952
NanduThota,http://pbs.twimg.com/profile_images/557264613427781632/TLNzBbfN_bigger.jpeg,https://twitter.com/NanduThota/status/557192046310461444
NaiduBawa,http://pbs.twimg.com/profile_images/553910576590512128/Bf2wK3A2_bigger.jpeg,https://twitter.com/NaiduBawa/status/557079784560160768
NagarajaReddyS,http://pbs.twimg.com/profile_images/556468225836208128/-nibiS2s_bigger.jpeg,https://twitter.com/NagarajaReddyS/status/557090806306058241
Nagamallesh16,http://pbs.twimg.com/profile_images/557173680677982211/6s5yiAi4_bigger.jpeg,https://twitter.com/Nagamallesh16/status/557175689594413056
Nag_pspk,http://abs.twimg.com/sticky/default_profile_images/default_profile_5_bigger.png,https://twitter.com/Nag_pspk/status/557214703051870208
NTR_jako,http://pbs.twimg.com/profile_images/378800000202703712/1083ab59076b0a2b5dae71ea63882b58_bigger.jpeg,https://twitter.com/NTR_jako/status/557208279185915905
Mr_LonelySRKian,http://pbs.twimg.com/profile_images/542569996904194048/5JkWIySt_bigger.jpeg,https://twitter.com/Mr_LonelySRKian/status/557401741365215232
MrVamsheeReddy,http://pbs.twimg.com/profile_images/552317439032041472/JEggdLx4_bigger.jpeg,https://twitter.com/MrVamsheeReddy/status/557127216442507266
MoviesDialogues,http://pbs.twimg.com/profile_images/378800000368654088/247200c56b34c1fcc00e63cf94dc3ce5_bigger.jpeg,https://twitter.com/MoviesDialogues/status/557103779242598400
Mohan_Saladi,http://pbs.twimg.com/profile_images/524196680812331008/K81DLF-M_bigger.jpeg,https://twitter.com/Mohan_Saladi/status/557084774515220480
Mee_Surya,http://pbs.twimg.com/profile_images/552112092493250560/Z_qaowcV_bigger.png,https://twitter.com/Mee_Surya/status/557187146042183680
MedicoYogi,http://pbs.twimg.com/profile_images/556166898295918593/bawTHBOM_bigger.jpeg,https://twitter.com/MedicoYogi/status/557417118036025344
Me_MrCool,http://pbs.twimg.com/profile_images/516023402461532160/N6u528Bs_bigger.jpeg,https://twitter.com/Me_MrCool/status/557206476750872577
MaruthiTalkies,http://pbs.twimg.com/profile_images/522656284139458560/Ir7wdn3M_bigger.png,https://twitter.com/MaruthiTalkies/status/557099929827409920
ManojMalladi,http://pbs.twimg.com/profile_images/515027603632037888/tSyMZm5O_bigger.jpeg,https://twitter.com/ManojMalladi/status/557127786381316096
ManikantaTmk,http://pbs.twimg.com/profile_images/552868070402691072/UNfAefO0_bigger.jpeg,https://twitter.com/ManikantaTmk/status/557133238121267200
Mahesh_bhaktudu,http://pbs.twimg.com/profile_images/555698886308687872/OhHR5QrG_bigger.jpeg,https://twitter.com/Mahesh_bhaktudu/status/557409957079830532
MaheshGinugu,http://pbs.twimg.com/profile_images/552373646098841600/f6op95e5_bigger.jpeg,https://twitter.com/MaheshGinugu/status/557109655038853120
MaheshFollower,http://pbs.twimg.com/profile_images/531089030759194624/37zo9kp5_bigger.jpeg,https://twitter.com/MaheshFollower/status/557170995283230720
MULAKALAGUMADAM,http://abs.twimg.com/sticky/default_profile_images/default_profile_6_bigger.png,https://twitter.com/MULAKALAGUMADAM/status/557125924672376832
MAbhyudaya,http://pbs.twimg.com/profile_images/552928533626908672/GTX-Rff3_bigger.jpeg,https://twitter.com/MAbhyudaya/status/557398427005247488
MAHESH_MANIA007,http://pbs.twimg.com/profile_images/550123065133113345/mI2PChi9_bigger.jpeg,https://twitter.com/MAHESH_MANIA007/status/557186682269618176
LovlySrinivas,http://pbs.twimg.com/profile_images/557105421148631040/-zp01QXG_bigger.jpeg,https://twitter.com/LovlySrinivas/status/557355931999019008
LocalPowerstar,http://pbs.twimg.com/profile_images/555220134281756673/6VyuV-_M_bigger.jpeg,https://twitter.com/LocalPowerstar/status/557188449745117185
Leelasurendra1,http://pbs.twimg.com/profile_images/552398340566970368/PxIFUMLk_bigger.jpeg,https://twitter.com/Leelasurendra1/status/557115565341286401
LeelaHappy,http://pbs.twimg.com/profile_images/557228361240436736/j-Vup3im_bigger.jpeg,https://twitter.com/LeelaHappy/status/557231331801694208
KumarPoli,http://pbs.twimg.com/profile_images/554640942632689664/rRxw_54H_bigger.jpeg,https://twitter.com/KumarPoli/status/557132087904325633
Kiranmeesara,http://pbs.twimg.com/profile_images/532156232308514816/WmDyeLOu_bigger.jpeg,https://twitter.com/Kiranmeesara/status/557196000431845377
KiTtu_PSPK,http://pbs.twimg.com/profile_images/556513008122228736/6e5OlqMg_bigger.jpeg,https://twitter.com/KiTtu_PSPK/status/557414855309680640
Kchiru,http://pbs.twimg.com/profile_images/432770296232148992/7CQZfI3P_bigger.jpeg,https://twitter.com/Kchiru/status/557200648668594176
KasapoguPrakash,http://pbs.twimg.com/profile_images/448639707237216256/o96AA5h5_bigger.jpeg,https://twitter.com/KasapoguPrakash/status/557417455744598016
Kareem_CPT,http://pbs.twimg.com/profile_images/507073301261197312/cKIMquK5_bigger.jpeg,https://twitter.com/Kareem_CPT/status/557108607741730816
KalyanjiJs,http://abs.twimg.com/sticky/default_profile_images/default_profile_4_bigger.png,https://twitter.com/KalyanjiJs/status/557240028133216256
Kalyan_kks,http://pbs.twimg.com/profile_images/555240420507000832/NemoXQWW_bigger.jpeg,https://twitter.com/Kalyan_kks/status/557159254088372225
KOTIPALLIRAJESH,http://pbs.twimg.com/profile_images/554473861610090496/c93TxLZP_bigger.jpeg,https://twitter.com/KOTIPALLIRAJESH/status/557363527908749312
KARIMNAGAR2013,http://abs.twimg.com/sticky/default_profile_images/default_profile_2_bigger.png,https://twitter.com/KARIMNAGAR2013/status/557209222815809536
JohnnyKarthik,http://pbs.twimg.com/profile_images/556813537624875008/kYtnAcpS_bigger.jpeg,https://twitter.com/JohnnyKarthik/status/557214503268392961
JohnathonTT,http://abs.twimg.com/sticky/default_profile_images/default_profile_1_bigger.png,https://twitter.com/JohnathonTT/status/557100048291336192
JittaSashi,http://pbs.twimg.com/profile_images/551226511441657856/Gd3TnSeK_bigger.jpeg,https://twitter.com/JittaSashi/status/557140863969525761
JaiDev_Pawanism,http://pbs.twimg.com/profile_images/378800000399353330/0b2c55913ffc9c631d8541bed4d94c3c_bigger.jpeg,https://twitter.com/JaiDev_Pawanism/status/557107946555846656
JagdishSarepaka,http://pbs.twimg.com/profile_images/551015202586521601/-hSsrH6y_bigger.jpeg,https://twitter.com/JagdishSarepaka/status/557319035000340480
Itsme_Thej,http://pbs.twimg.com/profile_images/556713960557137920/QxeDYCEF_bigger.jpeg,https://twitter.com/Itsme_Thej/status/557121236363247616
IntrovertMO,http://pbs.twimg.com/profile_images/557177764118138880/Ji5p3W-L_bigger.jpeg,https://twitter.com/IntrovertMO/status/557216890351652864
ImBmk1,http://pbs.twimg.com/profile_images/540399378305789953/H3fxBeFp_bigger.jpeg,https://twitter.com/ImBmk1/status/557411146701864960
IemManikanta,http://pbs.twimg.com/profile_images/554319464775159808/goUINi-o_bigger.jpeg,https://twitter.com/IemManikanta/status/557243618688131074
IamPavone,http://pbs.twimg.com/profile_images/557188150900953088/9as2ozKs_bigger.jpeg,https://twitter.com/IamPavone/status/557207260615548928
IaMSuPeReHeI,http://abs.twimg.com/sticky/default_profile_images/default_profile_1_bigger.png,https://twitter.com/IaMSuPeReHeI/status/557395389075058690
ITeluguCinema,http://pbs.twimg.com/profile_images/492333379677724672/6UnBmH6K_bigger.jpeg,https://twitter.com/ITeluguCinema/status/557396167944704001
IAM_RAAWI,http://pbs.twimg.com/profile_images/554628727200444416/LXAC5_Ca_bigger.jpeg,https://twitter.com/IAM_RAAWI/status/557201803335729153
HemaGenji,http://pbs.twimg.com/profile_images/3119994519/008baf2982eb272da67a9bf575af4862_bigger.jpeg,https://twitter.com/HemaGenji/status/557225394823114753
Harsha_sw,http://pbs.twimg.com/profile_images/550994150561042434/-R5TljaU_bigger.jpeg,https://twitter.com/Harsha_sw/status/557085457721221121
HarshaPawanism,http://pbs.twimg.com/profile_images/549943793105924096/L76x-GB8_bigger.jpeg,https://twitter.com/HarshaPawanism/status/557180519335477249
Harish_Charan,http://pbs.twimg.com/profile_images/546971256176640002/OQ_TAWh4_bigger.jpeg,https://twitter.com/Harish_Charan/status/557139391106134016
HarikrishnaPala,http://pbs.twimg.com/profile_images/1158701284/as_bigger.jpg,https://twitter.com/HarikrishnaPala/status/557198234360107012
Hanu_MegaPower,http://pbs.twimg.com/profile_images/549925841228931074/O-w2UQ8t_bigger.jpeg,https://twitter.com/Hanu_MegaPower/status/557239431128571904
HYDInsider,http://pbs.twimg.com/profile_images/528892306070331392/haDCmNwr_bigger.png,https://twitter.com/HYDInsider/status/557390207981334528
GunvantSr,http://pbs.twimg.com/profile_images/547420040463515650/IS1WwmpR_bigger.jpeg,https://twitter.com/GunvantSr/status/557244411797442560
GowthamAlways,http://pbs.twimg.com/profile_images/554351110765297664/Y0NSxB3F_bigger.jpeg,https://twitter.com/GowthamAlways/status/557396053477953538
Go_PK_tella,http://pbs.twimg.com/profile_images/542558965502976000/BKV1jnQL_bigger.jpeg,https://twitter.com/Go_PK_tella/status/557080361428324352
GnanaVarsha,http://pbs.twimg.com/profile_images/555720645288284161/yOsPVA_2_bigger.jpeg,https://twitter.com/GnanaVarsha/status/557167972779712512
GayatriRamya,http://pbs.twimg.com/profile_images/510702519266189312/OFkEfisx_bigger.jpeg,https://twitter.com/GayatriRamya/status/557081958602117121
GanjiNaveen87,http://abs.twimg.com/sticky/default_profile_images/default_profile_4_bigger.png,https://twitter.com/GanjiNaveen87/status/557128164569137152
Gangadh52854245,http://abs.twimg.com/sticky/default_profile_images/default_profile_0_bigger.png,https://twitter.com/Gangadh52854245/status/557089388463521792
GaneshYpsr,http://pbs.twimg.com/profile_images/502721844772745216/03LWlpKk_bigger.jpeg,https://twitter.com/GaneshYpsr/status/557126111088230400
FilmibeatTe,http://pbs.twimg.com/profile_images/507092065440653312/cDzLLJ-W_bigger.jpeg,https://twitter.com/FilmibeatTe/status/557188729857527808
DmaheshMahi,http://pbs.twimg.com/profile_images/542976105372590083/CK-XweFY_bigger.jpeg,https://twitter.com/DmaheshMahi/status/557150396368437248
Dinesh4you_SACH,http://pbs.twimg.com/profile_images/553246985751236608/Mbmo36nL_bigger.jpeg,https://twitter.com/Dinesh4you_SACH/status/557113159719211008
Dimple2174,http://pbs.twimg.com/profile_images/557263172856336384/mGYjLA8__bigger.jpeg,https://twitter.com/Dimple2174/status/557262120803241985
DevaDarling2,http://abs.twimg.com/sticky/default_profile_images/default_profile_5_bigger.png,https://twitter.com/DevaDarling2/status/557113312169566208
Das_J16,http://pbs.twimg.com/profile_images/456852860030820354/Ti0utu1u_bigger.jpeg,https://twitter.com/Das_J16/status/557363480638914560
D_PSPK,http://pbs.twimg.com/profile_images/556713921227157504/s0Uaogf1_bigger.jpeg,https://twitter.com/D_PSPK/status/557223820872781824
DVRAFanSaiRam,http://pbs.twimg.com/profile_images/556497039005982720/KgLCvd--_bigger.jpeg,https://twitter.com/DVRAFanSaiRam/status/557209196274282497
DRaaraju,http://abs.twimg.com/sticky/default_profile_images/default_profile_3_bigger.png,https://twitter.com/DRaaraju/status/557103018064093184
ChiruandDravid,http://pbs.twimg.com/profile_images/499959352854208514/7eGzCqOg_bigger.jpeg,https://twitter.com/ChiruandDravid/status/557097635643805696
Charan_Arjun4,http://pbs.twimg.com/profile_images/505973753264607233/eaXruZOn_bigger.jpeg,https://twitter.com/Charan_Arjun4/status/557148835219525633
ChanduMedikonda,http://pbs.twimg.com/profile_images/552003020414676992/P8wYZcuf_bigger.jpeg,https://twitter.com/ChanduMedikonda/status/557083035607130113
Candid_HRavi,http://pbs.twimg.com/profile_images/557074724266598400/tpMCyVeh_bigger.jpeg,https://twitter.com/Candid_HRavi/status/557400152432857088
CHANDRA48646374,http://pbs.twimg.com/profile_images/1835176972/DSC00969_bigger.JPG,https://twitter.com/CHANDRA48646374/status/557351944570675200
BoxOfficeMazza,http://pbs.twimg.com/profile_images/551810168577474560/af89O5Kg_bigger.jpeg,https://twitter.com/BoxOfficeMazza/status/557190567126237184
BheemlaNai,http://pbs.twimg.com/profile_images/557398291361447939/l_VV6ybi_bigger.jpeg,https://twitter.com/BheemlaNai/status/557393511616495617
BhaskarSanga,http://pbs.twimg.com/profile_images/468888773464322048/svtPVX71_bigger.jpeg,https://twitter.com/BhaskarSanga/status/557192631550504960
BhanuPrakashN,http://pbs.twimg.com/profile_images/419478788221595649/qdsELnLn_bigger.jpeg,https://twitter.com/BhanuPrakashN/status/557200232447242240
Bhagi_SL,http://pbs.twimg.com/profile_images/557407224406888449/2MIHp8kD_bigger.jpeg,https://twitter.com/Bhagi_SL/status/557325284685250562
Beerdaas,http://pbs.twimg.com/profile_images/535868932763054081/InDMs2tU_bigger.jpeg,https://twitter.com/Beerdaas/status/557141322390188032
BeHappyQuotes2u,http://pbs.twimg.com/profile_images/523519471080570881/BOixZQ_h_bigger.jpeg,https://twitter.com/BeHappyQuotes2u/status/557097347302166530
Barpatimanjusha,http://pbs.twimg.com/profile_images/557120615480442881/x40uAA6q_bigger.jpeg,https://twitter.com/Barpatimanjusha/status/557118544924528642
Balababu7,http://pbs.twimg.com/profile_images/557252089072459778/u_UNo8h7_bigger.jpeg,https://twitter.com/Balababu7/status/557250289741221888
BRavii63,http://pbs.twimg.com/profile_images/430588946683547648/ZXeBkRWI_bigger.jpeg,https://twitter.com/BRavii63/status/557095461190774787
BGCY_FOUNDATION,http://pbs.twimg.com/profile_images/482838571456266240/2IG0vAN1_bigger.jpeg,https://twitter.com/BGCY_FOUNDATION/status/557141042319728640
Asriniv90325872,http://pbs.twimg.com/profile_images/542977113821691905/gKVcxs4j_bigger.jpeg,https://twitter.com/Asriniv90325872/status/557397310854803456
ArjunFed56,http://pbs.twimg.com/profile_images/554164103371968512/Ku83OLbq_bigger.jpeg,https://twitter.com/ArjunFed56/status/557168561592868864
AnilkumarK8688,http://pbs.twimg.com/profile_images/536438165167284225/xccKsuWG_bigger.jpeg,https://twitter.com/AnilkumarK8688/status/557153718102020097
AmruthR68120627,http://pbs.twimg.com/profile_images/556742566381494273/pPz8zpgz_bigger.jpeg,https://twitter.com/AmruthR68120627/status/557087996797673473
Always_Arjun,http://pbs.twimg.com/profile_images/502996201080225792/P7aVD8vl_bigger.jpeg,https://twitter.com/Always_Arjun/status/557107322363719680
AlwaysRcFan,http://pbs.twimg.com/profile_images/505979579027046401/3qUghRUx_bigger.jpeg,https://twitter.com/AlwaysRcFan/status/557113534656839680
AjayTheSrkFan,http://pbs.twimg.com/profile_images/557240122534416384/cwU6hElS_bigger.jpeg,https://twitter.com/AjayTheSrkFan/status/557403020858642433
Addicted2Charan,http://pbs.twimg.com/profile_images/556405926739976192/eXKhU9QA_bigger.jpeg,https://twitter.com/Addicted2Charan/status/557105783566270467
AdapaPrabhakar,http://pbs.twimg.com/profile_images/504562646784278528/J6wCAt72_bigger.jpeg,https://twitter.com/AdapaPrabhakar/status/557093862045278210
AbhilashGara,http://abs.twimg.com/sticky/default_profile_images/default_profile_6_bigger.png,https://twitter.com/AbhilashGara/status/557399698282016769
AL_gmilh,http://pbs.twimg.com/profile_images/543487225481015296/NnV0d2M3_bigger.jpeg,https://twitter.com/AL_gmilh/status/557188799433015296
AKHIL4729,http://abs.twimg.com/sticky/default_profile_images/default_profile_3_bigger.png,https://twitter.com/AKHIL4729/status/557141597289054208
A92Giribabu,http://pbs.twimg.com/profile_images/540371180377497600/1I-IfQvs_bigger.jpeg,https://twitter.com/A92Giribabu/status/557111893194571776
9Rckzzz,http://pbs.twimg.com/profile_images/557367801808035841/ZtvUO7UR_bigger.jpeg,https://twitter.com/9Rckzzz/status/557167768399642624
9492418722,http://abs.twimg.com/sticky/default_profile_images/default_profile_5_bigger.png,https://twitter.com/9492418722/status/557257776427065346
244589vishu,http://abs.twimg.com/sticky/default_profile_images/default_profile_3_bigger.png,https://twitter.com/244589vishu/status/557216068901408768
16kumar,http://pbs.twimg.com/profile_images/450351168007311360/NG2WK7pQ_bigger.jpeg,https://twitter.com/16kumar/status/557148251766288385
0486Ravi,http://pbs.twimg.com/profile_images/554662964381241344/CgR1lqAq_bigger.jpeg,https://twitter.com/0486Ravi/status/557107699800743936
