http://pbs.twimg.com/profile_images/489218956511563776/WNoq4XOD_bigger.jpeg,trinityadam,https://twitter.com/trinityadam,
http://pbs.twimg.com/profile_images/490123416217726977/3o9NStLf_bigger.jpeg,pawmarks,https://twitter.com/pawmarks,
http://pbs.twimg.com/profile_images/2944517635/5492cf569e6b0b1a9326a7d388009b60_bigger.png,IrishTimes,https://twitter.com/IrishTimes,
http://pbs.twimg.com/profile_images/484641092629827584/goQ3EmH8_bigger.jpeg,lilachbullock,https://twitter.com/lilachbullock,
http://pbs.twimg.com/profile_images/3702848499/ca183e8e41fe6a9cb41006ddcf15c0b2_bigger.jpeg,BernardMarr,https://twitter.com/BernardMarr,
http://pbs.twimg.com/profile_images/458989204811161600/MQMkByxZ_bigger.jpeg,montemagno,https://twitter.com/montemagno,
http://pbs.twimg.com/profile_images/3345249505/4713808b9c7f9e6db4cf68ad7601d037_bigger.png,IrishTimesBiz,https://twitter.com/IrishTimesBiz,
http://pbs.twimg.com/profile_images/3001049242/3a314d5c717eddba5689e9e4c4781b61_bigger.jpeg,kelanabumi,https://twitter.com/kelanabumi,
http://pbs.twimg.com/profile_images/2396887716/duzg1gvssmmeuucs9yx2_bigger.jpeg,karenyankovich,https://twitter.com/karenyankovich,
http://pbs.twimg.com/profile_images/519123563035381761/h4GzY-6q_bigger.png,HighSkillPro,https://twitter.com/HighSkillPro,
http://pbs.twimg.com/profile_images/458747202068705280/HEuCuvpT_bigger.png,startupcrunch,https://twitter.com/startupcrunch,
http://pbs.twimg.com/profile_images/455969946619502592/FhLczFl3_bigger.jpeg,digitindia,https://twitter.com/digitindia,
http://pbs.twimg.com/profile_images/552486710303395840/2DovzuPl_bigger.jpeg,socialhelp,https://twitter.com/socialhelp,
http://pbs.twimg.com/profile_images/499027341855563778/T8Z9o9cx_bigger.jpeg,ScottPValentine,https://twitter.com/ScottPValentine,
http://pbs.twimg.com/profile_images/1013782323/1_bigger.jpg,SMOCafe,https://twitter.com/SMOCafe,
http://pbs.twimg.com/profile_images/426481598343569408/jd_9wb9b_bigger.jpeg,NBmusicpromo,https://twitter.com/NBmusicpromo,
http://pbs.twimg.com/profile_images/460080156522995716/43UtjN5v_bigger.jpeg,PrabhuStudio,https://twitter.com/PrabhuStudio,
http://pbs.twimg.com/profile_images/553477684563410945/zH4taRMj_bigger.jpeg,netlash,https://twitter.com/netlash,
http://pbs.twimg.com/profile_images/378800000327406437/a7ff9b333c330d20107456bd9a3e2b58_bigger.jpeg,StartupSupaStar,https://twitter.com/StartupSupaStar,
http://pbs.twimg.com/profile_images/553177101936123904/Q6N7bFyW_bigger.jpeg,madrimasd,https://twitter.com/madrimasd,
http://pbs.twimg.com/profile_images/531853546937806848/ew0vurUC_bigger.jpeg,cwindley,https://twitter.com/cwindley,
http://pbs.twimg.com/profile_images/1564561240/HiRes_5643144256098_bigger.jpg,twilli2861,https://twitter.com/twilli2861,
http://pbs.twimg.com/profile_images/2827196517/2de5d3b187c34192bdab05851461c936_bigger.png,NeneOverland,https://twitter.com/NeneOverland,
http://pbs.twimg.com/profile_images/554254872225140736/r0eAkcnx_bigger.jpeg,ldupin,https://twitter.com/ldupin,
http://pbs.twimg.com/profile_images/542761199994036225/eJDFR5Vz_bigger.jpeg,brechtjedeleij,https://twitter.com/brechtjedeleij,
http://pbs.twimg.com/profile_images/430464839299772416/6oJ_MGgv_bigger.jpeg,CoachJohnMMcKee,https://twitter.com/CoachJohnMMcKee,
http://pbs.twimg.com/profile_images/536733116518260736/6l5zlHx0_bigger.jpeg,lkafle,https://twitter.com/lkafle,
http://pbs.twimg.com/profile_images/483988924625207296/lOnNlXrU_bigger.jpeg,MarsdenAssoc,https://twitter.com/MarsdenAssoc,
http://pbs.twimg.com/profile_images/466991709818064896/ROmAEPn7_bigger.jpeg,Teleperformance,https://twitter.com/Teleperformance,
http://pbs.twimg.com/profile_images/458919431943364608/gniH6qi3_bigger.png,SellingBySocial,https://twitter.com/SellingBySocial,
http://pbs.twimg.com/profile_images/422819488258473985/z6aUQOHD_bigger.jpeg,Mark_Harai,https://twitter.com/Mark_Harai,
http://pbs.twimg.com/profile_images/378800000097441097/064b939d003b0fe616c4ed75b761b521_bigger.jpeg,Gregor_Wegener,https://twitter.com/Gregor_Wegener,
http://pbs.twimg.com/profile_images/545876579255988224/DpovGsic_bigger.jpeg,NatSchooler,https://twitter.com/NatSchooler,
http://pbs.twimg.com/profile_images/1303641686/LEV_6409k_bigger.jpg,zeynepmengi,https://twitter.com/zeynepmengi,
http://pbs.twimg.com/profile_images/556775133122011136/0OL04VVy_bigger.jpeg,linching2,https://twitter.com/linching2,
http://pbs.twimg.com/profile_images/1291160075/New_Image_bigger.JPG,QFRecruitment,https://twitter.com/QFRecruitment,
http://pbs.twimg.com/profile_images/552220900418789377/Du_ciUXj_bigger.jpeg,floornobels,https://twitter.com/floornobels,
http://pbs.twimg.com/profile_images/506966078870654976/gpkeLDec_bigger.jpeg,ZapLinDaSilva,https://twitter.com/ZapLinDaSilva,
http://pbs.twimg.com/profile_images/520511253555318784/FBfWFudq_bigger.jpeg,ProgettoRENA,https://twitter.com/ProgettoRENA,
http://pbs.twimg.com/profile_images/1130080722/stephan_bigger.jpg,sspencer,https://twitter.com/sspencer,
http://pbs.twimg.com/profile_images/557096804047933440/Ev0zVVFG_bigger.jpeg,missconniemac,https://twitter.com/missconniemac,
http://pbs.twimg.com/profile_images/528144017825878016/kVH77zIy_bigger.jpeg,GetSafeOnline,https://twitter.com/GetSafeOnline,
http://pbs.twimg.com/profile_images/576484242/Logitech_Vid_bigger.jpg,SexyCostumes4U,https://twitter.com/SexyCostumes4U,
http://pbs.twimg.com/profile_images/459267120371466240/b1qOAbLz_bigger.png,2xeCommerce,https://twitter.com/2xeCommerce,
http://pbs.twimg.com/profile_images/1824533887/usJobsSymbol_bigger.jpg,usdotjobs,https://twitter.com/usdotjobs,
http://pbs.twimg.com/profile_images/501277766763827200/O1zM5Wn-_bigger.jpeg,PromoteCapeTown,https://twitter.com/PromoteCapeTown,
http://pbs.twimg.com/profile_images/2790099068/bf0c7b46331a60d9f80a26aa50e0400d_bigger.jpeg,olivabooks,https://twitter.com/olivabooks,
http://pbs.twimg.com/profile_images/473912998210195456/dXyp1LRA_bigger.jpeg,jeremyboye,https://twitter.com/jeremyboye,
http://pbs.twimg.com/profile_images/516512110243622912/jY4FP2cc_bigger.jpeg,JungleeBillli,https://twitter.com/JungleeBillli,
http://pbs.twimg.com/profile_images/486668232149835777/B8JMDI6l_bigger.jpeg,rubensjose,https://twitter.com/rubensjose,
http://pbs.twimg.com/profile_images/556201155198332930/RXbeYVca_bigger.png,JobSearchGPS,https://twitter.com/JobSearchGPS,
http://pbs.twimg.com/profile_images/413671551452459008/wuZX7XTq_bigger.jpeg,AlittleMarket,https://twitter.com/AlittleMarket,
http://pbs.twimg.com/profile_images/535332890179956736/3oG3tjRv_bigger.jpeg,nikhilchawla,https://twitter.com/nikhilchawla,
http://pbs.twimg.com/profile_images/1743379906/CMtwit2_bigger.gif,CMnewsandviews,https://twitter.com/CMnewsandviews,
http://pbs.twimg.com/profile_images/552136763292934144/AJn3s-9Z_bigger.jpeg,Innovaption,https://twitter.com/Innovaption,
http://pbs.twimg.com/profile_images/556825268837687299/Nf7AGwF6_bigger.jpeg,kirst_enj,https://twitter.com/kirst_enj,
http://pbs.twimg.com/profile_images/550012978066493441/s0d3O_h0_bigger.jpeg,weare52N,https://twitter.com/weare52N,
http://pbs.twimg.com/profile_images/539344859153186816/pvr9VpPs_bigger.png,LBMLimited,https://twitter.com/LBMLimited,
http://pbs.twimg.com/profile_images/548925601331945473/fPhDZnRx_bigger.png,rosagiuffre,https://twitter.com/rosagiuffre,
http://pbs.twimg.com/profile_images/3617134703/5c8ad765121c9837d748e0e32dc6e9c4_bigger.jpeg,SarahRossellini,https://twitter.com/SarahRossellini,
http://pbs.twimg.com/profile_images/458854757558276096/vMxuTcDn_bigger.png,NicoleLeMaire,https://twitter.com/NicoleLeMaire,
http://pbs.twimg.com/profile_images/465000799668830209/abjHekDZ_bigger.jpeg,antosavarese,https://twitter.com/antosavarese,
http://pbs.twimg.com/profile_images/378800000096463285/02b962f444345109988dbd33ebfd3cb8_bigger.png,selectconsults,https://twitter.com/selectconsults,
http://pbs.twimg.com/profile_images/544544341696327682/jPU3UUd3_bigger.jpeg,thepranaysingh,https://twitter.com/thepranaysingh,
http://pbs.twimg.com/profile_images/557213972286697473/OWa9_VpV_bigger.jpeg,Senem_Anil,https://twitter.com/Senem_Anil,
http://pbs.twimg.com/profile_images/3619266542/6ace14d267563ff34d112bccebbeec25_bigger.png,ilyasteker,https://twitter.com/ilyasteker,
http://pbs.twimg.com/profile_images/460071204313763840/uYvrfcQ__bigger.jpeg,OfficialTrento,https://twitter.com/OfficialTrento,
http://pbs.twimg.com/profile_images/439077862214094848/M4H0wUZF_bigger.jpeg,COITIBI_Empleo,https://twitter.com/COITIBI_Empleo,
http://pbs.twimg.com/profile_images/552405466119012352/WZfyLI1R_bigger.png,CareerSavvyMag,https://twitter.com/CareerSavvyMag,
http://pbs.twimg.com/profile_images/501477084137410560/0_aOytS7_bigger.jpeg,robvank,https://twitter.com/robvank,
http://pbs.twimg.com/profile_images/399928178/Gold_coins1_bigger.jpg,BarterGoldRamth,https://twitter.com/BarterGoldRamth,
http://pbs.twimg.com/profile_images/378800000747448663/cbf1a99eff0092a20c276fd5b2ea44e0_bigger.jpeg,tHeJoKeR_78,https://twitter.com/tHeJoKeR_78,
http://pbs.twimg.com/profile_images/546550551207763968/uFxfEyA__bigger.jpeg,RichardSNorman,https://twitter.com/RichardSNorman,
http://pbs.twimg.com/profile_images/2843889430/0f1641fcb1046502fed7afa2b71f0c2e_bigger.jpeg,cheapaccounting,https://twitter.com/cheapaccounting,
http://pbs.twimg.com/profile_images/536381545682964480/dRHvM5Dr_bigger.png,Data88Geek,https://twitter.com/Data88Geek,
http://pbs.twimg.com/profile_images/438287835586494464/P95Sjp5C_bigger.jpeg,fleishmanEU,https://twitter.com/fleishmanEU,
http://pbs.twimg.com/profile_images/445613114696794112/i2IGA57j_bigger.png,Islchamber,https://twitter.com/Islchamber,
http://pbs.twimg.com/profile_images/1703635281/CHhwktsh_bigger,GeoMmm,https://twitter.com/GeoMmm,
http://pbs.twimg.com/profile_images/501935105041235968/ruExoSF4_bigger.jpeg,eclecticmkt,https://twitter.com/eclecticmkt,
http://pbs.twimg.com/profile_images/450911881624961024/lVOyX3mX_bigger.jpeg,larcenette,https://twitter.com/larcenette,
http://pbs.twimg.com/profile_images/1552872967/Akash_bigger.jpg,Akash_Prabhu,https://twitter.com/Akash_Prabhu,
http://pbs.twimg.com/profile_images/501280777116475392/PYHkE1xx_bigger.jpeg,PromoteJHB,https://twitter.com/PromoteJHB,
http://pbs.twimg.com/profile_images/1554568630/oc_ava_bigger.jpg,OCVHL,https://twitter.com/OCVHL,
http://pbs.twimg.com/profile_images/378800000411792856/f5d208cfa54a8ed9dc83a7144c9f4b7b_bigger.jpeg,CyberDomain,https://twitter.com/CyberDomain,
http://pbs.twimg.com/profile_images/476640665627947008/8oZyLTAr_bigger.jpeg,NetworkWorldes,https://twitter.com/NetworkWorldes,
http://pbs.twimg.com/profile_images/499257180009529344/CSWhr7LZ_bigger.jpeg,NoSQLDigest,https://twitter.com/NoSQLDigest,
http://pbs.twimg.com/profile_images/1743242392/Mark_Dublin_Headshot_bigger.jpg,mr_linkedin,https://twitter.com/mr_linkedin,
http://pbs.twimg.com/profile_images/1388146902/Terry_Best_Picture_bigger.jpg,LocalPlacesMKTG,https://twitter.com/LocalPlacesMKTG,
http://pbs.twimg.com/profile_images/1365798434/Toni_30.04.07_cropped_bigger.jpg,ToniHunter,https://twitter.com/ToniHunter,
http://pbs.twimg.com/profile_images/552174034348019712/UypxSmW4_bigger.jpeg,bennaker,https://twitter.com/bennaker,
http://pbs.twimg.com/profile_images/3120841902/7276aa9ca2b09cdb1a09fa6029dc8e25_bigger.jpeg,robinyearsley,https://twitter.com/robinyearsley,
http://pbs.twimg.com/profile_images/526737402216189953/OPpg6myw_bigger.png,Agency1337,https://twitter.com/Agency1337,
http://pbs.twimg.com/profile_images/515875069953060864/JmKtWBO__bigger.jpeg,flierefluiterin,https://twitter.com/flierefluiterin,
http://pbs.twimg.com/profile_images/512201148283891712/4JJukyZ5_bigger.jpeg,sheffjournalism,https://twitter.com/sheffjournalism,
http://pbs.twimg.com/profile_images/2750491802/27c4552e8bcfc9213bb153406f9e7c48_bigger.jpeg,KnitSpirit,https://twitter.com/KnitSpirit,
http://pbs.twimg.com/profile_images/549240439920795649/o6voAbzu_bigger.jpeg,MrMazharShah,https://twitter.com/MrMazharShah,
http://pbs.twimg.com/profile_images/234531011/Paul_Scott-6047_2_bigger.jpg,YBGmakeithappen,https://twitter.com/YBGmakeithappen,
http://pbs.twimg.com/profile_images/425680992724983809/6PUc9g3n_bigger.jpeg,myguroo,https://twitter.com/myguroo,
http://pbs.twimg.com/profile_images/547315981534494721/I_Sk_6J2_bigger.jpeg,Anna_Cochrane,https://twitter.com/Anna_Cochrane,
http://pbs.twimg.com/profile_images/555076280127729664/pQxms5n6_bigger.jpeg,ellastearn,https://twitter.com/ellastearn,
http://pbs.twimg.com/profile_images/489297396887592960/-GWrUfGN_bigger.jpeg,ankitthakor14,https://twitter.com/ankitthakor14,
http://pbs.twimg.com/profile_images/378800000329145885/a63907e8f97d3db604220394a0ee4d56_bigger.png,PentaTeknoloji,https://twitter.com/PentaTeknoloji,
http://pbs.twimg.com/profile_images/418234166757437441/jjaaIX7X_bigger.jpeg,EuclidIQ,https://twitter.com/EuclidIQ,
http://pbs.twimg.com/profile_images/430275896855900160/0QgAPgTC_bigger.jpeg,GGlassFan,https://twitter.com/GGlassFan,
http://pbs.twimg.com/profile_images/378800000620493776/49b0883eb5db67c9b75b88344a79be8a_bigger.jpeg,CotswoldsMedia,https://twitter.com/CotswoldsMedia,
http://pbs.twimg.com/profile_images/546006834289451008/FP0zZU7S_bigger.jpeg,HPExpertOne,https://twitter.com/HPExpertOne,
http://pbs.twimg.com/profile_images/3686801087/95eb003b393f644c84b01691bb3071ec_bigger.jpeg,CallCentreHUB,https://twitter.com/CallCentreHUB,
http://pbs.twimg.com/profile_images/485445597974241280/XllMMPm6_bigger.jpeg,RolandDecker,https://twitter.com/RolandDecker,
http://pbs.twimg.com/profile_images/3441710893/398d31b5edc3e7e39af08c9287ac8371_bigger.jpeg,QuantumMovie,https://twitter.com/QuantumMovie,
http://pbs.twimg.com/profile_images/550272803917004801/0RDjL848_bigger.jpeg,minikrema,https://twitter.com/minikrema,
http://pbs.twimg.com/profile_images/2873885272/9dd23530a852ce53f2e50e53b2f978e6_bigger.gif,TCDCareers,https://twitter.com/TCDCareers,
http://pbs.twimg.com/profile_images/554562059921555456/vZ9mmo_U_bigger.jpeg,NjUhuruMapapu,https://twitter.com/NjUhuruMapapu,
http://pbs.twimg.com/profile_images/495505730787500033/Ng5BzYke_bigger.jpeg,DejanMadjoski,https://twitter.com/DejanMadjoski,
http://pbs.twimg.com/profile_images/420171222874210304/HtK--fk4_bigger.jpeg,CianaAspell,https://twitter.com/CianaAspell,
http://pbs.twimg.com/profile_images/540698454423797760/NG3RBk_K_bigger.jpeg,giersenMANUTD,https://twitter.com/giersenMANUTD,
http://pbs.twimg.com/profile_images/546785072050098176/Qncu4YV8_bigger.jpeg,LVenselaar,https://twitter.com/LVenselaar,
http://pbs.twimg.com/profile_images/459010739387133952/iEEunxl3_bigger.jpeg,LordJacksonPS,https://twitter.com/LordJacksonPS,
http://pbs.twimg.com/profile_images/451247712982147072/64e-dEeM_bigger.jpeg,TTMCommunicatie,https://twitter.com/TTMCommunicatie,
http://pbs.twimg.com/profile_images/1711333110/331897893_bigger.jpg,miafarradaily,https://twitter.com/miafarradaily,
http://pbs.twimg.com/profile_images/267052101/tpic1_bigger.JPG,Oracle_EMEAPR,https://twitter.com/Oracle_EMEAPR,
http://pbs.twimg.com/profile_images/553625446190157824/a_yWzJ8r_bigger.jpeg,smartclinic56,https://twitter.com/smartclinic56,
http://pbs.twimg.com/profile_images/378800000778850867/67b6e982ea3da8a8fb09081c92cd85cf_bigger.jpeg,DIGG_IT_INDIA,https://twitter.com/DIGG_IT_INDIA,
http://pbs.twimg.com/profile_images/1851003531/2profielfoto2012_bigger.jpg,FleurBesters,https://twitter.com/FleurBesters,
http://pbs.twimg.com/profile_images/506335871931412481/rUgEk_Rx_bigger.png,ratanjha,https://twitter.com/ratanjha,
http://pbs.twimg.com/profile_images/3370620720/366e7bdcaef391a35a16ab14aea28dcf_bigger.jpeg,markg0077,https://twitter.com/markg0077,
http://pbs.twimg.com/profile_images/550646324337852416/dnUmxaWV_bigger.jpeg,kabbouter,https://twitter.com/kabbouter,
http://pbs.twimg.com/profile_images/378800000711082057/2033541c49785cece300b37dce4eb0af_bigger.jpeg,AngusGrady,https://twitter.com/AngusGrady,
http://pbs.twimg.com/profile_images/2662118303/8d61524c5dc25c17d29400f50b44948c_bigger.png,AlexaInfo,https://twitter.com/AlexaInfo,
http://pbs.twimg.com/profile_images/420987262948474880/u1FmVkRG_bigger.png,GripeO_Feed,https://twitter.com/GripeO_Feed,
http://pbs.twimg.com/profile_images/378800000620805612/3bc037a8e18c13427ac0d151de5831e6_bigger.jpeg,aafin20,https://twitter.com/aafin20,
http://pbs.twimg.com/profile_images/552402522418458625/Ze7IjohB_bigger.jpeg,kclech,https://twitter.com/kclech,
http://pbs.twimg.com/profile_images/435990977719721985/R3_bP1KS_bigger.jpeg,NeursSuccess,https://twitter.com/NeursSuccess,
http://pbs.twimg.com/profile_images/430249166527152128/yrDYTlgL_bigger.jpeg,tamaraschenk,https://twitter.com/tamaraschenk,
http://pbs.twimg.com/profile_images/1427295915/Quantum_Flooring_Q_bigger.png,QuantumFlooring,https://twitter.com/QuantumFlooring,
http://pbs.twimg.com/profile_images/1203546340/DSCF6680_-_Version_2_bigger.jpg,julianstodd,https://twitter.com/julianstodd,
http://pbs.twimg.com/profile_images/432991226178985985/31o_yVDD_bigger.png,ConciergeWWW,https://twitter.com/ConciergeWWW,
http://pbs.twimg.com/profile_images/2698957946/9ff414ef4f08900d970b46297359aac6_bigger.jpeg,crocstar,https://twitter.com/crocstar,
http://pbs.twimg.com/profile_images/378800000230693044/d791308c0e34234ed31de199d72648c2_bigger.jpeg,NascentVek,https://twitter.com/NascentVek,
http://pbs.twimg.com/profile_images/528141257931886592/k81HZQf3_bigger.jpeg,thefatladyBE,https://twitter.com/thefatladyBE,
http://pbs.twimg.com/profile_images/475412432396255234/85NaWHRH_bigger.jpeg,samuelchall,https://twitter.com/samuelchall,
http://pbs.twimg.com/profile_images/417135187/twitterProfilePhoto_bigger.jpg,JensenMaritime,https://twitter.com/JensenMaritime,
http://pbs.twimg.com/profile_images/544675962063831040/4K2iunu9_bigger.jpeg,GTP_Global,https://twitter.com/GTP_Global,
http://pbs.twimg.com/profile_images/547369356636590083/_-r8aC4m_bigger.jpeg,Ypeseatodo,https://twitter.com/Ypeseatodo,
http://pbs.twimg.com/profile_images/513121031242792960/ML2xbnXe_bigger.png,calebferg,https://twitter.com/calebferg,
http://pbs.twimg.com/profile_images/378800000539622833/683ae4f24c4521ddbb61289100a2e0ba_bigger.jpeg,idebel,https://twitter.com/idebel,
http://pbs.twimg.com/profile_images/458877113571880960/JfRZ5bdZ_bigger.jpeg,Prolegal_Ltd,https://twitter.com/Prolegal_Ltd,
http://pbs.twimg.com/profile_images/2701149997/9d5377047f7fe57a661e64d48c45aecf_bigger.jpeg,POrientadoras,https://twitter.com/POrientadoras,
http://pbs.twimg.com/profile_images/456759165994545152/-KM_7wHJ_bigger.png,HouseofPorter,https://twitter.com/HouseofPorter,
http://pbs.twimg.com/profile_images/549536791858925568/HY_Yh4xt_bigger.jpeg,Aadii_,https://twitter.com/Aadii_,
http://pbs.twimg.com/profile_images/2192469090/00000_bigger.jpg,QDR_DRG_TURISMO,https://twitter.com/QDR_DRG_TURISMO,
http://pbs.twimg.com/profile_images/2352427667/3u2qk5h8r8h5z9aaqbmi_bigger.jpeg,mediahqnews,https://twitter.com/mediahqnews,
http://pbs.twimg.com/profile_images/1746405932/OAP_bigger.jpg,OneAlfredPlace,https://twitter.com/OneAlfredPlace,
http://pbs.twimg.com/profile_images/427733864107106304/0uSsTZK7_bigger.jpeg,samlcarr,https://twitter.com/samlcarr,
http://pbs.twimg.com/profile_images/497661691929182208/qaAZoDzt_bigger.png,simonmc,https://twitter.com/simonmc,
http://pbs.twimg.com/profile_images/378800000438964192/9b9c2f9fd542cd9ac2a3e2c1ea56e9ba_bigger.png,SmartMarketerz,https://twitter.com/SmartMarketerz,
http://pbs.twimg.com/profile_images/531720845459066880/7oWkIEAP_bigger.jpeg,Jeff88Ho,https://twitter.com/Jeff88Ho,
http://pbs.twimg.com/profile_images/556879239354802176/Xp2nDBFM_bigger.jpeg,GilmoreTee,https://twitter.com/GilmoreTee,
http://pbs.twimg.com/profile_images/557420119551246336/NHy8Bc83_bigger.jpeg,JacohBrave,https://twitter.com/JacohBrave,
http://pbs.twimg.com/profile_images/378800000599400210/637ba132a13166bd43bab69d998c9530_bigger.png,DiscWellbeing,https://twitter.com/DiscWellbeing,
http://pbs.twimg.com/profile_images/496424031252652032/XgLZQbEQ_bigger.jpeg,CMDigest,https://twitter.com/CMDigest,
http://pbs.twimg.com/profile_images/3192189862/b91bd0de1850ecbbf59ea0b7a0af9515_bigger.png,UNIT4_Group,https://twitter.com/UNIT4_Group,
http://pbs.twimg.com/profile_images/2756946118/063e6e5725fadd838fa04df17b81f78b_bigger.jpeg,tennysonestead,https://twitter.com/tennysonestead,
http://pbs.twimg.com/profile_images/1470830704/zodiac_ebook_front_bigger.jpg,ZodiacQuestions,https://twitter.com/ZodiacQuestions,
http://pbs.twimg.com/profile_images/530277262256394242/MePQtpgS_bigger.png,nbtacademy,https://twitter.com/nbtacademy,
http://pbs.twimg.com/profile_images/514360390365372416/HlaKiMjp_bigger.png,SarahLibrarina,https://twitter.com/SarahLibrarina,
http://pbs.twimg.com/profile_images/1357344795/Thor_Profile_ver3_bigger.png,ThorHolt,https://twitter.com/ThorHolt,
http://pbs.twimg.com/profile_images/674655090/myprofilephoto_bigger.jpg,rampbusinesses,https://twitter.com/rampbusinesses,
http://pbs.twimg.com/profile_images/378800000256088608/ffe3b61c69d88ed91edbb210e7f86a45_bigger.jpeg,Socabu,https://twitter.com/Socabu,
http://pbs.twimg.com/profile_images/1840899649/PICTURE19X_EDJ_a_bigger.jpg,edjaworska,https://twitter.com/edjaworska,
http://pbs.twimg.com/profile_images/512516678077272064/lfZJ0r8e_bigger.jpeg,Businewss_Bot,https://twitter.com/Businewss_Bot,
http://pbs.twimg.com/profile_images/554241928511107072/gED4PT16_bigger.jpeg,MrAndyJohnson,https://twitter.com/MrAndyJohnson,
http://pbs.twimg.com/profile_images/3404740429/2361c9f3fe85dc96d5b9e2ef65e8984f_bigger.jpeg,AKPetServices,https://twitter.com/AKPetServices,
http://pbs.twimg.com/profile_images/434757141854183424/JoxN0VnT_bigger.jpeg,iotmarket,https://twitter.com/iotmarket,
http://pbs.twimg.com/profile_images/541898219844681728/DqLiQiPR_bigger.png,LeapfrogFin,https://twitter.com/LeapfrogFin,
http://pbs.twimg.com/profile_images/538326244102647809/4vMxmXZE_bigger.jpeg,ronvrn,https://twitter.com/ronvrn,
http://pbs.twimg.com/profile_images/378800000161490024/aa3c0624e07e786c024a441e92cd380d_bigger.jpeg,nickrbryant,https://twitter.com/nickrbryant,
http://pbs.twimg.com/profile_images/497406466005811201/Auc81VxG_bigger.png,Contentimo,https://twitter.com/Contentimo,
http://pbs.twimg.com/profile_images/726217387/WKpicsmall_bigger.jpg,Williamkinzel,https://twitter.com/Williamkinzel,
http://pbs.twimg.com/profile_images/552863492596723713/Zy98-roY_bigger.jpeg,Eric_Ingargiola,https://twitter.com/Eric_Ingargiola,
http://pbs.twimg.com/profile_images/431954280040263680/f1XrdYQ8_bigger.png,MyNameIsBarry,https://twitter.com/MyNameIsBarry,
http://pbs.twimg.com/profile_images/494695646574964736/Im9XPfz9_bigger.jpeg,ReTweettoTutti_,https://twitter.com/ReTweettoTutti_,
http://pbs.twimg.com/profile_images/556146777049825280/VdNE-HHi_bigger.jpeg,190_bpm,https://twitter.com/190_bpm,
http://pbs.twimg.com/profile_images/378800000739792041/0e84e234d41f9645a4609eea8065ac93_bigger.jpeg,WynNathanDavis,https://twitter.com/WynNathanDavis,
http://pbs.twimg.com/profile_images/487561619275149312/R79g_jx0_bigger.jpeg,GdRough,https://twitter.com/GdRough,
http://pbs.twimg.com/profile_images/378800000472632611/5b73be4857c9a50eac4781059cb788cf_bigger.jpeg,leeviacrowdfund,https://twitter.com/leeviacrowdfund,
http://pbs.twimg.com/profile_images/493331275143725056/2INlf9QE_bigger.jpeg,MindaugasLT,https://twitter.com/MindaugasLT,
http://pbs.twimg.com/profile_images/554605236887625728/qmtzZToa_bigger.jpeg,iArunWilson,https://twitter.com/iArunWilson,
http://pbs.twimg.com/profile_images/378800000808476041/4f8b759f26a98f3dcedffe0a41d64db4_bigger.jpeg,marcobardus,https://twitter.com/marcobardus,
http://pbs.twimg.com/profile_images/3566058607/25bf2e0324818e8c05015298359a40e4_bigger.jpeg,jpwebmarketing,https://twitter.com/jpwebmarketing,
http://pbs.twimg.com/profile_images/445329624529002497/Nt7qfK1V_bigger.jpeg,KL_creativity,https://twitter.com/KL_creativity,
http://pbs.twimg.com/profile_images/1894401704/MWO_IDC_1_crop_bigger.jpg,KluwerLearning,https://twitter.com/KluwerLearning,
http://pbs.twimg.com/profile_images/487970920263606272/GXdlK9g2_bigger.jpeg,AndyTow,https://twitter.com/AndyTow,
http://pbs.twimg.com/profile_images/442956378039009281/V56TbVR4_bigger.png,GrahamJHarris,https://twitter.com/GrahamJHarris,
http://pbs.twimg.com/profile_images/550631689911668736/dr7Q8Whb_bigger.png,CiphrHRSoftware,https://twitter.com/CiphrHRSoftware,
http://pbs.twimg.com/profile_images/3291072114/5481bfc0c011610f237e0e93dfcca376_bigger.png,WellnessForLaw,https://twitter.com/WellnessForLaw,
http://pbs.twimg.com/profile_images/3224298302/4aefe4741f1830005c2fb96de300e9c5_bigger.png,BLTrecruitment,https://twitter.com/BLTrecruitment,
http://pbs.twimg.com/profile_images/543833664543399936/KKiav_4D_bigger.jpeg,TimLondonSET,https://twitter.com/TimLondonSET,
http://pbs.twimg.com/profile_images/523213581462953984/8Aic_Hx4_bigger.jpeg,cazziieglamour,https://twitter.com/cazziieglamour,
http://pbs.twimg.com/profile_images/456167431166119936/s91-pfoE_bigger.jpeg,InnovationDev,https://twitter.com/InnovationDev,
http://pbs.twimg.com/profile_images/524922290098561027/AnDEvfAo_bigger.png,LadyBizness,https://twitter.com/LadyBizness,
http://pbs.twimg.com/profile_images/555084444256583682/LgNQkftM_bigger.jpeg,yusraHanif86,https://twitter.com/yusraHanif86,
http://pbs.twimg.com/profile_images/79584840/Don_Leslie_bigger.jpg,DonLeslie,https://twitter.com/DonLeslie,
http://pbs.twimg.com/profile_images/378800000687363996/ae8e74703c386c95aac30a08b62aa2c6_bigger.jpeg,MillsHill_Neil,https://twitter.com/MillsHill_Neil,
http://pbs.twimg.com/profile_images/477737924692164608/RIHa_6_B_bigger.jpeg,OnTradeAcademy,https://twitter.com/OnTradeAcademy,
http://pbs.twimg.com/profile_images/517637162494201856/mWHH1Wf1_bigger.png,DionysusGlobal,https://twitter.com/DionysusGlobal,
http://pbs.twimg.com/profile_images/461740440635465728/KjyGcZYO_bigger.jpeg,markgodenho,https://twitter.com/markgodenho,
http://pbs.twimg.com/profile_images/451287650175946753/6dhRqqJY_bigger.jpeg,SquidooForSEO,https://twitter.com/SquidooForSEO,
http://pbs.twimg.com/profile_images/378800000680717050/5fa3aab35682b684a8e00ec7386611ef_bigger.jpeg,ltholmes,https://twitter.com/ltholmes,
http://pbs.twimg.com/profile_images/518476847894388738/lAag89M2_bigger.jpeg,ResolveMark,https://twitter.com/ResolveMark,
http://pbs.twimg.com/profile_images/378800000486159808/6c9dde8644d6d07e6a0616b5116b94eb_bigger.jpeg,jackwmson,https://twitter.com/jackwmson,
http://pbs.twimg.com/profile_images/378800000767651186/24f48045752c42cd5f6dea35fba92782_bigger.png,BeeInvested,https://twitter.com/BeeInvested,
http://pbs.twimg.com/profile_images/2292317927/yls47rp6xyagjo2fqlz9_bigger.jpeg,MiFuturoEmpieza,https://twitter.com/MiFuturoEmpieza,
http://pbs.twimg.com/profile_images/484788336670674944/Vol2Ui85_bigger.png,softbuildorg,https://twitter.com/softbuildorg,
http://pbs.twimg.com/profile_images/550128010058137600/rJ_rQqmP_bigger.jpeg,nkeeezy,https://twitter.com/nkeeezy,
http://pbs.twimg.com/profile_images/474468234251350016/KLqxiw7m_bigger.jpeg,kittyscheperman,https://twitter.com/kittyscheperman,
http://pbs.twimg.com/profile_images/467099511743979520/GfqOamHY_bigger.jpeg,BriskCon,https://twitter.com/BriskCon,
http://pbs.twimg.com/profile_images/546202291187900416/g5BqCJf0_bigger.jpeg,RedAshHope,https://twitter.com/RedAshHope,
http://pbs.twimg.com/profile_images/736109555/YVES_MARY_2008_07_17__50k_bigger.jpg,YVES_49,https://twitter.com/YVES_49,
http://pbs.twimg.com/profile_images/378800000053617293/870e619cc893c9699dbe14221bf279df_bigger.png,contentguru,https://twitter.com/contentguru,
http://pbs.twimg.com/profile_images/378800000546858621/83c97b228b17b18fd79c172678e2dd5f_bigger.jpeg,bitconnector,https://twitter.com/bitconnector,
http://pbs.twimg.com/profile_images/344513261583975797/80d1765d32fee23c019adc82073f0ebb_bigger.jpeg,GlennOstrosky,https://twitter.com/GlennOstrosky,
http://pbs.twimg.com/profile_images/499565262912225281/7LqXacl6_bigger.jpeg,marketingm12,https://twitter.com/marketingm12,
http://pbs.twimg.com/profile_images/444124352397602816/77nZGfLi_bigger.jpeg,StrotherUK,https://twitter.com/StrotherUK,
http://pbs.twimg.com/profile_images/2527913841/k757z4znn34ktn626cis_bigger.jpeg,Successfactory_,https://twitter.com/Successfactory_,
http://pbs.twimg.com/profile_images/535410788542849024/Ddy9vMO9_bigger.png,KeaCompany,https://twitter.com/KeaCompany,
http://pbs.twimg.com/profile_images/1208342001/megajobstwitternl_bigger.gif,vacatures_nr1,https://twitter.com/vacatures_nr1,
http://pbs.twimg.com/profile_images/504912775231987712/cnqIY_N__bigger.jpeg,JohnRockley,https://twitter.com/JohnRockley,
http://pbs.twimg.com/profile_images/1125252454/Fotomeva_bigger.jpg,JordiSwiss,https://twitter.com/JordiSwiss,
http://pbs.twimg.com/profile_images/550090528340336640/mRHosMTB_bigger.jpeg,aurel0ve,https://twitter.com/aurel0ve,
http://pbs.twimg.com/profile_images/378800000019638207/a78b694a12326fa85f02e130f09981d6_bigger.png,CezanneHR,https://twitter.com/CezanneHR,
http://pbs.twimg.com/profile_images/18652632/tprophet-anime_640x480_bigger.jpg,TProphet,https://twitter.com/TProphet,
http://pbs.twimg.com/profile_images/540910559479472129/ReSujF6z_bigger.jpeg,jonthompenfarm,https://twitter.com/jonthompenfarm,
http://pbs.twimg.com/profile_images/378800000834545765/6bb2ac0f68cd08d1d8e5286e27e5fa9d_bigger.jpeg,BergMichelvden,https://twitter.com/BergMichelvden,
http://pbs.twimg.com/profile_images/378800000614094079/734410e7b071594ef6cbcf655a82e4b7_bigger.jpeg,StPapagianneas,https://twitter.com/StPapagianneas,
http://pbs.twimg.com/profile_images/3028559278/8cbf7155b5d6c28cf66e40bfef594191_bigger.jpeg,Erzengel_Sieben,https://twitter.com/Erzengel_Sieben,
http://pbs.twimg.com/profile_images/524784535603396608/5gMhvPk3_bigger.jpeg,kunalpurohit,https://twitter.com/kunalpurohit,
http://pbs.twimg.com/profile_images/530948887909908483/0xP4ZphI_bigger.jpeg,NEWSOVERTHERE,https://twitter.com/NEWSOVERTHERE,
http://pbs.twimg.com/profile_images/519429425352302592/EEJNeLlU_bigger.png,Delio_lm,https://twitter.com/Delio_lm,
http://pbs.twimg.com/profile_images/539438958426341376/3KveB_SP_bigger.jpeg,TwanvandeWiel,https://twitter.com/TwanvandeWiel,
http://pbs.twimg.com/profile_images/2750565771/c91f6d9cb96a24e50f657aba55ac48ae_bigger.jpeg,10to12bizclub,https://twitter.com/10to12bizclub,
http://pbs.twimg.com/profile_images/513151844781023233/OAgG94Dl_bigger.jpeg,katana400ts,https://twitter.com/katana400ts,
http://pbs.twimg.com/profile_images/2186828411/LogoTwitter2_bigger.JPG,RRII_UEx,https://twitter.com/RRII_UEx,
http://pbs.twimg.com/profile_images/440759286788935681/WVf6GJjB_bigger.jpeg,eConnectHR,https://twitter.com/eConnectHR,
http://pbs.twimg.com/profile_images/1424868690/IMG_2447groot__2__bigger.jpg,AFILS_eu,https://twitter.com/AFILS_eu,
http://pbs.twimg.com/profile_images/934733014/weegschaal_bigger.jpg,tsjechischrecht,https://twitter.com/tsjechischrecht,
http://pbs.twimg.com/profile_images/1797840542/Elizabeth_Smart_bigger.jpg,johntheutahn,https://twitter.com/johntheutahn,
http://pbs.twimg.com/profile_images/441927498926792704/8uk3qoHz_bigger.jpeg,larsdigerud,https://twitter.com/larsdigerud,
http://pbs.twimg.com/profile_images/2717136713/bab2609e944cc289fb30944a9b6631c2_bigger.jpeg,PeterSpringett,https://twitter.com/PeterSpringett,
http://pbs.twimg.com/profile_images/2745637277/3dda19a9cf8813f964ca6f9a03436078_bigger.png,qmarcos,https://twitter.com/qmarcos,
http://pbs.twimg.com/profile_images/478668479235510272/x_x0Ldk2_bigger.jpeg,stevenworobec,https://twitter.com/stevenworobec,
http://pbs.twimg.com/profile_images/454256319378124800/IOH90Yg0_bigger.jpeg,mamzelle_laura_,https://twitter.com/mamzelle_laura_,
http://pbs.twimg.com/profile_images/1455095225/logo_bigger.png,platform_people,https://twitter.com/platform_people,
http://pbs.twimg.com/profile_images/473440481259450370/wG-oJDLf_bigger.jpeg,BusinessSheriff,https://twitter.com/BusinessSheriff,
http://pbs.twimg.com/profile_images/474551261769904128/Xr-akOOQ_bigger.png,EbonNL,https://twitter.com/EbonNL,
http://pbs.twimg.com/profile_images/550226211259940864/PkzMBQZz_bigger.jpeg,behradj92,https://twitter.com/behradj92,
http://pbs.twimg.com/profile_images/1908650784/taxgone_logo_lil_bigger.jpg,taxgonedotcom,https://twitter.com/taxgonedotcom,
http://pbs.twimg.com/profile_images/551490746390298625/uiAp47Ef_bigger.jpeg,M_a_r_i_s_aG,https://twitter.com/M_a_r_i_s_aG,
http://pbs.twimg.com/profile_images/432689445/chiefstoryteller_ira_koretsky_res_low_bigger.jpg,chiefstorytellr,https://twitter.com/chiefstorytellr,
http://pbs.twimg.com/profile_images/378800000740022282/3828e4f1057e472794b2280560a96259_bigger.jpeg,SEOMrktgDeals,https://twitter.com/SEOMrktgDeals,
http://pbs.twimg.com/profile_images/552026021071839233/AkkhAVwh_bigger.jpeg,heattracing,https://twitter.com/heattracing,
http://pbs.twimg.com/profile_images/1874465844/prater_bigger.jpg,praterltd,https://twitter.com/praterltd,
http://pbs.twimg.com/profile_images/489529787501670400/4AmyD4ck_bigger.jpeg,JanAnkerstjerne,https://twitter.com/JanAnkerstjerne,
http://pbs.twimg.com/profile_images/513016875848957952/YIgygpzr_bigger.jpeg,arpitabhawal,https://twitter.com/arpitabhawal,
http://pbs.twimg.com/profile_images/477550872147529729/qhPIDOYg_bigger.jpeg,n1786b,https://twitter.com/n1786b,
http://pbs.twimg.com/profile_images/531872237129695232/HXzcTeBy_bigger.jpeg,ericaargelo,https://twitter.com/ericaargelo,
http://pbs.twimg.com/profile_images/3568684614/51d13e3ef5b29424eed45ab12adbf1d1_bigger.jpeg,serge4hair,https://twitter.com/serge4hair,
http://pbs.twimg.com/profile_images/468582317720477696/Ve_ATNMK_bigger.jpeg,JenniferSmithCo,https://twitter.com/JenniferSmithCo,
http://pbs.twimg.com/profile_images/544027970789060608/x3ymemF-_bigger.jpeg,FAixy_,https://twitter.com/FAixy_,
http://pbs.twimg.com/profile_images/471945294246977536/_Iz4Jian_bigger.jpeg,BLupano,https://twitter.com/BLupano,
http://pbs.twimg.com/profile_images/528273621828251648/LX2miBjT_bigger.jpeg,mikinnear,https://twitter.com/mikinnear,
http://pbs.twimg.com/profile_images/440964190321123328/yGYcOfaM_bigger.jpeg,JogYogi,https://twitter.com/JogYogi,
http://pbs.twimg.com/profile_images/548445388731346945/bO-SBoy4_bigger.jpeg,lab_eye,https://twitter.com/lab_eye,
http://pbs.twimg.com/profile_images/467371275329867776/Okd2c8ms_bigger.jpeg,superposte,https://twitter.com/superposte,
http://pbs.twimg.com/profile_images/378800000381193021/840597f4e769c4cab4701acf16c903a9_bigger.jpeg,RioMazBaa,https://twitter.com/RioMazBaa,
http://pbs.twimg.com/profile_images/544797228175327232/ggcmjk7o_bigger.jpeg,anderscorenews,https://twitter.com/anderscorenews,
http://pbs.twimg.com/profile_images/499644502240690179/-ZP94njZ_bigger.jpeg,andystew,https://twitter.com/andystew,
http://pbs.twimg.com/profile_images/542323399339421697/W1UI85Kx_bigger.jpeg,moneypennygirl,https://twitter.com/moneypennygirl,
http://pbs.twimg.com/profile_images/539848044640870401/5e3BBXlo_bigger.jpeg,mejlvang,https://twitter.com/mejlvang,
http://pbs.twimg.com/profile_images/2262733767/Profile_pic_bigger.jpg,yolandidewetpr,https://twitter.com/yolandidewetpr,
http://pbs.twimg.com/profile_images/427501145615904768/qFG2o2dU_bigger.jpeg,Simonatova,https://twitter.com/Simonatova,
http://pbs.twimg.com/profile_images/470803115063529472/ELm4V9_8_bigger.jpeg,SEORealFollow,https://twitter.com/SEORealFollow,
http://pbs.twimg.com/profile_images/521713181467889664/VuEXgu4E_bigger.jpeg,fsicilia,https://twitter.com/fsicilia,
http://pbs.twimg.com/profile_images/511412904747204608/gWxIX85P_bigger.jpeg,dtosello,https://twitter.com/dtosello,
http://pbs.twimg.com/profile_images/553136329878274048/rB27sxIT_bigger.jpeg,SAUCEDO80,https://twitter.com/SAUCEDO80,
http://pbs.twimg.com/profile_images/537315329437745152/-SLyLhh5_bigger.jpeg,diego_durante,https://twitter.com/diego_durante,
http://pbs.twimg.com/profile_images/3064009492/0422c19b3d291e2d573c692ef7a63720_bigger.png,Securex_BE,https://twitter.com/Securex_BE,
http://pbs.twimg.com/profile_images/1164793945/LogoFormazionTwitter_bigger.jpg,Formazion,https://twitter.com/Formazion,
http://pbs.twimg.com/profile_images/417291329366786048/7OkF7G-p_bigger.jpeg,ActuSocial,https://twitter.com/ActuSocial,
http://pbs.twimg.com/profile_images/481526034953555969/AixdQfSR_bigger.png,theartfulrodger,https://twitter.com/theartfulrodger,
http://pbs.twimg.com/profile_images/537193525788422144/RcqjtN8H_bigger.jpeg,Venturi_Steph,https://twitter.com/Venturi_Steph,
http://pbs.twimg.com/profile_images/514694585998528513/d8hUlYkg_bigger.jpeg,iStorage_ltd,https://twitter.com/iStorage_ltd,
http://pbs.twimg.com/profile_images/553484370133417985/goy09qD3_bigger.jpeg,CommsPalm,https://twitter.com/CommsPalm,
http://pbs.twimg.com/profile_images/525685817545871360/7oXacZKc_bigger.jpeg,rachycollins,https://twitter.com/rachycollins,
http://pbs.twimg.com/profile_images/378800000581878759/5a371e9396d6b6a2582be479d35a5af8_bigger.jpeg,robworthington,https://twitter.com/robworthington,
http://pbs.twimg.com/profile_images/497819835213283329/qzff8dil_bigger.jpeg,kooswurzer,https://twitter.com/kooswurzer,
http://pbs.twimg.com/profile_images/516970005770936320/bRg70Z56_bigger.jpeg,SalesAskMe,https://twitter.com/SalesAskMe,
http://pbs.twimg.com/profile_images/524149834488377345/7eQtGQoj_bigger.jpeg,jorib,https://twitter.com/jorib,
http://pbs.twimg.com/profile_images/555961275457368064/HPCKw-to_bigger.jpeg,BNITokai,https://twitter.com/BNITokai,
http://pbs.twimg.com/profile_images/556463623074107393/49QYOZru_bigger.jpeg,MarieAl21675849,https://twitter.com/MarieAl21675849,
http://pbs.twimg.com/profile_images/378800000580927491/542331fb1ec015c8cd33899eb5c02260_bigger.jpeg,BarbaraVonOw,https://twitter.com/BarbaraVonOw,
http://pbs.twimg.com/profile_images/495705178075439104/lnFuw1YP_bigger.jpeg,VlielandV,https://twitter.com/VlielandV,
http://pbs.twimg.com/profile_images/534282340395012096/7QwBd5fT_bigger.jpeg,DPatroncini,https://twitter.com/DPatroncini,
http://pbs.twimg.com/profile_images/545614884222676992/oC7pLUWg_bigger.jpeg,Linguist_Lounge,https://twitter.com/Linguist_Lounge,
http://pbs.twimg.com/profile_images/456815155196596227/NP_NDdA5_bigger.png,SthAustraliaBiz,https://twitter.com/SthAustraliaBiz,
http://pbs.twimg.com/profile_images/1592967119/Author_photo_Resized_bigger.jpg,JayneBauling,https://twitter.com/JayneBauling,
http://pbs.twimg.com/profile_images/3497562725/abdf393dcf491aa3f324d6cb0d2e5b4a_bigger.jpeg,BeataStaszkow,https://twitter.com/BeataStaszkow,
http://pbs.twimg.com/profile_images/378800000596108215/246d8d0732c1b62107048d5279522395_bigger.jpeg,rleming,https://twitter.com/rleming,
http://pbs.twimg.com/profile_images/552061585657561088/31CHGo6R_bigger.jpeg,bassel_ak,https://twitter.com/bassel_ak,
http://pbs.twimg.com/profile_images/378800000614414801/c7519c1ec101facab1efca19d40d3a69_bigger.jpeg,PaulineSiebers,https://twitter.com/PaulineSiebers,
http://pbs.twimg.com/profile_images/458919612562681858/TuAWKCPo_bigger.png,inoapps,https://twitter.com/inoapps,
http://pbs.twimg.com/profile_images/1723704478/CraigRobinson_bigger.jpg,Rights_of_Light,https://twitter.com/Rights_of_Light,
http://pbs.twimg.com/profile_images/520447265215746048/McHUSf-l_bigger.jpeg,charlottehagard,https://twitter.com/charlottehagard,
http://pbs.twimg.com/profile_images/2561789106/jczdscbb5j2e9qtfoqad_bigger.png,actualnet,https://twitter.com/actualnet,
http://pbs.twimg.com/profile_images/3253725559/1fe96cac1a5f1eeaad0b86389b641145_bigger.jpeg,gb_sales,https://twitter.com/gb_sales,
http://pbs.twimg.com/profile_images/428228844743827456/tRU9ugSv_bigger.jpeg,MathildeHELIES,https://twitter.com/MathildeHELIES,
http://pbs.twimg.com/profile_images/1708002548/FOCUS_bigger.jpg,BludataFOCUS,https://twitter.com/BludataFOCUS,
http://pbs.twimg.com/profile_images/493679458159558656/mN-J_35x_bigger.jpeg,Web_Shakers,https://twitter.com/Web_Shakers,
http://pbs.twimg.com/profile_images/552071347820453888/SxZU3ce1_bigger.jpeg,NaomiAsherHR,https://twitter.com/NaomiAsherHR,
http://pbs.twimg.com/profile_images/1407755808/twitter_logo_bigger.JPG,securesource1,https://twitter.com/securesource1,
http://pbs.twimg.com/profile_images/459619667909160960/P4KOvnkV_bigger.jpeg,alessandrogini,https://twitter.com/alessandrogini,
http://pbs.twimg.com/profile_images/486412292133634051/RvHjBw5N_bigger.jpeg,leolearning,https://twitter.com/leolearning,
http://pbs.twimg.com/profile_images/461114861259198465/jWWaO70q_bigger.jpeg,RothkoSpaces,https://twitter.com/RothkoSpaces,
http://pbs.twimg.com/profile_images/1279237672/Twitter_logo1_bigger.jpg,AlwaysOn_Media,https://twitter.com/AlwaysOn_Media,
http://pbs.twimg.com/profile_images/482942414747754496/KLdhijhG_bigger.jpeg,JamesLockett1,https://twitter.com/JamesLockett1,
http://pbs.twimg.com/profile_images/425429104/23-12-08_2118_bigger.jpg,rahulkalra2010,https://twitter.com/rahulkalra2010,
http://pbs.twimg.com/profile_images/517426016633901056/gSVNXz6t_bigger.jpeg,followertradee,https://twitter.com/followertradee,
http://pbs.twimg.com/profile_images/460733351012233217/Opc-w4x2_bigger.png,CV_VIDEO_FR,https://twitter.com/CV_VIDEO_FR,
http://pbs.twimg.com/profile_images/540826525788934145/1063wtgm_bigger.jpeg,postwar,https://twitter.com/postwar,
http://pbs.twimg.com/profile_images/378800000668593458/ee33121189325c0d23bdc8e9db81695e_bigger.jpeg,Rosa_Palmer,https://twitter.com/Rosa_Palmer,
http://pbs.twimg.com/profile_images/459616930664419328/msTSTWmU_bigger.png,MedCorpRecruit,https://twitter.com/MedCorpRecruit,
http://pbs.twimg.com/profile_images/436872935479853056/b_WX3Ark_bigger.jpeg,clixifix,https://twitter.com/clixifix,
http://pbs.twimg.com/profile_images/482508423674601474/pkPZo1YJ_bigger.jpeg,ryokan,https://twitter.com/ryokan,
http://pbs.twimg.com/profile_images/543775440586825730/-1KvbsYQ_bigger.jpeg,RaihanAlhusain,https://twitter.com/RaihanAlhusain,
http://pbs.twimg.com/profile_images/2265706444/l61lkex09ymmj5jtpuu9_bigger.jpeg,Whiteboxsoft,https://twitter.com/Whiteboxsoft,
http://pbs.twimg.com/profile_images/1982774607/image_bigger.jpg,GameBizLaw,https://twitter.com/GameBizLaw,
http://pbs.twimg.com/profile_images/378800000399301077/71c3248aa324206bba59df8f7c748244_bigger.jpeg,norbertUT,https://twitter.com/norbertUT,
http://pbs.twimg.com/profile_images/670994192/interact_bigger.gif,interactitaly,https://twitter.com/interactitaly,
http://pbs.twimg.com/profile_images/509352548549935105/vUQcEAtE_bigger.jpeg,dutchlight360,https://twitter.com/dutchlight360,
http://pbs.twimg.com/profile_images/428922319780601856/eAb1hGiG_bigger.jpeg,JesusPenaA,https://twitter.com/JesusPenaA,
http://pbs.twimg.com/profile_images/509749348/aconcagua_bigger.jpg,Adventurous724,https://twitter.com/Adventurous724,
http://pbs.twimg.com/profile_images/2237194002/premium_bigger.png,PremiumWPSup,https://twitter.com/PremiumWPSup,
http://pbs.twimg.com/profile_images/533227626114994176/5I8BqG0f_bigger.png,ConvenienceBigS,https://twitter.com/ConvenienceBigS,
http://pbs.twimg.com/profile_images/432884731886043137/X_PNafdg_bigger.jpeg,BiBcn,https://twitter.com/BiBcn,
http://pbs.twimg.com/profile_images/441716494682976258/U1_AoTyx_bigger.jpeg,SEOMrktgWeb,https://twitter.com/SEOMrktgWeb,
http://pbs.twimg.com/profile_images/3154316212/2c64d2f4410009e756feaa633e23e491_bigger.jpeg,NickJosevski,https://twitter.com/NickJosevski,
http://pbs.twimg.com/profile_images/489761967695884289/xR8ad2Px_bigger.jpeg,sererossa,https://twitter.com/sererossa,
http://pbs.twimg.com/profile_images/3664218325/3afb69e88f1a91d3da11df4850bc5230_bigger.jpeg,noeljeremie,https://twitter.com/noeljeremie,
http://pbs.twimg.com/profile_images/500609577776185345/IDUEIST9_bigger.jpeg,iamPiyushA,https://twitter.com/iamPiyushA,
http://pbs.twimg.com/profile_images/473019097492369408/RQO1s4kc_bigger.png,BrendanMConboy,https://twitter.com/BrendanMConboy,
http://pbs.twimg.com/profile_images/547292183141707776/9E8NB9YH_bigger.jpeg,socialscotland,https://twitter.com/socialscotland,
http://pbs.twimg.com/profile_images/450062368815337472/lk8gw4DY_bigger.jpeg,FindFollowerPro,https://twitter.com/FindFollowerPro,
http://pbs.twimg.com/profile_images/378800000631176367/5eb0afc570d9358b70f13975e5e7bd72_bigger.jpeg,DrTMarshall,https://twitter.com/DrTMarshall,
http://pbs.twimg.com/profile_images/551057024637612032/AuDo87od_bigger.jpeg,VikkiJane,https://twitter.com/VikkiJane,
http://pbs.twimg.com/profile_images/471570984936288256/3sD6jtJO_bigger.png,vanja180700,https://twitter.com/vanja180700,
http://pbs.twimg.com/profile_images/525752878883815425/3QQgJ0yQ_bigger.jpeg,kverstegen,https://twitter.com/kverstegen,
http://pbs.twimg.com/profile_images/487468187131191297/ETN6w3Yb_bigger.jpeg,WilliamVernes,https://twitter.com/WilliamVernes,
http://pbs.twimg.com/profile_images/378800000574610782/4aebab83c13b9134aff238bf606472d4_bigger.jpeg,MNadalVela,https://twitter.com/MNadalVela,
http://pbs.twimg.com/profile_images/441221714/Moz_ffx_openStandards_73x73_bigger.jpg,silentlennie,https://twitter.com/silentlennie,
http://pbs.twimg.com/profile_images/2797109763/5293a16a212817620c45a5817245693d_bigger.png,SubrataKar,https://twitter.com/SubrataKar,
http://pbs.twimg.com/profile_images/527857765788561409/K5G1cfKj_bigger.jpeg,hemantgaule,https://twitter.com/hemantgaule,
http://pbs.twimg.com/profile_images/539558194054692864/ufxhx6M3_bigger.jpeg,FWMSpooren,https://twitter.com/FWMSpooren,
http://pbs.twimg.com/profile_images/494560389800407040/sV5sQW0u_bigger.jpeg,adrian_lloyd,https://twitter.com/adrian_lloyd,
http://pbs.twimg.com/profile_images/536881146093510657/MS-7TPUY_bigger.jpeg,nrhayes21,https://twitter.com/nrhayes21,
http://pbs.twimg.com/profile_images/536824260933611520/1uUkWeWd_bigger.png,MpsTanwar,https://twitter.com/MpsTanwar,
http://pbs.twimg.com/profile_images/476982968687140864/vK9zBgyR_bigger.jpeg,HackathonWeGov,https://twitter.com/HackathonWeGov,
http://pbs.twimg.com/profile_images/552864575511478272/chGsgQrB_bigger.jpeg,AnirudhLoya,https://twitter.com/AnirudhLoya,
http://pbs.twimg.com/profile_images/3479660091/776ab5dcbb9e1e489dae39f6e12dd35d_bigger.png,Brainvire,https://twitter.com/Brainvire,
http://pbs.twimg.com/profile_images/461025413003608064/uCrc6lll_bigger.jpeg,NVEDissanayake,https://twitter.com/NVEDissanayake,
http://pbs.twimg.com/profile_images/523822443962441729/_LAib9nK_bigger.jpeg,Pujanggalangit7,https://twitter.com/Pujanggalangit7,
http://pbs.twimg.com/profile_images/468424333195345920/h3DS1yA8_bigger.png,Collie_Ollie,https://twitter.com/Collie_Ollie,
http://pbs.twimg.com/profile_images/507493789930651648/2u_GyQNp_bigger.jpeg,remiralles,https://twitter.com/remiralles,
http://pbs.twimg.com/profile_images/510403215540486144/uXB5Lg13_bigger.jpeg,AbfadLimited,https://twitter.com/AbfadLimited,
http://pbs.twimg.com/profile_images/545132837729341440/6QTrdM28_bigger.jpeg,1bigLEO,https://twitter.com/1bigLEO,
http://pbs.twimg.com/profile_images/378800000651814625/751e2fa15f89f86b365c300f6f749501_bigger.jpeg,jvandisseldorp,https://twitter.com/jvandisseldorp,
http://pbs.twimg.com/profile_images/496959644305068032/s6H57mmF_bigger.jpeg,4twenty2tweets,https://twitter.com/4twenty2tweets,
http://pbs.twimg.com/profile_images/429941296073936896/KsX4Bspi_bigger.png,i_love_ladyboys,https://twitter.com/i_love_ladyboys,
http://pbs.twimg.com/profile_images/438234966686584833/SQdSsxYc_bigger.jpeg,jlfsantillana,https://twitter.com/jlfsantillana,
http://pbs.twimg.com/profile_images/496980363600617473/7_Hp4O2Z_bigger.jpeg,ThatSMGirl,https://twitter.com/ThatSMGirl,
http://pbs.twimg.com/profile_images/486209815891279873/o3JIunbe_bigger.jpeg,JuanG294,https://twitter.com/JuanG294,
http://pbs.twimg.com/profile_images/378800000118145782/cf917a43df6f189de8e91d5f81a4de74_bigger.jpeg,kingsfanone,https://twitter.com/kingsfanone,
http://pbs.twimg.com/profile_images/1224529405/Phatic_Communications_bigger.png,PhaticComms,https://twitter.com/PhaticComms,
http://pbs.twimg.com/profile_images/483937418182017026/_8AcgcVy_bigger.jpeg,SheenaTeli,https://twitter.com/SheenaTeli,
http://pbs.twimg.com/profile_images/378800000674753413/4c6d8db539333257d4f48a2bbce19139_bigger.jpeg,rachmulholland,https://twitter.com/rachmulholland,
http://pbs.twimg.com/profile_images/1650999270/Blackpool_1_Arsenal_3_bigger.jpg,Laleh_online,https://twitter.com/Laleh_online,
http://pbs.twimg.com/profile_images/442178084788133888/7fjQNlpg_bigger.png,Ideas_MedAmb,https://twitter.com/Ideas_MedAmb,
http://pbs.twimg.com/profile_images/538082138671702016/HWAL48SQ_bigger.png,LaetitiaGarsaud,https://twitter.com/LaetitiaGarsaud,
http://pbs.twimg.com/profile_images/462286284757925888/f08VO-lu_bigger.jpeg,JuanCarlos24163,https://twitter.com/JuanCarlos24163,
http://pbs.twimg.com/profile_images/540192116987547648/Axx7TYmH_bigger.jpeg,idashjobs,https://twitter.com/idashjobs,
http://pbs.twimg.com/profile_images/1670282790/kocsisc_bigger.jpg,ChristianKocsis,https://twitter.com/ChristianKocsis,
http://pbs.twimg.com/profile_images/452777483465945088/R3WpdnVh_bigger.jpeg,JaviIpa,https://twitter.com/JaviIpa,
http://pbs.twimg.com/profile_images/378800000838702843/e64491a4e3a38f9cfb67da1efe412485_bigger.jpeg,gamalielmcgill,https://twitter.com/gamalielmcgill,
http://pbs.twimg.com/profile_images/378800000418489997/f25413362ed84fe4d00ccf8974b0833f_bigger.jpeg,ITwebagency,https://twitter.com/ITwebagency,
http://pbs.twimg.com/profile_images/545531978955501568/uaaK7ebt_bigger.jpeg,batutahibnu17,https://twitter.com/batutahibnu17,
http://pbs.twimg.com/profile_images/496996386827563010/KpF_84m0_bigger.jpeg,RaghuRamaswamy,https://twitter.com/RaghuRamaswamy,
http://pbs.twimg.com/profile_images/3662037881/d5104b190ccdc5a3bce4855f3edfc6b7_bigger.jpeg,ignotomedia,https://twitter.com/ignotomedia,
http://pbs.twimg.com/profile_images/3522520847/f46eba94789124d767fd0e3eb025f397_bigger.png,clydehut,https://twitter.com/clydehut,
http://pbs.twimg.com/profile_images/549599256173346819/6s8Y06Uy_bigger.jpeg,avatastic,https://twitter.com/avatastic,
http://pbs.twimg.com/profile_images/378800000340525978/0b62a7ee69843b46150479da6a449b8d_bigger.jpeg,mazarinette_,https://twitter.com/mazarinette_,
http://pbs.twimg.com/profile_images/378800000021271334/b53e0eb9e33575ecd11f12c6160d24c4_bigger.jpeg,TheTechCrowd,https://twitter.com/TheTechCrowd,
http://pbs.twimg.com/profile_images/484738813789765632/_FCugWtB_bigger.jpeg,JetteVindum,https://twitter.com/JetteVindum,
http://pbs.twimg.com/profile_images/544194403993014272/7NUzsVNY_bigger.jpeg,SholaKaye,https://twitter.com/SholaKaye,
http://pbs.twimg.com/profile_images/533623948940808192/vCP6awip_bigger.jpeg,kishan13g,https://twitter.com/kishan13g,
http://pbs.twimg.com/profile_images/2590430986/jtmxjgyfax3kt05u9k6k_bigger.jpeg,ZoeThompson0,https://twitter.com/ZoeThompson0,
http://pbs.twimg.com/profile_images/461517152466395137/xM_LpmoN_bigger.jpeg,lorecorfas,https://twitter.com/lorecorfas,
http://pbs.twimg.com/profile_images/551445489103556608/Ca-gPvN1_bigger.jpeg,emarshah,https://twitter.com/emarshah,
http://pbs.twimg.com/profile_images/413891381719887872/1E17btjg_bigger.jpeg,chuc_hp,https://twitter.com/chuc_hp,
http://pbs.twimg.com/profile_images/1372670751/Janny_Meijles-Web_bigger.jpg,JannyMeijles,https://twitter.com/JannyMeijles,
http://pbs.twimg.com/profile_images/543559965953515520/9A4DDYya_bigger.jpeg,bosonog_il,https://twitter.com/bosonog_il,
http://pbs.twimg.com/profile_images/551784809358303232/yXj4Tm9s_bigger.jpeg,robotplacecom,https://twitter.com/robotplacecom,
http://pbs.twimg.com/profile_images/552059768961904641/fd1kBZqg_bigger.png,amazemeet,https://twitter.com/amazemeet,
http://pbs.twimg.com/profile_images/554550421629308931/jwIJmY1i_bigger.jpeg,CostaWasta,https://twitter.com/CostaWasta,
http://pbs.twimg.com/profile_images/522872304322506752/kZ6gOqRQ_bigger.jpeg,Check_Matey,https://twitter.com/Check_Matey,
http://pbs.twimg.com/profile_images/528377733269553152/HXP2Su-M_bigger.jpeg,hr10105,https://twitter.com/hr10105,
http://pbs.twimg.com/profile_images/378800000788581322/2a56dedd1d8a85c81133afb8603cb0ed_bigger.jpeg,TankWorldNews,https://twitter.com/TankWorldNews,
http://pbs.twimg.com/profile_images/3238927355/a51049e2e5fb3c211d6849dee7dc537e_bigger.jpeg,dynamic_markets,https://twitter.com/dynamic_markets,
http://pbs.twimg.com/profile_images/556779058357231616/0y7gueUF_bigger.jpeg,G65,https://twitter.com/G65,
http://pbs.twimg.com/profile_images/476566063534968833/bdnOm8z8_bigger.png,alleyoop_web,https://twitter.com/alleyoop_web,
http://pbs.twimg.com/profile_images/1861118192/dsr_bigger.jpg,danielsromero,https://twitter.com/danielsromero,
http://pbs.twimg.com/profile_images/467322065339445248/W0KhOTe2_bigger.png,GiGroupBurton,https://twitter.com/GiGroupBurton,
http://pbs.twimg.com/profile_images/460160981524434944/x-VKmiqs_bigger.jpeg,LindaAyres311,https://twitter.com/LindaAyres311,
http://pbs.twimg.com/profile_images/3414124012/b0d1acb14af87c89aa6564ee637084ed_bigger.jpeg,bnimagnum,https://twitter.com/bnimagnum,
http://pbs.twimg.com/profile_images/541215998075236352/BKPA_Nx5_bigger.jpeg,babsiquaxi,https://twitter.com/babsiquaxi,
http://pbs.twimg.com/profile_images/1609016151/Fritsjurgens_logo_twitter_bigger.jpg,fritsjurgens,https://twitter.com/fritsjurgens,
http://pbs.twimg.com/profile_images/2142148944/JPG-Logo_bigger.jpg,baybusinesshelp,https://twitter.com/baybusinesshelp,
http://pbs.twimg.com/profile_images/553255059480641536/qKjhMP6x_bigger.jpeg,liesbethmeijer_,https://twitter.com/liesbethmeijer_,
http://pbs.twimg.com/profile_images/451374886041030656/rQxN7GYt_bigger.jpeg,JRPPhoenix360,https://twitter.com/JRPPhoenix360,
http://pbs.twimg.com/profile_images/503932821153779713/qKN3gFeS_bigger.jpeg,superMedSec,https://twitter.com/superMedSec,
http://pbs.twimg.com/profile_images/554551254932672514/Yq47clxF_bigger.png,tanjorean,https://twitter.com/tanjorean,
http://pbs.twimg.com/profile_images/1566924153/EEE-1_bigger.jpg,G_E_Stein,https://twitter.com/G_E_Stein,
http://pbs.twimg.com/profile_images/464004803291410432/KpMoLLY5_bigger.jpeg,BJWallerLtd,https://twitter.com/BJWallerLtd,
http://pbs.twimg.com/profile_images/551501215977472001/D3x3RaW0_bigger.jpeg,criszizi,https://twitter.com/criszizi,
http://pbs.twimg.com/profile_images/556431263771291648/Ml-lkzHm_bigger.jpeg,mnickler,https://twitter.com/mnickler,
http://pbs.twimg.com/profile_images/506591470531252224/YLrwauJ3_bigger.jpeg,itpartners_nz,https://twitter.com/itpartners_nz,
http://pbs.twimg.com/profile_images/461153460272906240/rtuH6ggA_bigger.png,IFR_Group,https://twitter.com/IFR_Group,
http://pbs.twimg.com/profile_images/1076160214/Michiel_Fortuin_small_bigger.jpg,michielfortuin,https://twitter.com/michielfortuin,
http://pbs.twimg.com/profile_images/1101098092/DSC00239_Comp_bigger.JPG,sudhir_sgp,https://twitter.com/sudhir_sgp,
http://pbs.twimg.com/profile_images/553556093658337281/w056iImi_bigger.jpeg,jamsovaluesmart,https://twitter.com/jamsovaluesmart,
http://pbs.twimg.com/profile_images/421375230943035392/FClk7V5Z_bigger.jpeg,ElienneCroes,https://twitter.com/ElienneCroes,
http://pbs.twimg.com/profile_images/430196461150552064/Ue1YRa1n_bigger.jpeg,Mereliyekahaani,https://twitter.com/Mereliyekahaani,
http://pbs.twimg.com/profile_images/461889838170374146/gCE9DN1N_bigger.jpeg,B3ckY_2010,https://twitter.com/B3ckY_2010,
http://pbs.twimg.com/profile_images/378800000533117349/88b1b3e107aa4c75536a3abaf67c01ed_bigger.png,Twiwok_job,https://twitter.com/Twiwok_job,
http://pbs.twimg.com/profile_images/540776337300938752/PXJEu8YT_bigger.png,DPAbenkis,https://twitter.com/DPAbenkis,
http://pbs.twimg.com/profile_images/3070452068/feb2f7ac209b8e79f9043895d8ebfc4f_bigger.jpeg,JaninePont_nl,https://twitter.com/JaninePont_nl,
http://pbs.twimg.com/profile_images/2762635737/dcef0bee88e57150e2d43307ccf222cf_bigger.jpeg,RoelHaanappel,https://twitter.com/RoelHaanappel,
http://pbs.twimg.com/profile_images/3526098561/16708a80efca05d79483ea945e206654_bigger.png,Bharti_Realty,https://twitter.com/Bharti_Realty,
http://pbs.twimg.com/profile_images/1255507133/132006_1680438606988_1118245041_31804272_4479884_o_bigger.jpg,npapageorgiou,https://twitter.com/npapageorgiou,
http://pbs.twimg.com/profile_images/2485361659/qs807t1vjho8swq2dzw3_bigger.png,AG_Fund,https://twitter.com/AG_Fund,
http://pbs.twimg.com/profile_images/1660411111/fc-twit_bigger.jpg,C2Software,https://twitter.com/C2Software,
http://pbs.twimg.com/profile_images/378800000177538957/c38bbe470a05f36d497f74f31792b64f_bigger.jpeg,ITisRISKI,https://twitter.com/ITisRISKI,
http://pbs.twimg.com/profile_images/443047849429716992/Ys5BaRKU_bigger.jpeg,SteveCondon,https://twitter.com/SteveCondon,
http://pbs.twimg.com/profile_images/378800000102768470/67072afa0a935f9f4f7f55d3c73f41f6_bigger.jpeg,Rick_Olimpio,https://twitter.com/Rick_Olimpio,
http://pbs.twimg.com/profile_images/464016003475587072/x4n_smnI_bigger.jpeg,haildrone,https://twitter.com/haildrone,
http://pbs.twimg.com/profile_images/1300613055/claude_bigger.JPG,leaderofrisk,https://twitter.com/leaderofrisk,
http://pbs.twimg.com/profile_images/1836215432/La1_bigger.jpg,allanabarber,https://twitter.com/allanabarber,
http://pbs.twimg.com/profile_images/461076007097618432/sInZTO5w_bigger.jpeg,SempreAnalytics,https://twitter.com/SempreAnalytics,
http://pbs.twimg.com/profile_images/551875477389197314/UrYgv4cm_bigger.jpeg,Liam_Weaver1,https://twitter.com/Liam_Weaver1,
http://pbs.twimg.com/profile_images/496327069907701760/Z8fwDC1o_bigger.jpeg,VishalTSR,https://twitter.com/VishalTSR,
http://pbs.twimg.com/profile_images/988565893/toan_392x482_bigger.jpg,viettoannguyen,https://twitter.com/viettoannguyen,
http://pbs.twimg.com/profile_images/542575946130132993/M7eKXrse_bigger.jpeg,GConnections_ph,https://twitter.com/GConnections_ph,
http://pbs.twimg.com/profile_images/437815080638353408/bS7FdPNv_bigger.jpeg,ElCohnay,https://twitter.com/ElCohnay,
http://pbs.twimg.com/profile_images/3506654701/32791895c12ba3c1cdc12ee3c3ca5815_bigger.jpeg,MillerSven,https://twitter.com/MillerSven,
http://pbs.twimg.com/profile_images/509348835403898882/iJJ_7Xnj_bigger.jpeg,Bright7Ltd,https://twitter.com/Bright7Ltd,
http://pbs.twimg.com/profile_images/509808658407235584/WJh_ssJ6_bigger.jpeg,juluherca,https://twitter.com/juluherca,
http://pbs.twimg.com/profile_images/479993284538814464/4o0Mbr0Z_bigger.jpeg,cardanshaftcn,https://twitter.com/cardanshaftcn,
http://pbs.twimg.com/profile_images/1833706987/speedy_bigger.jpg,speedy_dev,https://twitter.com/speedy_dev,
http://pbs.twimg.com/profile_images/522359954108198913/zpr9w5OU_bigger.png,OptimoCare,https://twitter.com/OptimoCare,
http://pbs.twimg.com/profile_images/523029928703295488/z_Xg9vQy_bigger.png,DuchessM,https://twitter.com/DuchessM,
http://pbs.twimg.com/profile_images/510663840896274432/tKpaYZNS_bigger.png,eMinhBui,https://twitter.com/eMinhBui,
http://pbs.twimg.com/profile_images/2594102085/jv6j2k8qptu0t5r75y2h_bigger.jpeg,Lakinska,https://twitter.com/Lakinska,
http://pbs.twimg.com/profile_images/507867913890856961/sbH2W-K3_bigger.jpeg,Uhrus,https://twitter.com/Uhrus,
http://pbs.twimg.com/profile_images/378800000020902040/c6d60a0b95d01b3659cb4533fc3c3578_bigger.jpeg,lucdecleir,https://twitter.com/lucdecleir,
http://pbs.twimg.com/profile_images/425647219094470656/BSRnhFUr_bigger.jpeg,ferranbrianso,https://twitter.com/ferranbrianso,
http://pbs.twimg.com/profile_images/505290194824617984/fXGlkIZr_bigger.png,hotelinking,https://twitter.com/hotelinking,
http://pbs.twimg.com/profile_images/530766945805950976/ESVc8XQM_bigger.jpeg,ebruunlu_,https://twitter.com/ebruunlu_,
http://pbs.twimg.com/profile_images/932179841/Picture1_bigger.jpg,StefLACROIX,https://twitter.com/StefLACROIX,
http://pbs.twimg.com/profile_images/487510761913065472/TwMD_pvH_bigger.jpeg,MBA_UMH,https://twitter.com/MBA_UMH,
http://pbs.twimg.com/profile_images/548519400790573057/-EeY_co8_bigger.jpeg,QuentinLNZT,https://twitter.com/QuentinLNZT,
http://pbs.twimg.com/profile_images/1551350768/scg_bigger.jpg,Designers_i,https://twitter.com/Designers_i,
http://pbs.twimg.com/profile_images/488746132957184000/Qy-ldr6Q_bigger.png,TINnGLASS,https://twitter.com/TINnGLASS,
http://pbs.twimg.com/profile_images/535439552781901825/5n5UlaLd_bigger.jpeg,nikitaldsouza,https://twitter.com/nikitaldsouza,
http://pbs.twimg.com/profile_images/3598929711/f1ebb5c036dc26c8997c4b0bdce7da35_bigger.jpeg,jannikmeissner,https://twitter.com/jannikmeissner,
http://pbs.twimg.com/profile_images/545621722100035584/mJyc5myp_bigger.png,WFESafety,https://twitter.com/WFESafety,
http://abs.twimg.com/sticky/default_profile_images/default_profile_5_bigger.png,elvage,https://twitter.com/elvage,
http://pbs.twimg.com/profile_images/515223887169073153/WT__6ssP_bigger.jpeg,nickabyr,https://twitter.com/nickabyr,
http://pbs.twimg.com/profile_images/545940454920163329/Qbk0C8oH_bigger.jpeg,mirko_ross,https://twitter.com/mirko_ross,
http://pbs.twimg.com/profile_images/525718101497618432/-Q_Ikq1c_bigger.png,redguerrillaweb,https://twitter.com/redguerrillaweb,
http://pbs.twimg.com/profile_images/1533044798/iris_bigger.jpg,irisdegreef,https://twitter.com/irisdegreef,
http://pbs.twimg.com/profile_images/500121062458142720/OFELvgrc_bigger.png,BiznessBranding,https://twitter.com/BiznessBranding,
http://pbs.twimg.com/profile_images/489653551560286208/RWbSrkBU_bigger.jpeg,Ay_DwiPratiwi,https://twitter.com/Ay_DwiPratiwi,
http://pbs.twimg.com/profile_images/484312129583853568/S--ULpoR_bigger.jpeg,CCLGLS,https://twitter.com/CCLGLS,
http://pbs.twimg.com/profile_images/544787704307662848/kSOHT62k_bigger.jpeg,Sharv_wani,https://twitter.com/Sharv_wani,
http://pbs.twimg.com/profile_images/453502265769226241/PPuiIIpx_bigger.png,BLT_VAT,https://twitter.com/BLT_VAT,
http://pbs.twimg.com/profile_images/1634245194/Profile_Pic_New_bigger.jpg,TonyWaldron,https://twitter.com/TonyWaldron,
http://pbs.twimg.com/profile_images/3125986785/444ca40c0d2b494f8f31f4691349820f_bigger.jpeg,ar_em_jay,https://twitter.com/ar_em_jay,
http://pbs.twimg.com/profile_images/378800000828687299/96a7b0aec95570c40a68be401fa5291c_bigger.png,bizXpand,https://twitter.com/bizXpand,
http://pbs.twimg.com/profile_images/518989137907421184/suQ-SVnC_bigger.jpeg,SocioTrans,https://twitter.com/SocioTrans,
http://pbs.twimg.com/profile_images/2511013663/ud7q12iv7gazo5135wzf_bigger.jpeg,lilydraghici,https://twitter.com/lilydraghici,
http://pbs.twimg.com/profile_images/539720871837843456/wQo0cj5b_bigger.jpeg,EuroProjects,https://twitter.com/EuroProjects,
http://pbs.twimg.com/profile_images/1131157470/image_bigger.jpg,drlnk,https://twitter.com/drlnk,
http://pbs.twimg.com/profile_images/551018996955222016/uoRyP7YE_bigger.jpeg,armenpapaz,https://twitter.com/armenpapaz,
http://pbs.twimg.com/profile_images/2408613093/Phoenix_Logo_1_bigger.JPG,Phoenix360Ltd,https://twitter.com/Phoenix360Ltd,
http://pbs.twimg.com/profile_images/378800000729841809/93f34b120b0165d10c1d0f44baf7c908_bigger.png,RencaiGroup,https://twitter.com/RencaiGroup,
http://pbs.twimg.com/profile_images/551660040068034561/A2zsluFH_bigger.jpeg,gronnie_B,https://twitter.com/gronnie_B,
http://pbs.twimg.com/profile_images/2402451638/logo2-italiafideiussioni_bigger.png,ItaFideiussioni,https://twitter.com/ItaFideiussioni,
http://pbs.twimg.com/profile_images/545876830243143680/CgJyufo4_bigger.jpeg,bobbyjean,https://twitter.com/bobbyjean,
http://pbs.twimg.com/profile_images/550903803025698816/fyi5FGkx_bigger.jpeg,Yours_Prashant,https://twitter.com/Yours_Prashant,
http://pbs.twimg.com/profile_images/2873988929/a4aead9bac4a62cdcaadf223abf98b70_bigger.jpeg,SerapGauri,https://twitter.com/SerapGauri,
http://pbs.twimg.com/profile_images/523078826293616640/iuP9Mpai_bigger.jpeg,ILahiri,https://twitter.com/ILahiri,
http://pbs.twimg.com/profile_images/378800000440482368/bb7d4170c799b79098618154a4f37161_bigger.jpeg,slemo,https://twitter.com/slemo,
http://pbs.twimg.com/profile_images/531850589022351360/fqN_NVB3_bigger.png,MileniunLevante,https://twitter.com/MileniunLevante,
http://pbs.twimg.com/profile_images/3608880723/e0e000c89db6f0aa356b6d4218d42dfc_bigger.jpeg,Bernie_Laft,https://twitter.com/Bernie_Laft,
http://pbs.twimg.com/profile_images/2124889080/ruu_bigger.jpg,ruwanvigamage,https://twitter.com/ruwanvigamage,
http://pbs.twimg.com/profile_images/2206753856/logo_droite_bigger.jpg,lemoncom_be,https://twitter.com/lemoncom_be,
http://pbs.twimg.com/profile_images/641502867/com_bigger.PNG,CourtofM,https://twitter.com/CourtofM,
http://pbs.twimg.com/profile_images/554601669099794432/czsWmTpO_bigger.jpeg,AVillegasI,https://twitter.com/AVillegasI,
http://pbs.twimg.com/profile_images/2544276581/profile_bigger.jpg,striderdagreat,https://twitter.com/striderdagreat,
http://pbs.twimg.com/profile_images/3431045673/43ffa6a6ed29553d5e9cf3538b569953_bigger.jpeg,youshenlim,https://twitter.com/youshenlim,
http://pbs.twimg.com/profile_images/1640366922/P1040803_bigger.JPG,sdovis,https://twitter.com/sdovis,
http://pbs.twimg.com/profile_images/3467958412/2c8b107ae2fef95ca8234ed38aa2dc9c_bigger.jpeg,SalinaHendricks,https://twitter.com/SalinaHendricks,
http://pbs.twimg.com/profile_images/550815925466066944/f9AvA07__bigger.jpeg,imagoemmebi,https://twitter.com/imagoemmebi,
http://pbs.twimg.com/profile_images/1782133881/pic8_bigger.jpg,career2000,https://twitter.com/career2000,
http://pbs.twimg.com/profile_images/556014172522049538/Prah0s5H_bigger.jpeg,LanaTBurgess,https://twitter.com/LanaTBurgess,
http://pbs.twimg.com/profile_images/3370829458/6c716cc89eab1a30b092def2852de2cd_bigger.png,3gammagroup,https://twitter.com/3gammagroup,
http://pbs.twimg.com/profile_images/1874893928/kovoks-twitter_bigger.png,kovoks,https://twitter.com/kovoks,
http://pbs.twimg.com/profile_images/378800000505084465/635244465cccbca26b617fac65f76ec2_bigger.jpeg,gmazinga,https://twitter.com/gmazinga,
http://pbs.twimg.com/profile_images/3225603908/9fa38d101596bc9d5219c752ad22e341_bigger.jpeg,simonrisberg,https://twitter.com/simonrisberg,
http://pbs.twimg.com/profile_images/546285749952204800/ewhbyE_p_bigger.jpeg,WICKEDROID,https://twitter.com/WICKEDROID,
http://pbs.twimg.com/profile_images/530643469539086336/1yYNGt0c_bigger.jpeg,JWSBenefits,https://twitter.com/JWSBenefits,
http://pbs.twimg.com/profile_images/914901749/IMG_0643_bigger.jpg,arjanwal,https://twitter.com/arjanwal,
http://pbs.twimg.com/profile_images/479293436697137152/7KBOzP7z_bigger.jpeg,janhriv,https://twitter.com/janhriv,
http://pbs.twimg.com/profile_images/531735385177485312/UHhtD5Gx_bigger.jpeg,AJanaplan,https://twitter.com/AJanaplan,
http://pbs.twimg.com/profile_images/378800000861869340/OiZr1IpB_bigger.png,sameernawani,https://twitter.com/sameernawani,
http://pbs.twimg.com/profile_images/441338168059510784/p2V3eAEe_bigger.jpeg,orchardpsltd,https://twitter.com/orchardpsltd,
http://pbs.twimg.com/profile_images/2169227407/s_11966221_bigger.jpg,Faureadrienne,https://twitter.com/Faureadrienne,
http://pbs.twimg.com/profile_images/515355980314337280/ywQEJHCl_bigger.jpeg,datta_pavan,https://twitter.com/datta_pavan,
http://pbs.twimg.com/profile_images/551902550451306496/_FE6eAQs_bigger.jpeg,Aqualung61,https://twitter.com/Aqualung61,
http://pbs.twimg.com/profile_images/1902974672/302164_258510660851338_2107551842_n1__bigger.jpg,aldius2,https://twitter.com/aldius2,
http://pbs.twimg.com/profile_images/490033924777594881/LEYa7Ix9_bigger.jpeg,vikashprasad21,https://twitter.com/vikashprasad21,
http://pbs.twimg.com/profile_images/1185608576/abstract-runners-web_bigger.jpg,KeithScully,https://twitter.com/KeithScully,
http://pbs.twimg.com/profile_images/64912394/papa_bigger.png,PhilippeSerrano,https://twitter.com/PhilippeSerrano,
http://pbs.twimg.com/profile_images/378800000778905488/083d054039bb2b08fe9ec5a6e2fa2bed_bigger.jpeg,hadihfarah,https://twitter.com/hadihfarah,
http://pbs.twimg.com/profile_images/465171562/oswy_bigger.JPG,oswy,https://twitter.com/oswy,
http://pbs.twimg.com/profile_images/525990950955274240/pJw1LSM2_bigger.png,hm_andersen,https://twitter.com/hm_andersen,
http://pbs.twimg.com/profile_images/378800000536073693/11b9ff989e7095a649b77ddd76e12888_bigger.jpeg,RichardC_Chi,https://twitter.com/RichardC_Chi,
http://pbs.twimg.com/profile_images/3344831730/b504cf53b8545e995ec6d9111ade5a54_bigger.jpeg,AddisonMorgan2,https://twitter.com/AddisonMorgan2,
http://pbs.twimg.com/profile_images/556776699611082752/6MEiIL67_bigger.jpeg,TDCXulu,https://twitter.com/TDCXulu,
http://pbs.twimg.com/profile_images/539549301802688512/pJ579HKy_bigger.jpeg,jrmhaig,https://twitter.com/jrmhaig,
http://pbs.twimg.com/profile_images/1738698227/MKM_photo_bigger.jpg,kilmawnos,https://twitter.com/kilmawnos,
http://pbs.twimg.com/profile_images/484636979166851073/ywNjVp-I_bigger.jpeg,beatrixtam,https://twitter.com/beatrixtam,
http://pbs.twimg.com/profile_images/550214409784528896/VtQ7P7k2_bigger.jpeg,dariovins,https://twitter.com/dariovins,
http://pbs.twimg.com/profile_images/378800000446413042/9748ef32cf42a8e82a18bf733bfedefd_bigger.jpeg,xavimtnez,https://twitter.com/xavimtnez,
http://pbs.twimg.com/profile_images/438325717009313792/fzrLLFfd_bigger.jpeg,Anabelpalomo,https://twitter.com/Anabelpalomo,
http://pbs.twimg.com/profile_images/527568449153683456/-RwkfpTo_bigger.png,EmJChristie,https://twitter.com/EmJChristie,
http://pbs.twimg.com/profile_images/436079917323665408/psP2r3RG_bigger.jpeg,AzugaCareers,https://twitter.com/AzugaCareers,
http://pbs.twimg.com/profile_images/1967643408/image_bigger.jpg,kimhoejlund,https://twitter.com/kimhoejlund,
http://pbs.twimg.com/profile_images/530794823381708800/6AFoZ80J_bigger.jpeg,cinlitonik,https://twitter.com/cinlitonik,
http://pbs.twimg.com/profile_images/378800000739583983/39102e8a14371cb895d29726a727a2af_bigger.jpeg,JamieAudio,https://twitter.com/JamieAudio,
http://pbs.twimg.com/profile_images/477124691090350080/e6r5iwhh_bigger.png,GraviTalent,https://twitter.com/GraviTalent,
http://pbs.twimg.com/profile_images/517866975045771265/nBr81wpV_bigger.jpeg,sandee_tan,https://twitter.com/sandee_tan,
http://pbs.twimg.com/profile_images/3033037117/556f0a0440b5cfa03ea25b58715c7375_bigger.jpeg,MarijaRoodnat,https://twitter.com/MarijaRoodnat,
http://pbs.twimg.com/profile_images/466487192378810368/FcMzSyUC_bigger.jpeg,_PeteChapman,https://twitter.com/_PeteChapman,
http://pbs.twimg.com/profile_images/426462316532477952/ua3HHzQP_bigger.jpeg,SabinedePauw,https://twitter.com/SabinedePauw,
http://pbs.twimg.com/profile_images/532834152794427392/u8fxBut__bigger.jpeg,SimonArmplc,https://twitter.com/SimonArmplc,
http://pbs.twimg.com/profile_images/2835447310/7921f03692e830c0315bbb766049e7ec_bigger.jpeg,karpachii,https://twitter.com/karpachii,
http://pbs.twimg.com/profile_images/378800000510447398/6d662dd71d2b588b9ce8bf541f782be3_bigger.jpeg,TomSlater_BLT,https://twitter.com/TomSlater_BLT,
http://pbs.twimg.com/profile_images/520647250020945920/-168ZpB-_bigger.jpeg,A_Vladyka,https://twitter.com/A_Vladyka,
http://pbs.twimg.com/profile_images/520497223277088768/dfvRq4JK_bigger.jpeg,IsaCerqueir,https://twitter.com/IsaCerqueir,
http://pbs.twimg.com/profile_images/441398160322084864/-5rlbl9v_bigger.jpeg,BySocialFollow,https://twitter.com/BySocialFollow,
http://pbs.twimg.com/profile_images/545185064233881600/H2s9NYK4_bigger.jpeg,DGinzberg,https://twitter.com/DGinzberg,
http://pbs.twimg.com/profile_images/86553872/David_Fogarty_bigger.jpg,davejem,https://twitter.com/davejem,
http://pbs.twimg.com/profile_images/497342385010266115/yIauPm4z_bigger.jpeg,Belwoo,https://twitter.com/Belwoo,
http://pbs.twimg.com/profile_images/3184784553/7e9e07f0d3afff2b3caa11853e09005a_bigger.jpeg,RobbieBarrsBTLB,https://twitter.com/RobbieBarrsBTLB,
http://pbs.twimg.com/profile_images/485260751360106496/uIpipfth_bigger.jpeg,sentenwin,https://twitter.com/sentenwin,
http://pbs.twimg.com/profile_images/459523241459978240/rjDGrNsC_bigger.jpeg,RaduMihaescu,https://twitter.com/RaduMihaescu,
http://pbs.twimg.com/profile_images/489350972989120512/Rvo37Gqm_bigger.jpeg,PharmaHill,https://twitter.com/PharmaHill,
http://pbs.twimg.com/profile_images/378800000202913893/eb65d6f0d5b4e11ea3ea520271db22e7_bigger.jpeg,LawLorcan,https://twitter.com/LawLorcan,
http://pbs.twimg.com/profile_images/63243987/dice_100x100_bigger.jpg,aliceland,https://twitter.com/aliceland,
http://pbs.twimg.com/profile_images/513313960515223552/MIKj3vHC_bigger.jpeg,AlfredoFernndez,https://twitter.com/AlfredoFernndez,
http://pbs.twimg.com/profile_images/501104894669910020/Epg47HVm_bigger.jpeg,PiescheM,https://twitter.com/PiescheM,
http://pbs.twimg.com/profile_images/488070060028592128/bvaUowr8_bigger.png,WyneCloyd,https://twitter.com/WyneCloyd,
http://pbs.twimg.com/profile_images/378800000086292607/9a2e15debcb3e10f8b87ff704482347d_bigger.jpeg,AnnetteOmoee,https://twitter.com/AnnetteOmoee,
http://pbs.twimg.com/profile_images/486229804237074432/tio-XlUC_bigger.jpeg,CansuKayaSelman,https://twitter.com/CansuKayaSelman,
http://pbs.twimg.com/profile_images/378800000730237374/61248132aea1de8788bfabe0f46145e3_bigger.jpeg,joworf,https://twitter.com/joworf,
http://pbs.twimg.com/profile_images/556360862802247680/Hx334WIz_bigger.jpeg,estelfern,https://twitter.com/estelfern,
http://pbs.twimg.com/profile_images/3023813116/4fa784d55f9bb450a3dc8b36ba46b50c_bigger.jpeg,_AddieGonzalez_,https://twitter.com/_AddieGonzalez_,
http://pbs.twimg.com/profile_images/2754742649/14db6316bca12cde71034e20fb114ea0_bigger.jpeg,castelarplaza,https://twitter.com/castelarplaza,
http://pbs.twimg.com/profile_images/423403587943673856/7OazDGHs_bigger.jpeg,christait70,https://twitter.com/christait70,
http://pbs.twimg.com/profile_images/532536639323508736/O8btq-pD_bigger.png,Petits_Modeles,https://twitter.com/Petits_Modeles,
http://pbs.twimg.com/profile_images/3543011396/bd34bf42faaa80340e8faa0418ca8ec6_bigger.jpeg,sandz1312,https://twitter.com/sandz1312,
http://pbs.twimg.com/profile_images/378800000613369595/9d1d9e345f0f9b75d3ab9f714e93387f_bigger.jpeg,Ravindra_nathan,https://twitter.com/Ravindra_nathan,
http://pbs.twimg.com/profile_images/537175010587054080/TvOcFa6M_bigger.jpeg,BuyKamagrapills,https://twitter.com/BuyKamagrapills,
http://pbs.twimg.com/profile_images/556396645135306752/YIwfRpou_bigger.jpeg,febrianisplnt,https://twitter.com/febrianisplnt,
http://pbs.twimg.com/profile_images/541743272012443648/d-WldHNl_bigger.png,goodanswer_biz,https://twitter.com/goodanswer_biz,
http://pbs.twimg.com/profile_images/540458717947244545/gBpymEHR_bigger.jpeg,GrowHouseTweets,https://twitter.com/GrowHouseTweets,
http://pbs.twimg.com/profile_images/519115402001911808/A5iyOSTb_bigger.jpeg,AuroreCassin,https://twitter.com/AuroreCassin,
http://pbs.twimg.com/profile_images/521723285948481536/pQ2r23j3_bigger.jpeg,JMyks7,https://twitter.com/JMyks7,
http://pbs.twimg.com/profile_images/491532646971744257/6so4LQCe_bigger.jpeg,wer_grafico,https://twitter.com/wer_grafico,
http://pbs.twimg.com/profile_images/544519971502821376/5zK4R6Kx_bigger.jpeg,CareSpecialists,https://twitter.com/CareSpecialists,
http://abs.twimg.com/sticky/default_profile_images/default_profile_1_bigger.png,rossharrison13,https://twitter.com/rossharrison13,
http://pbs.twimg.com/profile_images/433539521561366529/xDj92uQC_bigger.jpeg,Northofthewoods,https://twitter.com/Northofthewoods,
http://pbs.twimg.com/profile_images/462324627700977664/MsjI9tBD_bigger.jpeg,Molawand,https://twitter.com/Molawand,
http://pbs.twimg.com/profile_images/378800000515914100/0d816fbdf9ca5817d74800a04ea09d40_bigger.jpeg,KamalKdsandhu,https://twitter.com/KamalKdsandhu,
http://pbs.twimg.com/profile_images/3353083381/8155b675a3b8de0f53567f72b49088d8_bigger.jpeg,ElyanneKross,https://twitter.com/ElyanneKross,
http://pbs.twimg.com/profile_images/522355630481215489/Xmd5aPEg_bigger.png,BLT_Interim,https://twitter.com/BLT_Interim,
http://pbs.twimg.com/profile_images/553270531554672640/IFWaZtE9_bigger.jpeg,manorbarnsides1,https://twitter.com/manorbarnsides1,
http://pbs.twimg.com/profile_images/473410581228052481/5cIWfZzb_bigger.jpeg,syedaamirusman,https://twitter.com/syedaamirusman,
http://pbs.twimg.com/profile_images/506302507945979904/wOxYzQkC_bigger.jpeg,PapdanDotCom,https://twitter.com/PapdanDotCom,
http://pbs.twimg.com/profile_images/456814248413257728/8-wYq_E1_bigger.jpeg,MamaYusriah,https://twitter.com/MamaYusriah,
http://pbs.twimg.com/profile_images/488056407636201472/Kyu7RSJI_bigger.png,CathieAruthur,https://twitter.com/CathieAruthur,
http://pbs.twimg.com/profile_images/423412208903548928/IquoZHym_bigger.jpeg,yasmeen_seth,https://twitter.com/yasmeen_seth,
http://pbs.twimg.com/profile_images/543347788403048448/s3qlHwDy_bigger.jpeg,jpssupply,https://twitter.com/jpssupply,
http://pbs.twimg.com/profile_images/720071061/Torii_bigger.gif,tweetinstg1,https://twitter.com/tweetinstg1,
http://pbs.twimg.com/profile_images/541918539741810688/43po1A6q_bigger.jpeg,just_mkting,https://twitter.com/just_mkting,
http://pbs.twimg.com/profile_images/555032845685518338/_0mz4LE1_bigger.jpeg,melisandina,https://twitter.com/melisandina,
http://pbs.twimg.com/profile_images/2028358170/New_Image2_bigger.jpg,Pentaflower,https://twitter.com/Pentaflower,
http://pbs.twimg.com/profile_images/535706024213090304/ZV7o6NCG_bigger.jpeg,ManjariWellness,https://twitter.com/ManjariWellness,
http://pbs.twimg.com/profile_images/512861178368774144/b9gjT2_b_bigger.jpeg,rammubrar,https://twitter.com/rammubrar,
http://pbs.twimg.com/profile_images/502387985241739264/eSSh7nwu_bigger.jpeg,pti_abax,https://twitter.com/pti_abax,
http://pbs.twimg.com/profile_images/514726194063745025/KGxUMLOF_bigger.jpeg,SKKamarajugadda,https://twitter.com/SKKamarajugadda,
http://abs.twimg.com/sticky/default_profile_images/default_profile_0_bigger.png,j_f_drake,https://twitter.com/j_f_drake,
http://pbs.twimg.com/profile_images/466620871780888577/BihPHfgn_bigger.jpeg,BrescianiFede,https://twitter.com/BrescianiFede,
http://pbs.twimg.com/profile_images/547037030765436928/gyCTMhUm_bigger.jpeg,Forum_PMI_2015,https://twitter.com/Forum_PMI_2015,
http://pbs.twimg.com/profile_images/378800000810180834/d27e3b761d403d77ff6534c51b639bd7_bigger.jpeg,ssallesinf,https://twitter.com/ssallesinf,
http://abs.twimg.com/sticky/default_profile_images/default_profile_3_bigger.png,fraziers_realty,https://twitter.com/fraziers_realty,
http://abs.twimg.com/sticky/default_profile_images/default_profile_5_bigger.png,Hildabesaans,https://twitter.com/Hildabesaans,
http://pbs.twimg.com/profile_images/550368098378067968/SijWAioW_bigger.jpeg,thealcalde340,https://twitter.com/thealcalde340,
http://pbs.twimg.com/profile_images/548164077202055168/OpS8t9zn_bigger.png,Afiqah_aLh64wgx,https://twitter.com/Afiqah_aLh64wgx,
