"","word","freq"
"alluarjun","alluarjun",621
"gonagannareddy","gonagannareddy",304
"look","look",213
"stylishstar","stylishstar",155
"rudramadevi","rudramadevi",147
"alluarjuns","alluarjuns",132
"new","new",127
"movie","movie",126
"frm","frm",124
"rudhramadevi","rudhramadevi",113
"making","making",103
"aggressive","aggressive",97
"gona","gona",94
"ganna","ganna",93
"reddy","reddy",91
"kummesadu","kummesadu",90
"video","video",87
"check","check",63
"film","film",57
"arjun","arjun",49
"allu","allu",47
"sets","sets",47
"husharu","husharu",43
"upcoming","upcoming",43
"still","still",42
"trending","trending",40
"poster","poster",38
"next","next",37
"schedule","schedule",35
"alluarjuntrivikram","alluarjuntrivikram",34
"trivikram","trivikram",32
"journal","journal",31
"latest","latest",31
"will","will",30
"gurugaru","gurugaru",29
"pic","pic",28
"star","star",27
"titled","titled",27
"confirmed","confirmed",25
"stylish","stylish",25
"almost","almost",24
"fans","fans",22
"jan","jan",21
"release","release",21
"today","today",21
"actor","actor",20
"heres","heres",20
"radhakrishnas","radhakrishnas",20
"starring","starring",20
"tomorrow","tomorrow",20
"trivikramstylishstar","trivikramstylishstar",20
"movies","movies",19
"title","title",19
"watch","watch",19
"character","character",18
"fan","fan",18
"now","now",18
"bunny","bunny",17
"days","days",17
"menons","menons",16
"trivikramnitya","trivikramnitya",16
"ramcharan","ramcharan",15
"rocks","rocks",15
"way","way",15
"also","also",14
"full","full",14
"hit","hit",14
"make","make",14
"three","three",14
"trivikrams","trivikrams",14
"best","best",13
"first","first",13
"goes","goes",13
"good","good",13
"well","well",13
"announcement","announcement",12
"arya","arya",12
"brand","brand",12
"happy","happy",12
"hyderabad","hyderabad",12
"life","life",12
"minutes","minutes",12
"sankranthi","sankranthi",12
"telugu","telugu",12
"http","http",11
"kiran","kiran",11
"news","news",11
"pongal","pongal",11
"released","released",11
"","",10
"asked","asked",10
"gonaganna","gonaganna",10
"journalalluarjun","journalalluarjun",10
"one","one",10
"script","script",10
"special","special",10
"super","super",10
"temper","temper",10
"trendingfacebook","trendingfacebook",10
"wth","wth",10
"aina","aina",9
"anushka","anushka",9
"arts","arts",9
"awaited","awaited",9
"baahubali","baahubali",9
"bounded","bounded",9
"darling","darling",9
"day","day",9
"develop","develop",9
"dir","dir",9
"geeta","geeta",9
"greenalluarjun","greenalluarjun",9
"gvprakash","gvprakash",9
"kadambari","kadambari",9
"kerala","kerala",9
"kummesindi","kummesindi",9
"looks","looks",9
"marketed","marketed",9
"mega","mega",9
"much","much",9
"pedatadu","pedatadu",9
"produced","produced",9
"rahamante","rahamante",9
"romantic","romantic",9
"rudramadevihttp","rudramadevihttp",9
"storycome","storycome",9
"studio","studio",9
"suriya","suriya",9
"trisulam","trisulam",9
"videoa","videoa",9
"alluarjunmovie","alluarjunmovie",8
"exclusive","exclusive",8
"facebook","facebook",8
"final","final",8
"horse","horse",8
"konda","konda",8
"mahesh","mahesh",8
"motion","motion",8
"racegurram","racegurram",8
"releasetitle","releasetitle",8
"shooting","shooting",8
"thst","thst",8
"whichis","whichis",8
"actress","actress",7
"arachakam","arachakam",7
"asgonagannareddy","asgonagannareddy",7
"avathalesaadu","avathalesaadu",7
"career","career",7
"cchere","cchere",7
"collage","collage",7
"everything","everything",7
"fantastic","fantastic",7
"frommaking","frommaking",7
"fromrudhramadevi","fromrudhramadevi",7
"june","june",7
"kummi","kummi",7
"majestic","majestic",7
"massive","massive",7
"rana","rana",7
"riding","riding",7
"scenes","scenes",7
"shoot","shoot",7
"snapshots","snapshots",7
"soon","soon",7
"thankqteam","thankqteam",7
"vijay","vijay",7
"word","word",7
"advance","advance",6
"anumetha","anumetha",6
"anushkashetty","anushkashetty",6
"anushkashettyprakashraj","anushkashettyprakashraj",6
"atam","atam",6
"dfilm","dfilm",6
"drum","drum",6
"enjoy","enjoy",6
"feat","feat",6
"frommovie","frommovie",6
"fromwill","fromwill",6
"gemini","gemini",6
"gift","gift",6
"gonagannareddys","gonagannareddys",6
"happypongalall","happypongalall",6
"ing","ing",6
"inwow","inwow",6
"jadhugar","jadhugar",6
"just","just",6
"key","key",6
"link","link",6
"love","love",6
"mins","mins",6
"official","official",6
"performance","performance",6
"photoalluarjun","photoalluarjun",6
"picture","picture",6
"prabhas","prabhas",6
"responce","responce",6
"response","response",6
"rudhramadeviheresalluarjun","rudhramadeviheresalluarjun",6
"season","season",6
"show","show",6
"snehas","snehas",6
"specialstylishstar","specialstylishstar",6
"staytuned","staytuned",6
"stills","stills",6
"sukumar","sukumar",6
"vijaykumarkonda","vijaykumarkonda",6
"watching","watching",6
"yay","yay",6
"year","year",6
"","",5
"arjuns","arjuns",5
"artist","artist",5
"atpm","atpm",5
"bhogi","bhogi",5
"combination","combination",5
"confirmedgood","confirmedgood",5
"director","director",5
"dubbed","dubbed",5
"falls","falls",5
"fav","fav",5
"feel","feel",5
"handsome","handsome",5
"hindi","hindi",5
"inallurocks","inallurocks",5
"industry","industry",5
"maheshbabu","maheshbabu",5
"music","music",5
"packed","packed",5
"pawan","pawan",5
"place","place",5
"power","power",5
"race","race",5
"redy","redy",5
"reels","reels",5
"rocking","rocking",5
"role","role",5
"rolls","rolls",5
"rudramadevigonagannareddy","rudramadevigonagannareddy",5
"selected","selected",5
"summer","summer",5
"support","support",5
"telugunews","telugunews",5
"time","time",5
"titile","titile",5
"todayam","todayam",5
"tollywood","tollywood",5
"tommorrow","tommorrow",5
"vedam","vedam",5
"wid","wid",5
"yearforyevadu","yearforyevadu",5
"yevadu","yevadu",5
"","",4
"aagadu","aagadu",4
"alluarjunnagarjuna","alluarjunnagarjuna",4
"alluarjunnityamenons","alluarjunnityamenons",4
"alluarjunpic","alluarjunpic",4
"appearance","appearance",4
"awesome","awesome",4
"backback","backback",4
"buzz","buzz",4
"cable","cable",4
"cinema","cinema",4
"click","click",4
"consideration","consideration",4
"devisriprasad","devisriprasad",4
"dont","dont",4
"family","family",4
"favourite","favourite",4
"festival","festival",4
"films","films",4
"filmstrivikram","filmstrivikram",4
"flick","flick",4
"fromdays","fromdays",4
"gtgt","gtgt",4
"gtgtgt","gtgtgt",4
"gunasekhars","gunasekhars",4
"herejust","herejust",4
"heroes","heroes",4
"highest","highest",4
"inmanam","inmanam",4
"join","join",4
"lingaa","lingaa",4
"luk","luk",4
"made","made",4
"megafans","megafans",4
"memorable","memorable",4
"milliondollarclub","milliondollarclub",4
"morningd","morningd",4
"nagarjuna","nagarjuna",4
"name","name",4
"nenokkadine","nenokkadine",4
"onnow","onnow",4
"posters","posters",4
"powerstar","powerstar",4
"raceguram","raceguram",4
"raceguramst","raceguramst",4
"raju","raju",4
"revealed","revealed",4
"rule","rule",4
"share","share",4
"song","song",4
"stillstylishstar","stillstylishstar",4
"story","story",4
"superb","superb",4
"teaser","teaser",4
"think","think",4
"titles","titles",4
"tremendous","tremendous",4
"updates","updates",4
"wait","wait",4
"waiting","waiting",4
"war","war",4
"","",3
"","",3
"adahsharma","adahsharma",3
"alluarjunas","alluarjunas",3
"alluarjunonfb","alluarjunonfb",3
"alluarjuntrivikrams","alluarjuntrivikrams",3
"amazing","amazing",3
"antagonist","antagonist",3
"back","back",3
"behalf","behalf",3
"big","big",3
"birthday","birthday",3
"blockbuster","blockbuster",3
"bro","bro",3
"choopistha","choopistha",3
"christmas","christmas",3
"dailynewsdailyupdates","dailynewsdailyupdates",3
"excited","excited",3
"fansmerrychristmas","fansmerrychristmas",3
"firstlook","firstlook",3
"follow","follow",3
"gonagonareddy","gonagonareddy",3
"gunashekar","gunashekar",3
"gurram","gurram",3
"happybirthdayvaruntej","happybirthdayvaruntej",3
"heroi","heroi",3
"heros","heros",3
"ill","ill",3
"inht","inht",3
"inmaking","inmaking",3
"jrntr","jrntr",3
"julayi","julayi",3
"kajalaggarwal","kajalaggarwal",3
"learned","learned",3
"like","like",3
"lucky","lucky",3
"mass","mass",3
"mava","mava",3
"megaday","megaday",3
"megafans","megafans",3
"megapowerstar","megapowerstar",3
"megaprince","megaprince",3
"merry","merry",3
"miss","miss",3
"mistake","mistake",3
"moviehttp","moviehttp",3
"nowthere","nowthere",3
"oftrivikram","oftrivikram",3
"pageallu","pageallu",3
"pawankalyan","pawankalyan",3
"plz","plz",3
"prove","prove",3
"racer","racer",3
"ramchara","ramchara",3
"rudramadevigood","rudramadevigood",3
"saidharamtejs","saidharamtejs",3
"sankranti","sankranti",3
"say","say",3
"shruti","shruti",3
"soontrishulam","soontrishulam",3
"start","start",3
"stylishstaralluarjuninsouthscopemagazineoldcollection","stylishstaralluarjuninsouthscopemagazineoldcollection",3
"subramanyamforsale","subramanyamforsale",3
"subscribe","subscribe",3
"superhit","superhit",3
"tats","tats",3
"terrific","terrific",3
"terrifying","terrifying",3
"tfialluarjun","tfialluarjun",3
"thaman","thaman",3
"tollywoodnews","tollywoodnews",3
"untitled","untitled",3
"varudu","varudu",3
"viewsi","viewsi",3
"vikram","vikram",3
"wishesour","wishesour",3
"work","work",3
"years","years",3
"yearthealluarjunalluarjun","yearthealluarjunalluarjun",3
"yevaduhindi","yevaduhindi",3
"","",2
"aaaaattttt","aaaaattttt",2
"abnnews","abnnews",2
"action","action",2
"adios","adios",2
"alluarjunjadugar","alluarjunjadugar",2
"alluarjunnew","alluarjunnew",2
"alluarjuntrivikramsrinivas","alluarjuntrivikramsrinivas",2
"allusirish","allusirish",2
"already","already",2
"andhrapradeshnews","andhrapradeshnews",2
"anexcellentcostar","anexcellentcostar",2
"another","another",2
"anta","anta",2
"arjuntrivikram","arjuntrivikram",2
"assure","assure",2
"become","become",2
"brahmanandam","brahmanandam",2
"bunnys","bunnys",2
"bying","bying",2
"can","can",2
"chalaki","chalaki",2
"charismatic","charismatic",2
"chesina","chesina",2
"coming","coming",2
"community","community",2
"complete","complete",2
"costume","costume",2
"craze","craze",2
"crazehe","crazehe",2
"creationsgurugaru","creationsgurugaru",2
"cross","cross",2
"date","date",2
"debut","debut",2
"desamuduruis","desamuduruis",2
"details","details",2
"edit","edit",2
"editalluarjun","editalluarjun",2
"eenaduandhrajyothy","eenaduandhrajyothy",2
"eeyana","eeyana",2
"entertai","entertai",2
"epaper","epaper",2
"etc","etc",2
"every","every",2
"exclusively","exclusively",2
"fanee","fanee",2
"fanhttp","fanhttp",2
"fridaynovember","fridaynovember",2
"fun","fun",2
"funky","funky",2
"god","god",2
"going","going",2
"gonagannareddyrudramadevi","gonagannareddyrudramadevi",2
"gopalaquot","gopalaquot",2
"gostylishstar","gostylishstar",2
"guess","guess",2
"guest","guest",2
"guruji","guruji",2
"haarika","haarika",2
"haasine","haasine",2
"hands","hands",2
"hassanracegurram","hassanracegurram",2
"hat","hat",2
"hero","hero",2
"hindidubbedmovies","hindidubbedmovies",2
"hope","hope",2
"htt","htt",2
"husharutitle","husharutitle",2
"idealyou","idealyou",2
"imovie","imovie",2
"important","important",2
"jad","jad",2
"jantham","jantham",2
"journalallu","journalallu",2
"journalcoming","journalcoming",2
"journalthis","journalthis",2
"journalwill","journalwill",2
"kalyanram","kalyanram",2
"kalyanvenkateshs","kalyanvenkateshs",2
"kick","kick",2
"koratala","koratala",2
"likeshare","likeshare",2
"liplocksbunny","liplocksbunny",2
"luckytheracerenjoy","luckytheracerenjoy",2
"maatv","maatv",2
"makes","makes",2
"man","man",2
"meeda","meeda",2
"megastar","megastar",2
"missing","missing",2
"moviebunny","moviebunny",2
"mukunda","mukunda",2
"mvie","mvie",2
"mybollywoodstars","mybollywoodstars",2
"named","named",2
"navdeep","navdeep",2
"nithyamenon","nithyamenon",2
"ntr","ntr",2
"ntrs","ntrs",2
"ntrvsalluarjunfaceoff","ntrvsalluarjunfaceoff",2
"nunchi","nunchi",2
"ofmoviealluarjun","ofmoviealluarjun",2
"oneonly","oneonly",2
"opening","opening",2
"perfect","perfect",2
"photo","photo",2
"please","please",2
"pothe","pothe",2
"preet","preet",2
"prod","prod",2
"progress","progress",2
"purely","purely",2
"quotgopala","quotgopala",2
"ravitejaalluarjun","ravitejaalluarjun",2
"read","read",2
"ready","ready",2
"reason","reason",2
"reddydir","reddydir",2
"reddyrudhramadevi","reddyrudhramadevi",2
"registered","registered",2
"releasing","releasing",2
"right","right",2
"rudhramadevialluarjun","rudhramadevialluarjun",2
"rudramadevis","rudramadevis",2
"rudramadevisankranthispecialstunning","rudramadevisankranthispecialstunning",2
"rudramadeviwow","rudramadeviwow",2
"samantha","samantha",2
"second","second",2
"seems","seems",2
"selfie","selfie",2
"shankars","shankars",2
"sho","sho",2
"shots","shots",2
"shrutihassan","shrutihassan",2
"sneha","sneha",2
"sonusood","sonusood",2
"soonit","soonit",2
"sorry","sorry",2
"sri","sri",2
"stylishstaralluarjunfrom","stylishstaralluarjunfrom",2
"sukumarbs","sukumarbs",2
"superhitmovies","superhitmovies",2
"surenderreddy","surenderreddy",2
"talk","talk",2
"team","team",2
"telangananews","telangananews",2
"though","though",2
"till","till",2
"town","town",2
"trick","trick",2
"trishulam","trishulam",2
"trivibunny","trivibunny",2
"trivikramsrinivas","trivikramsrinivas",2
"true","true",2
"unable","unable",2
"unseen","unseen",2
"unveiled","unveiled",2
"upcomig","upcomig",2
"urgent","urgent",2
"varun","varun",2
"videoeagerlywaiting","videoeagerlywaiting",2
"videos","videos",2
"waitin","waitin",2
"watchshare","watchshare",2
"weekendd","weekendd",2
"wore","wore",2
"working","working",2
"wow","wow",2
"wowww","wowww",2
"yevaduyevadu","yevaduyevadu",2
"yevaru","yevaru",2
"youtube","youtube",2
"","",1
"","",1
"","",1
"","",1
"","",1
"aadi","aadi",1
"aaryawas","aaryawas",1
"abn","abn",1
"abt","abt",1
"according","according",1
"actors","actors",1
"adhurs","adhurs",1
"adventure","adventure",1
"age","age",1
"ago","ago",1
"akkineni","akkineni",1
"allalluarjunfansthe","allalluarjunfansthe",1
"allmaharashtraalluarjunfans","allmaharashtraalluarjunfans",1
"allnew","allnew",1
"alluarjunabn","alluarjunabn",1
"alluarjunam","alluarjunam",1
"alluarjunanyways","alluarjunanyways",1
"alluarjunarya","alluarjunarya",1
"alluarjungonaganareddy","alluarjungonaganareddy",1
"alluarjunhansika","alluarjunhansika",1
"alluarjunlook","alluarjunlook",1
"alluarjunnews","alluarjunnews",1
"alluarjunpawankalyangopalagopalajanasenavideos","alluarjunpawankalyangopalagopalajanasenavideos",1
"alluarjunplaying","alluarjunplaying",1
"alluarjunracegurramcrores","alluarjunracegurramcrores",1
"alluarjunrudhramadevi","alluarjunrudhramadevi",1
"alluarjunrudhramadevianushkashetty","alluarjunrudhramadevianushkashetty",1
"alluarjunsamantha","alluarjunsamantha",1
"alluarjunselfie","alluarjunselfie",1
"alluarjuntrivikram","alluarjuntrivikram",1
"alluarjunvfilm","alluarjunvfilm",1
"alluayaan","alluayaan",1
"allusirishalluarjun","allusirishalluarjun",1
"always","always",1
"among","among",1
"ana","ana",1
"analysis","analysis",1
"andalluarjun","andalluarjun",1
"annayya","annayya",1
"annayya","annayya",1
"answer","answer",1
"answerimage","answerimage",1
"anushkas","anushkas",1
"anushkashettyalluarjun","anushkashettyalluarjun",1
"anymore","anymore",1
"arepawankalyanramcharamalluarjunmaheshbabuprabhasjrntr","arepawankalyanramcharamalluarjunmaheshbabuprabhasjrntr",1
"arju","arju",1
"arjunbunnytrivikram","arjunbunnytrivikram",1
"arjuntrivikrams","arjuntrivikrams",1
"article","article",1
"articlealluarjun","articlealluarjun",1
"articlegonagannareddy","articlegonagannareddy",1
"articlerana","articlerana",1
"articlesamantha","articlesamantha",1
"aruna","aruna",1
"atwith","atwith",1
"audience","audience",1
"audio","audio",1
"baahubaliprabhash","baahubaliprabhash",1
"backed","backed",1
"badrinath","badrinath",1
"bagundi","bagundi",1
"balakrishna","balakrishna",1
"bangaloredayschukkuvellam","bangaloredayschukkuvellam",1
"based","based",1
"beauty","beauty",1
"becomes","becomes",1
"becoming","becoming",1
"beginsto","beginsto",1
"belong","belong",1
"belongs","belongs",1
"bhallaladevas","bhallaladevas",1
"bhanusrimehra","bhanusrimehra",1
"biggest","biggest",1
"block","block",1
"blockbusters","blockbusters",1
"blood","blood",1
"bodystylish","bodystylish",1
"bogikeep","bogikeep",1
"boxbaahubali","boxbaahubali",1
"boxoffice","boxoffice",1
"boyapatiseenu","boyapatiseenu",1
"boyapatisrinu","boyapatisrinu",1
"bpm","bpm",1
"brain","brain",1
"brother","brother",1
"brothers","brothers",1
"bunnyfilms","bunnyfilms",1
"bunnyread","bunnyread",1
"bunnytrivi","bunnytrivi",1
"bunnyuntitled","bunnyuntitled",1
"buster","buster",1
"buzzalluarjuntrivikram","buzzalluarjuntrivikram",1
"buzzthan","buzzthan",1
"candid","candid",1
"canning","canning",1
"careeryears","careeryears",1
"celebrate","celebrate",1
"chances","chances",1
"change","change",1
"channel","channel",1
"channellivetv","channellivetv",1
"charan","charan",1
"cheincham","cheincham",1
"chesinaa","chesinaa",1
"chesko","chesko",1
"cheyali","cheyali",1
"chiranjeevi","chiranjeevi",1
"chiranjeevis","chiranjeevis",1
"chiru","chiru",1
"chose","chose",1
"chudachu","chudachu",1
"chukkuvellammeaghamanbiggest","chukkuvellammeaghamanbiggest",1
"climax","climax",1
"collagee","collagee",1
"collected","collected",1
"collections","collections",1
"combo","combo",1
"comment","comment",1
"confused","confused",1
"congos","congos",1
"consideringhusharuas","consideringhusharuas",1
"contact","contact",1
"contactrasool","contactrasool",1
"copyrights","copyrights",1
"costumecomment","costumecomment",1
"countdown","countdown",1
"creates","creates",1
"creating","creating",1
"credits","credits",1
"crores","crores",1
"currently","currently",1
"cut","cut",1
"cuteee","cuteee",1
"daddy","daddy",1
"daggubati","daggubati",1
"dance","dance",1
"dance","dance",1
"dazzling","dazzling",1
"decision","decision",1
"deshamuduru","deshamuduru",1
"designanushka","designanushka",1
"dhamakedaar","dhamakedaar",1
"diduntill","diduntill",1
"differ","differ",1
"direct","direct",1
"directorhere","directorhere",1
"dirprod","dirprod",1
"dotaat","dotaat",1
"doubledhamakaonsankrantioccationofuntittledprojectandgonnagannareddymaking","doubledhamakaonsankrantioccationofuntittledprojectandgonnagannareddymaking",1
"dulquers","dulquers",1
"edhaithe","edhaithe",1
"element","element",1
"elements","elements",1
"elevation","elevation",1
"emaina","emaina",1
"enni","enni",1
"entertainer","entertainer",1
"entertaining","entertaining",1
"entire","entire",1
"epic","epic",1
"evadu","evadu",1
"evaru","evaru",1
"eve","eve",1
"even","even",1
"excellent","excellent",1
"excellentatb","excellentatb",1
"expected","expected",1
"extraordinaryhttp","extraordinaryhttp",1
"face","face",1
"facebookalluarjun","facebookalluarjun",1
"facebookgonagannareddy","facebookgonagannareddy",1
"fame","fame",1
"fanism","fanism",1
"fansenjoy","fansenjoy",1
"father","father",1
"feemylove","feemylove",1
"filmssycophancy","filmssycophancy",1
"filmtrishoolam","filmtrishoolam",1
"fix","fix",1
"flashbackfriday","flashbackfriday",1
"flickalluarjun","flickalluarjun",1
"flop","flop",1
"for","for",1
"forecast","forecast",1
"forecaststar","forecaststar",1
"forget","forget",1
"forrudhramadevi","forrudhramadevi",1
"frame","frame",1
"freeze","freeze",1
"fresh","fresh",1
"frist","frist",1
"fromallu","fromallu",1
"fromgtgt","fromgtgt",1
"furious","furious",1
"gaa","gaa",1
"galleryalluarjun","galleryalluarjun",1
"gangothri","gangothri",1
"gannareddy","gannareddy",1
"gannareddywhat","gannareddywhat",1
"geminitv","geminitv",1
"get","get",1
"gets","gets",1
"giftmegafans","giftmegafans",1
"glimpse","glimpse",1
"gonaganareddy","gonaganareddy",1
"gonagangareddy","gonagangareddy",1
"gonagannareddyalluarjun","gonagannareddyalluarjun",1
"gonagannareddyawesome","gonagannareddyawesome",1
"gonagannareddym","gonagannareddym",1
"gonagannareddymaking","gonagannareddymaking",1
"gonagannareddymakingvideo","gonagannareddymakingvideo",1
"gonagannareddyrudhramadevi","gonagannareddyrudhramadevi",1
"gonagannareddysuperb","gonagannareddysuperb",1
"gonnagannareddy","gonnagannareddy",1
"gonthulo","gonthulo",1
"google","google",1
"goona","goona",1
"got","got",1
"goto","goto",1
"gotoman","gotoman",1
"grossing","grossing",1
"growing","growing",1
"gtravitejamaheshbabuprakashrajpawankalyanvenkateshgopalagopalatemperjrntralluarjuntrivikramsrinivasbalakrishnarudhramadevikickgabbarsinghbaahubaliramcharan","gtravitejamaheshbabuprakashrajpawankalyanvenkateshgopalagopalatemperjrntralluarjuntrivikramsrinivasbalakrishnarudhramadevikickgabbarsinghbaahubaliramcharan",1
"guna","guna",1
"gundejarigallanthaindi","gundejarigallanthaindi",1
"guys","guys",1
"harishshankar","harishshankar",1
"havent","havent",1
"hegde","hegde",1
"heremaking","heremaking",1
"hii","hii",1
"holiday","holiday",1
"hoo","hoo",1
"hoosaru","hoosaru",1
"hoursmay","hoursmay",1
"huge","huge",1
"hurt","hurt",1
"husharualluarjunsamanthatrivikram","husharualluarjunsamanthatrivikram",1
"husharugaadugar","husharugaadugar",1
"husharujaadoogar","husharujaadoogar",1
"husharuto","husharuto",1
"hysterical","hysterical",1
"iddara","iddara",1
"iddarammayilatho","iddarammayilatho",1
"iddarammayilathoalluarjunamalapaul","iddarammayilathoalluarjunamalapaul",1
"india","india",1
"inrudhramadevi","inrudhramadevi",1
"inrudhramadevimaking","inrudhramadevimaking",1
"interviewhe","interviewhe",1
"ittsmashing","ittsmashing",1
"janthatam","janthatam",1
"janthatamsharesubscribe","janthatamsharesubscribe",1
"joins","joins",1
"journalof","journalof",1
"journalstarring","journalstarring",1
"joy","joy",1
"jrallu","jrallu",1
"julai","julai",1
"kajal","kajal",1
"kalyan","kalyan",1
"kammula","kammula",1
"kaththi","kaththi",1
"killedd","killedd",1
"king","king",1
"kiss","kiss",1
"know","know",1
"known","known",1
"koratalashiva","koratalashiva",1
"koteeswarudu","koteeswarudu",1
"krisnamraju","krisnamraju",1
"kuda","kuda",1
"kumarplz","kumarplz",1
"lakh","lakh",1
"last","last",1
"latestnews","latestnews",1
"latestupdates","latestupdates",1
"lead","lead",1
"liked","liked",1
"likes","likes",1
"lion","lion",1
"little","little",1
"lookallu","lookallu",1
"lookfrom","lookfrom",1
"lookperfection","lookperfection",1
"lookpongal","lookpongal",1
"lookread","lookread",1
"lookrudramadevi","lookrudramadevi",1
"lotall","lotall",1
"loved","loved",1
"lovelyyyy","lovelyyyy",1
"ltltlt","ltltlt",1
"lyrics","lyrics",1
"maheshbabudookuducrores","maheshbabudookuducrores",1
"makers","makers",1
"makingvisualising","makingvisualising",1
"malayalam","malayalam",1
"manisharma","manisharma",1
"manyfor","manyfor",1
"marknew","marknew",1
"max","max",1
"may","may",1
"meela","meela",1
"megaheroes","megaheroes",1
"meloves","meloves",1
"mention","mention",1
"moment","moment",1
"morecrazycombination","morecrazycombination",1
"morphed","morphed",1
"mostly","mostly",1
"mostsearched","mostsearched",1
"moviealluarjun","moviealluarjun",1
"moviemint","moviemint",1
"movierudramadeviunveiled","movierudramadeviunveiled",1
"movieshanivar","movieshanivar",1
"movietollywood","movietollywood",1
"movietrishulam","movietrishulam",1
"movititle","movititle",1
"mrt","mrt",1
"mukundacheck","mukundacheck",1
"must","must",1
"myfavs","myfavs",1
"nagababu","nagababu",1
"nailed","nailed",1
"names","names",1
"nearly","nearly",1
"negative","negative",1
"negativeblood","negativeblood",1
"newlook","newlook",1
"newsthere","newsthere",1
"nextnews","nextnews",1
"night","night",1
"nims","nims",1
"nimshyderabad","nimshyderabad",1
"nityamenon","nityamenon",1
"ntrramcharan","ntrramcharan",1
"ochina","ochina",1
"ofalluarjunandtrivikramun","ofalluarjunandtrivikramun",1
"ofracegurrammanamyevadualluarjunramcharannagarjuna","ofracegurrammanamyevadualluarjunramcharannagarjuna",1
"okbye","okbye",1
"okie","okie",1
"old","old",1
"olk","olk",1
"onpm","onpm",1
"others","others",1
"outread","outread",1
"overhere","overhere",1
"owners","owners",1
"pair","pair",1
"pandaga","pandaga",1
"parugu","parugu",1
"patient","patient",1
"pattamundai","pattamundai",1
"pawankalyancross","pawankalyancross",1
"pawankalyanpallibatani","pawankalyanpallibatani",1
"pawankalyanrakul","pawankalyanrakul",1
"pawankalyans","pawankalyans",1
"pawanwho","pawanwho",1
"peaks","peaks",1
"peopleneed","peopleneed",1
"personality","personality",1
"pettincham","pettincham",1
"photo","photo",1
"photos","photos",1
"pichhiipeakscant","pichhiipeakscant",1
"picwith","picwith",1
"pips","pips",1
"pkalyan","pkalyan",1
"ple","ple",1
"pleasent","pleasent",1
"pls","pls",1
"plshelp","plshelp",1
"podichee","podichee",1
"polltop","polltop",1
"pooja","pooja",1
"poojahegdewithbunny","poojahegdewithbunny",1
"posterregal","posterregal",1
"postponed","postponed",1
"posts","posts",1
"prabhakar","prabhakar",1
"prabhass","prabhass",1
"prakashraj","prakashraj",1
"present","present",1
"profit","profit",1
"project","project",1
"raat","raat",1
"rakul","rakul",1
"rakulpreet","rakulpreet",1
"ram","ram",1
"ramcharanalluarjun","ramcharanalluarjun",1
"ramcharanalluarjunmahesh","ramcharanalluarjunmahesh",1
"ramcharanstylishstar","ramcharanstylishstar",1
"ramsays","ramsays",1
"ranadaggubati","ranadaggubati",1
"raviteja","raviteja",1
"receptionchiranjeevi","receptionchiranjeevi",1
"record","record",1
"reddyf","reddyf",1
"reddyfrom","reddyfrom",1
"reddyread","reddyread",1
"reddys","reddys",1
"remember","remember",1
"replace","replace",1
"replay","replay",1
"report","report",1
"required","required",1
"respective","respective",1
"responserudramadevi","responserudramadevi",1
"result","result",1
"roar","roar",1
"rockas","rockas",1
"rocked","rocked",1
"rockingalso","rockingalso",1
"rolegona","rolegona",1
"rollsheres","rollsheres",1
"rom","rom",1
"rounds","rounds",1
"rt","rt",1
"rudhamadevialluarjun","rudhamadevialluarjun",1
"rudhramadevianushkashettyalluarjunrudhramadevianushka","rudhramadevianushkashettyalluarjunrudhramadevianushka",1
"rudram","rudram",1
"rudramadeviallu","rudramadeviallu",1
"rudramadevialluarjun","rudramadevialluarjun",1
"rudramadevias","rudramadevias",1
"rudramadevioutstandinggoosebumps","rudramadevioutstandinggoosebumps",1
"rudramadevitollywood","rudramadevitollywood",1
"rudramadeviwat","rudramadeviwat",1
"rumoured","rumoured",1
"said","said",1
"sams","sams",1
"sankrathi","sankrathi",1
"santaclaus","santaclaus",1
"sayspeechlesshope","sayspeechlesshope",1
"scene","scene",1
"scored","scored",1
"seen","seen",1
"sekhar","sekhar",1
"sequel","sequel",1
"set","set",1
"sexually","sexually",1
"shaam","shaam",1
"shankrathi","shankrathi",1
"shekarkammula","shekarkammula",1
"shifted","shifted",1
"shines","shines",1
"shivakoratalashivamaheshbabushruthihassansamanthaadahsharmanityamenon","shivakoratalashivamaheshbabushruthihassansamanthaadahsharmanityamenon",1
"shobanbabu","shobanbabu",1
"shocking","shocking",1
"shot","shot",1
"showupcoming","showupcoming",1
"shruthihaasanwatching","shruthihaasanwatching",1
"shrutihaasan","shrutihaasan",1
"sing","sing",1
"singh","singh",1
"sisteralluarjun","sisteralluarjun",1
"siva","siva",1
"sivabalaji","sivabalaji",1
"smiling","smiling",1
"son","son",1
"south","south",1
"spcl","spcl",1
"speaks","speaks",1
"specialcatch","specialcatch",1
"specialyes","specialyes",1
"stagetrivikramsrinivas","stagetrivikramsrinivas",1
"starer","starer",1
"starting","starting",1
"starts","starts",1
"statement","statement",1
"steals","steals",1
"stillallu","stillallu",1
"stillrudhramadevianushkaalluarjun","stillrudhramadevianushkaalluarjun",1
"storygt","storygt",1
"storygthttp","storygthttp",1
"stuns","stuns",1
"style","style",1
"stylishwalk","stylishwalk",1
"subbaraju","subbaraju",1
"success","success",1
"suhasini","suhasini",1
"suits","suits",1
"summerread","summerread",1
"superv","superv",1
"suprbb","suprbb",1
"sure","sure",1
"surprise","surprise",1
"swathyreddy","swathyreddy",1
"tam","tam",1
"tamannah","tamannah",1
"tarak","tarak",1
"taste","taste",1
"teaming","teaming",1
"teamup","teamup",1
"tej","tej",1
"tejs","tejs",1
"television","television",1
"telugustar","telugustar",1
"termed","termed",1
"thabn","thabn",1
"thalapathys","thalapathys",1
"tham","tham",1
"thamans","thamans",1
"thankswishing","thankswishing",1
"therarepicofhappyallufamilyalluaravindalluarjunallusirishhappymomentsmemories","therarepicofhappyallufamilyalluaravindalluarjunallusirishhappymomentsmemories",1
"ths","ths",1
"tinsel","tinsel",1
"titlesuper","titlesuper",1
"tittle","tittle",1
"tollywoodfor","tollywoodfor",1
"top","top",1
"topheros","topheros",1
"touted","touted",1
"trailer","trailer",1
"transmitted","transmitted",1
"trishoolamread","trishoolamread",1
"trivikramalluarjun","trivikramalluarjun",1
"trivikramalluarjunis","trivikramalluarjunis",1
"trivkirammovie","trivkirammovie",1
"tumor","tumor",1
"two","two",1
"typical","typical",1
"undakapovachu","undakapovachu",1
"undhooy","undhooy",1
"undi","undi",1
"upa","upa",1
"upcmng","upcmng",1
"updated","updated",1
"upendra","upendra",1
"upto","upto",1
"urlbin","urlbin",1
"varudualluarjun","varudualluarjun",1
"varuntej","varuntej",1
"venkatesh","venkatesh",1
"via","via",1
"videoalluarjunrudhramadevicheck","videoalluarjunrudhramadevicheck",1
"videopallibatani","videopallibatani",1
"vijaykonda","vijaykonda",1
"vijaykumar","vijaykumar",1
"vijaykumarkondaalluarjunmegafamilyunitedtollywoodmoviesmoviestelugumovie","vijaykumarkondaalluarjunmegafamilyunitedtollywoodmoviesmoviestelugumovie",1
"want","want",1
"watchingthe","watchingthe",1
"wedding","wedding",1
"weekend","weekend",1
"wellalluarjun","wellalluarjun",1
"wen","wen",1
"weve","weve",1
"whats","whats",1
"wishing","wishing",1
"without","without",1
"wont","wont",1
"world","world",1
"wrk","wrk",1
"wwwyoutubecomgunaateamworks","wwwyoutubecomgunaateamworks",1
"xmasalluayaan","xmasalluayaan",1
"young","young",1
"youngsters","youngsters",1
