http://pbs.twimg.com/profile_images/556139937477574657/mtCktbbI_bigger.jpeg,PawanKalyanFan,https://twitter.com/PawanKalyanFan,
http://pbs.twimg.com/profile_images/555610505407000576/lMtxQJ_j_bigger.jpeg,PSPK_FC,https://twitter.com/PSPK_FC,
http://pbs.twimg.com/profile_images/3118666957/f62abbbde97dc58fc23509201bdde701_bigger.jpeg,UrsShruthi,https://twitter.com/UrsShruthi,
http://pbs.twimg.com/profile_images/416600582191718400/px1vJt1I_bigger.jpeg,abntelugutv,https://twitter.com/abntelugutv,
http://pbs.twimg.com/profile_images/506853568452628480/K5DA9p6S_bigger.jpeg,chiranjeeviblog,https://twitter.com/chiranjeeviblog,
http://pbs.twimg.com/profile_images/552767513864331264/QpzAN8tg_bigger.jpeg,Pawan_KalyanFC,https://twitter.com/Pawan_KalyanFC,
http://pbs.twimg.com/profile_images/557205592897765376/TyWfHW3E_bigger.jpeg,UrsSamyuktha,https://twitter.com/UrsSamyuktha,
http://pbs.twimg.com/profile_images/553423707486441472/AviGOOAp_bigger.jpeg,PawanKalyan_IN,https://twitter.com/PawanKalyan_IN,
http://pbs.twimg.com/profile_images/1246035065/oneindiatelugu-twitter_bigger.jpg,thatsTelugu,https://twitter.com/thatsTelugu,
http://pbs.twimg.com/profile_images/553517349530128384/O0ootO9R_bigger.jpeg,sanju_official,https://twitter.com/sanju_official,
http://pbs.twimg.com/profile_images/556383190256865280/JJ9VDKxi_bigger.jpeg,kapilvarala,https://twitter.com/kapilvarala,
http://pbs.twimg.com/profile_images/556784433663991809/dD7vb-UF_bigger.jpeg,SScharanalways,https://twitter.com/SScharanalways,
http://pbs.twimg.com/profile_images/554574273562427392/h0c0--Qy_bigger.jpeg,thepawanist,https://twitter.com/thepawanist,
http://pbs.twimg.com/profile_images/378800000438635131/e612eed843f0890137a161d81ae9047c_bigger.jpeg,PawanKalyan_FB,https://twitter.com/PawanKalyan_FB,
http://pbs.twimg.com/profile_images/553061649578745856/QvxMmWiH_bigger.jpeg,Powerrstarfan,https://twitter.com/Powerrstarfan,
http://pbs.twimg.com/profile_images/552685414587174912/pc5m4AIg_bigger.jpeg,nishchitha1,https://twitter.com/nishchitha1,
http://pbs.twimg.com/profile_images/530575032548749312/LUlJCWbT_bigger.jpeg,varmanic,https://twitter.com/varmanic,
http://pbs.twimg.com/profile_images/546971256176640002/OQ_TAWh4_bigger.jpeg,Harish_Charan,https://twitter.com/Harish_Charan,
http://pbs.twimg.com/profile_images/543021935156674561/uO3TW9wK_bigger.png,SinghRowdysingh,https://twitter.com/SinghRowdysingh,
http://pbs.twimg.com/profile_images/556468225836208128/-nibiS2s_bigger.jpeg,NagarajaReddyS,https://twitter.com/NagarajaReddyS,
http://pbs.twimg.com/profile_images/442976199828967424/0lcQa0GP_bigger.jpeg,ibtimesindia1,https://twitter.com/ibtimesindia1,
http://pbs.twimg.com/profile_images/459622964112027648/-EoOeOD2_bigger.jpeg,kshekhara,https://twitter.com/kshekhara,
http://pbs.twimg.com/profile_images/540923890369712128/wxNq_x1q_bigger.jpeg,iamAKN,https://twitter.com/iamAKN,
http://pbs.twimg.com/profile_images/555070584841703424/yDkry1Rp_bigger.jpeg,Pravallianjuri,https://twitter.com/Pravallianjuri,
http://pbs.twimg.com/profile_images/554804254733369346/8AjNqFnA_bigger.jpeg,Trivikram_Fans,https://twitter.com/Trivikram_Fans,
http://pbs.twimg.com/profile_images/502996201080225792/P7aVD8vl_bigger.jpeg,Always_Arjun,https://twitter.com/Always_Arjun,
http://pbs.twimg.com/profile_images/1454925130/RT-2_bigger.gif,manikick,https://twitter.com/manikick,
http://pbs.twimg.com/profile_images/556513008122228736/6e5OlqMg_bigger.jpeg,KiTtu_PSPK,https://twitter.com/KiTtu_PSPK,
http://pbs.twimg.com/profile_images/557240122534416384/cwU6hElS_bigger.jpeg,AjayTheSrkFan,https://twitter.com/AjayTheSrkFan,
http://pbs.twimg.com/profile_images/552373646098841600/f6op95e5_bigger.jpeg,MaheshGinugu,https://twitter.com/MaheshGinugu,
http://pbs.twimg.com/profile_images/557153750599483392/011oZJJq_bigger.jpeg,ShivangChauhans,https://twitter.com/ShivangChauhans,
http://pbs.twimg.com/profile_images/557074724266598400/tpMCyVeh_bigger.jpeg,Candid_HRavi,https://twitter.com/Candid_HRavi,
http://pbs.twimg.com/profile_images/545123385299058688/xLAA1ZXQ_bigger.jpeg,prassh,https://twitter.com/prassh,
http://pbs.twimg.com/profile_images/555540300374880256/5Comb7YW_bigger.jpeg,likhith_SamFan,https://twitter.com/likhith_SamFan,
http://pbs.twimg.com/profile_images/542569996904194048/5JkWIySt_bigger.jpeg,Mr_LonelySRKian,https://twitter.com/Mr_LonelySRKian,
http://pbs.twimg.com/profile_images/482838571456266240/2IG0vAN1_bigger.jpeg,BGCY_FOUNDATION,https://twitter.com/BGCY_FOUNDATION,
http://pbs.twimg.com/profile_images/492333379677724672/6UnBmH6K_bigger.jpeg,ITeluguCinema,https://twitter.com/ITeluguCinema,
http://pbs.twimg.com/profile_images/552190273959116800/YCGbZHSV_bigger.jpeg,Pa1AntePicchi,https://twitter.com/Pa1AntePicchi,
http://pbs.twimg.com/profile_images/552048113028833280/C8el22uF_bigger.jpeg,malliktajmahal,https://twitter.com/malliktajmahal,
http://pbs.twimg.com/profile_images/551192151669739520/G-OGY7mw_bigger.jpeg,dsjinspring,https://twitter.com/dsjinspring,
http://pbs.twimg.com/profile_images/553948769859796992/Hs7B6wAi_bigger.jpeg,VyasKalyan,https://twitter.com/VyasKalyan,
http://pbs.twimg.com/profile_images/557199291677016064/Oj_GtnUO_bigger.jpeg,mad_bwoyy,https://twitter.com/mad_bwoyy,
http://pbs.twimg.com/profile_images/530355966349287426/ChkSdLSS_bigger.jpeg,sriramForU,https://twitter.com/sriramForU,
http://pbs.twimg.com/profile_images/555887332969046016/JyIy3CSN_bigger.jpeg,vanitha_pspk,https://twitter.com/vanitha_pspk,
http://pbs.twimg.com/profile_images/555612512612143104/fyHbc1jQ_bigger.jpeg,Shra1Pspk,https://twitter.com/Shra1Pspk,
http://pbs.twimg.com/profile_images/551810168577474560/af89O5Kg_bigger.jpeg,BoxOfficeMazza,https://twitter.com/BoxOfficeMazza,
http://pbs.twimg.com/profile_images/557407224406888449/2MIHp8kD_bigger.jpeg,Bhagi_SL,https://twitter.com/Bhagi_SL,
http://pbs.twimg.com/profile_images/378800000632672247/1df926687b4116b8d8964263459c02f1_bigger.jpeg,sethu470,https://twitter.com/sethu470,
http://pbs.twimg.com/profile_images/543487225481015296/NnV0d2M3_bigger.jpeg,AL_gmilh,https://twitter.com/AL_gmilh,
http://pbs.twimg.com/profile_images/553515070777356288/LRUUFe-8_bigger.jpeg,imPavanKalyan,https://twitter.com/imPavanKalyan,
http://pbs.twimg.com/profile_images/448639707237216256/o96AA5h5_bigger.jpeg,KasapoguPrakash,https://twitter.com/KasapoguPrakash,
http://pbs.twimg.com/profile_images/549925841228931074/O-w2UQ8t_bigger.jpeg,Hanu_MegaPower,https://twitter.com/Hanu_MegaPower,
http://pbs.twimg.com/profile_images/378800000399353330/0b2c55913ffc9c631d8541bed4d94c3c_bigger.jpeg,JaiDev_Pawanism,https://twitter.com/JaiDev_Pawanism,
http://pbs.twimg.com/profile_images/557387392869343232/GoUj9tx0_bigger.jpeg,menontweetz,https://twitter.com/menontweetz,
http://pbs.twimg.com/profile_images/556531803326918656/khRpvloF_bigger.jpeg,harishveera,https://twitter.com/harishveera,
http://pbs.twimg.com/profile_images/3732961256/8499f2c075399e60c68e8d496e42d5b8_bigger.jpeg,The_CrazyGuy,https://twitter.com/The_CrazyGuy,
http://pbs.twimg.com/profile_images/1199087050/no_bigger.png,bonobono1000,https://twitter.com/bonobono1000,
http://pbs.twimg.com/profile_images/555730346671472640/f88RTUjI_bigger.jpeg,kushaal_aryan,https://twitter.com/kushaal_aryan,
http://pbs.twimg.com/profile_images/555922011193479168/KU90Va54_bigger.jpeg,yuvisoft123,https://twitter.com/yuvisoft123,
http://pbs.twimg.com/profile_images/557218959447957505/lAUMV2AZ_bigger.jpeg,Prashanth_MBfan,https://twitter.com/Prashanth_MBfan,
http://pbs.twimg.com/profile_images/552757466748841984/zsu_gDHm_bigger.jpeg,itzNeelesH,https://twitter.com/itzNeelesH,
http://pbs.twimg.com/profile_images/557098050527580160/gOUnttWF_bigger.jpeg,PawanKalyanHero,https://twitter.com/PawanKalyanHero,
http://pbs.twimg.com/profile_images/557201266850283520/rhGMtsiU_bigger.jpeg,Thalaveriyan14,https://twitter.com/Thalaveriyan14,
http://pbs.twimg.com/profile_images/553630770808377344/3yuIgGmG_bigger.jpeg,rushyendrab,https://twitter.com/rushyendrab,
http://pbs.twimg.com/profile_images/557105421148631040/-zp01QXG_bigger.jpeg,LovlySrinivas,https://twitter.com/LovlySrinivas,
http://pbs.twimg.com/profile_images/557190770579357697/n_6pkLbr_bigger.jpeg,TheJaykishan1,https://twitter.com/TheJaykishan1,
http://pbs.twimg.com/profile_images/535405070376902656/Lxs-Vgjd_bigger.jpeg,powerstarvinod,https://twitter.com/powerstarvinod,
http://pbs.twimg.com/profile_images/551415978920116225/2L_tGEoZ_bigger.jpeg,pawanismfans,https://twitter.com/pawanismfans,
http://pbs.twimg.com/profile_images/557126591713513472/Ui60B6QO_bigger.jpeg,Sunsayzz,https://twitter.com/Sunsayzz,
http://pbs.twimg.com/profile_images/537220535365550080/YNTW7yN-_bigger.jpeg,genuinestart,https://twitter.com/genuinestart,
http://pbs.twimg.com/profile_images/557188150900953088/9as2ozKs_bigger.jpeg,IamPavone,https://twitter.com/IamPavone,
http://pbs.twimg.com/profile_images/556166898295918593/bawTHBOM_bigger.jpeg,MedicoYogi,https://twitter.com/MedicoYogi,
http://pbs.twimg.com/profile_images/555698886308687872/OhHR5QrG_bigger.jpeg,Mahesh_bhaktudu,https://twitter.com/Mahesh_bhaktudu,
http://pbs.twimg.com/profile_images/556040351790551041/WSMHtiMp_bigger.jpeg,PSPKfanatic,https://twitter.com/PSPKfanatic,
http://pbs.twimg.com/profile_images/378800000368654088/247200c56b34c1fcc00e63cf94dc3ce5_bigger.jpeg,MoviesDialogues,https://twitter.com/MoviesDialogues,
http://pbs.twimg.com/profile_images/555720645288284161/yOsPVA_2_bigger.jpeg,GnanaVarsha,https://twitter.com/GnanaVarsha,
http://pbs.twimg.com/profile_images/557002804368138240/sfAd-bXN_bigger.jpeg,vidyadhar_vidhu,https://twitter.com/vidyadhar_vidhu,
http://pbs.twimg.com/profile_images/554513121260228608/OnT966wy_bigger.jpeg,wasimakram7550,https://twitter.com/wasimakram7550,
http://pbs.twimg.com/profile_images/554351110765297664/Y0NSxB3F_bigger.jpeg,GowthamAlways,https://twitter.com/GowthamAlways,
http://pbs.twimg.com/profile_images/552767150557913088/ZJvrnLSu_bigger.jpeg,Raj_4Prince,https://twitter.com/Raj_4Prince,
http://pbs.twimg.com/profile_images/552118750502076418/EbDBZRRB_bigger.jpeg,sheshubr,https://twitter.com/sheshubr,
http://pbs.twimg.com/profile_images/551573505473773569/rPJzrItu_bigger.jpeg,conspiratorr,https://twitter.com/conspiratorr,
http://pbs.twimg.com/profile_images/553158183787565056/jQulFrzO_bigger.jpeg,manojnarahari,https://twitter.com/manojnarahari,
http://pbs.twimg.com/profile_images/556405926739976192/eXKhU9QA_bigger.jpeg,Addicted2Charan,https://twitter.com/Addicted2Charan,
http://pbs.twimg.com/profile_images/555488725212225536/gGn0RCQZ_bigger.jpeg,prakashreddy461,https://twitter.com/prakashreddy461,
http://pbs.twimg.com/profile_images/556129539332382721/xL2Y3Uw6_bigger.jpeg,puri_follower,https://twitter.com/puri_follower,
http://pbs.twimg.com/profile_images/556713960557137920/QxeDYCEF_bigger.jpeg,Itsme_Thej,https://twitter.com/Itsme_Thej,
http://pbs.twimg.com/profile_images/557177764118138880/Ji5p3W-L_bigger.jpeg,IntrovertMO,https://twitter.com/IntrovertMO,
http://pbs.twimg.com/profile_images/552317439032041472/JEggdLx4_bigger.jpeg,MrVamsheeReddy,https://twitter.com/MrVamsheeReddy,
http://pbs.twimg.com/profile_images/552859006977331201/rhILtH7w_bigger.jpeg,SaniaSoumya,https://twitter.com/SaniaSoumya,
http://pbs.twimg.com/profile_images/556365031508410368/xu6Qm1Xg_bigger.jpeg,myself_siva,https://twitter.com/myself_siva,
http://pbs.twimg.com/profile_images/538883455942017024/0CkhhIJJ_bigger.jpeg,stylishayaan,https://twitter.com/stylishayaan,
http://pbs.twimg.com/profile_images/476752804518690816/aMbnLh7L_bigger.jpeg,Ruthvik_Rao,https://twitter.com/Ruthvik_Rao,
http://pbs.twimg.com/profile_images/549588944254279680/UG8ajmkq_bigger.jpeg,sakejay,https://twitter.com/sakejay,
http://pbs.twimg.com/profile_images/554628727200444416/LXAC5_Ca_bigger.jpeg,IAM_RAAWI,https://twitter.com/IAM_RAAWI,
http://pbs.twimg.com/profile_images/419112349316829184/uriq-yvk_bigger.jpeg,avinash67899,https://twitter.com/avinash67899,
http://abs.twimg.com/sticky/default_profile_images/default_profile_6_bigger.png,MULAKALAGUMADAM,https://twitter.com/MULAKALAGUMADAM,
http://pbs.twimg.com/profile_images/546326006785523712/HbZFVod0_bigger.jpeg,RahulAlle,https://twitter.com/RahulAlle,
http://pbs.twimg.com/profile_images/548489182306246656/28K_kzuu_bigger.jpeg,saisuperb1,https://twitter.com/saisuperb1,
http://pbs.twimg.com/profile_images/556067142227881986/voK7QLzZ_bigger.jpeg,p_saikrishna,https://twitter.com/p_saikrishna,
http://pbs.twimg.com/profile_images/555433092186251264/mahorMwf_bigger.jpeg,pspkfn,https://twitter.com/pspkfn,
http://pbs.twimg.com/profile_images/546964393620021249/u_lX-jlR_bigger.jpeg,taruns_,https://twitter.com/taruns_,
http://pbs.twimg.com/profile_images/556497039005982720/KgLCvd--_bigger.jpeg,DVRAFanSaiRam,https://twitter.com/DVRAFanSaiRam,
http://pbs.twimg.com/profile_images/552341273911099392/FJ13Koft_bigger.jpeg,coolpm1990,https://twitter.com/coolpm1990,
http://pbs.twimg.com/profile_images/555713009713045506/pj6YcxRK_bigger.jpeg,sriharsha_,https://twitter.com/sriharsha_,
http://pbs.twimg.com/profile_images/555561055200370688/ot2KqWjz_bigger.jpeg,Naveen5665,https://twitter.com/Naveen5665,
http://pbs.twimg.com/profile_images/542870389144039425/A8QxHlsO_bigger.jpeg,ajayhari444,https://twitter.com/ajayhari444,
http://pbs.twimg.com/profile_images/543455898023124992/hk_GQDN3_bigger.jpeg,anji_chiru,https://twitter.com/anji_chiru,
http://pbs.twimg.com/profile_images/551607716272025601/T0sJQYiR_bigger.jpeg,SagarPawanism1,https://twitter.com/SagarPawanism1,
http://pbs.twimg.com/profile_images/557084105536327680/PGGHzZvr_bigger.jpeg,Rajareddy_Pk,https://twitter.com/Rajareddy_Pk,
http://pbs.twimg.com/profile_images/557368686491619328/GKOqLax1_bigger.jpeg,PK_karteek,https://twitter.com/PK_karteek,
http://pbs.twimg.com/profile_images/514771980487491584/GZ5q6PqZ_bigger.jpeg,Swethaduvvi,https://twitter.com/Swethaduvvi,
http://pbs.twimg.com/profile_images/505979579027046401/3qUghRUx_bigger.jpeg,AlwaysRcFan,https://twitter.com/AlwaysRcFan,
http://pbs.twimg.com/profile_images/557115989473497090/ekRaz9_D_bigger.jpeg,srikanth3vk,https://twitter.com/srikanth3vk,
http://pbs.twimg.com/profile_images/518454127274110976/FhIWVzV7_bigger.jpeg,sunil3584,https://twitter.com/sunil3584,
http://pbs.twimg.com/profile_images/498354311781294081/H7d0hAOY_bigger.jpeg,urstrulyajy,https://twitter.com/urstrulyajy,
http://pbs.twimg.com/profile_images/522656284139458560/Ir7wdn3M_bigger.png,MaruthiTalkies,https://twitter.com/MaruthiTalkies,
http://pbs.twimg.com/profile_images/555305264455237633/uHnTqCcX_bigger.jpeg,sandeepreddy789,https://twitter.com/sandeepreddy789,
http://pbs.twimg.com/profile_images/550348626111631360/mwaaqqEf_bigger.jpeg,ReddyKoneti,https://twitter.com/ReddyKoneti,
http://pbs.twimg.com/profile_images/554569832784330752/_qqF8qJr_bigger.jpeg,iRahulTweets,https://twitter.com/iRahulTweets,
http://pbs.twimg.com/profile_images/554640942632689664/rRxw_54H_bigger.jpeg,KumarPoli,https://twitter.com/KumarPoli,
http://pbs.twimg.com/profile_images/552341491960389632/cUBf5sll_bigger.jpeg,mahendraroyal6,https://twitter.com/mahendraroyal6,
http://pbs.twimg.com/profile_images/550980962603921408/Nj87OzrF_bigger.jpeg,RAJA211113,https://twitter.com/RAJA211113,
http://pbs.twimg.com/profile_images/549528817379708931/592DRfSn_bigger.jpeg,abhayj768,https://twitter.com/abhayj768,
http://pbs.twimg.com/profile_images/538573404618489857/a8aO_Yyj_bigger.jpeg,myselfbharath,https://twitter.com/myselfbharath,
http://pbs.twimg.com/profile_images/557333180902944768/Q40bpXmt_bigger.jpeg,sudheer_megafan,https://twitter.com/sudheer_megafan,
http://pbs.twimg.com/profile_images/540588919729831936/xWDn_f-U_bigger.jpeg,pradeepASSRR,https://twitter.com/pradeepASSRR,
http://pbs.twimg.com/profile_images/547827724090634240/_khoIsnu_bigger.jpeg,santhoshsurneni,https://twitter.com/santhoshsurneni,
http://pbs.twimg.com/profile_images/555220134281756673/6VyuV-_M_bigger.jpeg,LocalPowerstar,https://twitter.com/LocalPowerstar,
http://pbs.twimg.com/profile_images/553246985751236608/Mbmo36nL_bigger.jpeg,Dinesh4you_SACH,https://twitter.com/Dinesh4you_SACH,
http://pbs.twimg.com/profile_images/552884515316592640/8jZ_aFMh_bigger.jpeg,pawanisum,https://twitter.com/pawanisum,
http://pbs.twimg.com/profile_images/2169267210/F2S_Logo_bigger.jpg,friends2support,https://twitter.com/friends2support,
http://pbs.twimg.com/profile_images/555240420507000832/NemoXQWW_bigger.jpeg,Kalyan_kks,https://twitter.com/Kalyan_kks,
http://pbs.twimg.com/profile_images/524196680812331008/K81DLF-M_bigger.jpeg,Mohan_Saladi,https://twitter.com/Mohan_Saladi,
http://pbs.twimg.com/profile_images/525200407354540032/JvsieTf-_bigger.jpeg,chandra9050,https://twitter.com/chandra9050,
http://pbs.twimg.com/profile_images/551917005737963520/dgfN_YME_bigger.jpeg,pa1_kalyanFan,https://twitter.com/pa1_kalyanFan,
http://pbs.twimg.com/profile_images/557168232335822848/-GTnfTfR_bigger.jpeg,akiln9,https://twitter.com/akiln9,
http://pbs.twimg.com/profile_images/557252089072459778/u_UNo8h7_bigger.jpeg,Balababu7,https://twitter.com/Balababu7,
http://pbs.twimg.com/profile_images/556988605541806082/yjBF4VO2_bigger.jpeg,sreeramtej,https://twitter.com/sreeramtej,
http://pbs.twimg.com/profile_images/552884244477784067/A20rpm-3_bigger.jpeg,Siddhartha619,https://twitter.com/Siddhartha619,
http://pbs.twimg.com/profile_images/378800000812126712/cdeb681b4a6a3fd826eb79114b7f838a_bigger.jpeg,sivajagankumar,https://twitter.com/sivajagankumar,
http://pbs.twimg.com/profile_images/554608028696064000/os9Cg5cG_bigger.jpeg,chkasi4,https://twitter.com/chkasi4,
http://pbs.twimg.com/profile_images/556739094881902592/PLj2jgaa_bigger.jpeg,vijaysuhith,https://twitter.com/vijaysuhith,
http://pbs.twimg.com/profile_images/549260049248305154/iSoJmtz9_bigger.jpeg,pavan_rules_,https://twitter.com/pavan_rules_,
http://pbs.twimg.com/profile_images/378800000709600148/47125fcddef12cf6d61de63e81ff22e2_bigger.jpeg,RainingFood,https://twitter.com/RainingFood,
http://pbs.twimg.com/profile_images/552110714593099776/DLb0cJUP_bigger.jpeg,PKfan_JP,https://twitter.com/PKfan_JP,
http://pbs.twimg.com/profile_images/557209549401104385/68g49nOe_bigger.jpeg,ashishitsme,https://twitter.com/ashishitsme,
http://pbs.twimg.com/profile_images/556013191373656065/B39o4qpe_bigger.jpeg,abhitrendsetter,https://twitter.com/abhitrendsetter,
http://pbs.twimg.com/profile_images/529607044781715457/KRogFT3K_bigger.jpeg,sowmitrik,https://twitter.com/sowmitrik,
http://pbs.twimg.com/profile_images/557419423451979777/eMF1ArZ-_bigger.jpeg,vishwakandala,https://twitter.com/vishwakandala,
http://pbs.twimg.com/profile_images/553971143825051648/PDuExV3X_bigger.jpeg,saivarunn9,https://twitter.com/saivarunn9,
http://pbs.twimg.com/profile_images/535868932763054081/InDMs2tU_bigger.jpeg,Beerdaas,https://twitter.com/Beerdaas,
http://pbs.twimg.com/profile_images/551614516497494017/R-KBX99n_bigger.jpeg,nsprasanth,https://twitter.com/nsprasanth,
http://pbs.twimg.com/profile_images/555590187070132224/HBZ6hTVk_bigger.jpeg,krisskishore,https://twitter.com/krisskishore,
http://pbs.twimg.com/profile_images/517555682833203200/3BeWEG6X_bigger.jpeg,itzRoshik,https://twitter.com/itzRoshik,
http://pbs.twimg.com/profile_images/495183021512085504/8iCfwtRX_bigger.jpeg,Pkuchi99,https://twitter.com/Pkuchi99,
http://pbs.twimg.com/profile_images/507073301261197312/cKIMquK5_bigger.jpeg,Kareem_CPT,https://twitter.com/Kareem_CPT,
http://pbs.twimg.com/profile_images/552307737212637184/IpnIbfLr_bigger.jpeg,vignesh48481,https://twitter.com/vignesh48481,
http://pbs.twimg.com/profile_images/538324123147976705/PCI7yZHl_bigger.png,sanjaynandha786,https://twitter.com/sanjaynandha786,
http://pbs.twimg.com/profile_images/518664191586996224/djIVrCbV_bigger.jpeg,alwaysmaruthi,https://twitter.com/alwaysmaruthi,
http://pbs.twimg.com/profile_images/534244950104215552/Y0xW0GTS_bigger.jpeg,filmlovertweet,https://twitter.com/filmlovertweet,
http://pbs.twimg.com/profile_images/552825328788180993/cS7pqH3l_bigger.jpeg,bhanu4pawan,https://twitter.com/bhanu4pawan,
http://pbs.twimg.com/profile_images/522278660548481025/Qi7m0VBH_bigger.jpeg,pkkanth,https://twitter.com/pkkanth,
http://pbs.twimg.com/profile_images/557185438687850497/jtG5i8_H_bigger.jpeg,soter4u,https://twitter.com/soter4u,
http://pbs.twimg.com/profile_images/552801911397548034/sb1cKRgC_bigger.jpeg,mukkaalakrish,https://twitter.com/mukkaalakrish,
http://pbs.twimg.com/profile_images/463563975100080128/ftO_mVBO_bigger.jpeg,satishthota999,https://twitter.com/satishthota999,
http://pbs.twimg.com/profile_images/553910576590512128/Bf2wK3A2_bigger.jpeg,NaiduBawa,https://twitter.com/NaiduBawa,
http://pbs.twimg.com/profile_images/523519471080570881/BOixZQ_h_bigger.jpeg,BeHappyQuotes2u,https://twitter.com/BeHappyQuotes2u,
http://pbs.twimg.com/profile_images/523535528252026880/-K4yBv84_bigger.jpeg,ch_venkatarao,https://twitter.com/ch_venkatarao,
http://pbs.twimg.com/profile_images/532092698765709312/UJiuP9hf_bigger.jpeg,S_krishna1,https://twitter.com/S_krishna1,
http://pbs.twimg.com/profile_images/447398746880368640/i-iM7tJa_bigger.jpeg,UrsSrikanth,https://twitter.com/UrsSrikanth,
http://pbs.twimg.com/profile_images/554647294608285697/Y223xJHS_bigger.jpeg,sangala4u,https://twitter.com/sangala4u,
http://pbs.twimg.com/profile_images/556354958451175424/NkoU9Bbq_bigger.jpeg,avenchiru2,https://twitter.com/avenchiru2,
http://pbs.twimg.com/profile_images/556498796822032384/G909rmmI_bigger.jpeg,sontisai,https://twitter.com/sontisai,
http://pbs.twimg.com/profile_images/551063766914170881/PEJ5g1M__bigger.jpeg,anishdantala,https://twitter.com/anishdantala,
http://pbs.twimg.com/profile_images/555925629263020032/IcYyt7zN_bigger.jpeg,iam_Rajesh1008,https://twitter.com/iam_Rajesh1008,
http://pbs.twimg.com/profile_images/540911255368658944/Y86TerDj_bigger.jpeg,SrikanthAero183,https://twitter.com/SrikanthAero183,
http://pbs.twimg.com/profile_images/554555490437304320/ampIVq-v_bigger.jpeg,sashafordeeksha,https://twitter.com/sashafordeeksha,
http://abs.twimg.com/sticky/default_profile_images/default_profile_1_bigger.png,JohnathonTT,https://twitter.com/JohnathonTT,
http://pbs.twimg.com/profile_images/549091647758163969/Nfxs1pLN_bigger.jpeg,pavanisam,https://twitter.com/pavanisam,
http://pbs.twimg.com/profile_images/550012046343823360/tiSbHhgW_bigger.jpeg,rt24MB,https://twitter.com/rt24MB,
http://pbs.twimg.com/profile_images/557113281270140928/OoCyKE0b_bigger.jpeg,ThatsVenki,https://twitter.com/ThatsVenki,
http://pbs.twimg.com/profile_images/552071767888371712/pSS__aNU_bigger.jpeg,ppravins,https://twitter.com/ppravins,
http://pbs.twimg.com/profile_images/1051875765/ram-charan-teja-wallpapers-photos-stills-03_bigger.jpg,charan509,https://twitter.com/charan509,
http://pbs.twimg.com/profile_images/550714432263708672/VQkG2jal_bigger.jpeg,el_sol_prakash,https://twitter.com/el_sol_prakash,
http://pbs.twimg.com/profile_images/544798824049287168/v65NuEyq_bigger.jpeg,urskumar9,https://twitter.com/urskumar9,
http://pbs.twimg.com/profile_images/507092065440653312/cDzLLJ-W_bigger.jpeg,FilmibeatTe,https://twitter.com/FilmibeatTe,
http://pbs.twimg.com/profile_images/552372854126161920/kMZ3wP23_bigger.jpeg,mamidisudhir,https://twitter.com/mamidisudhir,
http://pbs.twimg.com/profile_images/516023402461532160/N6u528Bs_bigger.jpeg,Me_MrCool,https://twitter.com/Me_MrCool,
http://pbs.twimg.com/profile_images/557089573805629440/j7vRdIk8_bigger.jpeg,sivakumar462,https://twitter.com/sivakumar462,
http://pbs.twimg.com/profile_images/543611001091129344/WthC49k__bigger.jpeg,arunpb11,https://twitter.com/arunpb11,
http://pbs.twimg.com/profile_images/554868321502244864/NItOTieh_bigger.jpeg,eshwardeep,https://twitter.com/eshwardeep,
http://pbs.twimg.com/profile_images/551437701283463168/4xbkO_Up_bigger.jpeg,tollywoodlover,https://twitter.com/tollywoodlover,
http://pbs.twimg.com/profile_images/528892306070331392/haDCmNwr_bigger.png,HYDInsider,https://twitter.com/HYDInsider,
http://pbs.twimg.com/profile_images/2264939166/mye783738ze8he6r8ry0_bigger.jpeg,lucky59000,https://twitter.com/lucky59000,
http://pbs.twimg.com/profile_images/552470642172252160/c9-uzqPr_bigger.jpeg,darling_kamal,https://twitter.com/darling_kamal,
http://pbs.twimg.com/profile_images/546387044629356546/NNukDnmU_bigger.jpeg,skshaffi,https://twitter.com/skshaffi,
http://pbs.twimg.com/profile_images/421484934004355072/tYy0lJOV_bigger.jpeg,sangeesat,https://twitter.com/sangeesat,
http://pbs.twimg.com/profile_images/450351168007311360/NG2WK7pQ_bigger.jpeg,16kumar,https://twitter.com/16kumar,
http://pbs.twimg.com/profile_images/509793096943403008/3ZiJTxia_bigger.jpeg,rajeshboppuri,https://twitter.com/rajeshboppuri,
http://pbs.twimg.com/profile_images/552156513213480961/bTM98cIS_bigger.jpeg,pavan2225,https://twitter.com/pavan2225,
http://pbs.twimg.com/profile_images/468888773464322048/svtPVX71_bigger.jpeg,BhaskarSanga,https://twitter.com/BhaskarSanga,
http://pbs.twimg.com/profile_images/550354091063275521/T-VhSOpw_bigger.jpeg,RajeevtejDasari,https://twitter.com/RajeevtejDasari,
http://pbs.twimg.com/profile_images/378800000160532740/c2863766ee0ec4bc2cf53362761e4594_bigger.jpeg,PalliBataniAP,https://twitter.com/PalliBataniAP,
http://pbs.twimg.com/profile_images/461053124002594819/3qUFvF-Z_bigger.jpeg,venku2287,https://twitter.com/venku2287,
http://pbs.twimg.com/profile_images/553564197049466881/iiPtZVNi_bigger.jpeg,kumarkovuru,https://twitter.com/kumarkovuru,
http://pbs.twimg.com/profile_images/557242813432078337/fnUxW9iF_bigger.jpeg,imvinay3,https://twitter.com/imvinay3,
http://pbs.twimg.com/profile_images/504562646784278528/J6wCAt72_bigger.jpeg,AdapaPrabhakar,https://twitter.com/AdapaPrabhakar,
http://pbs.twimg.com/profile_images/510643188466335744/caZCdlPT_bigger.jpeg,sumandamacharla,https://twitter.com/sumandamacharla,
http://pbs.twimg.com/profile_images/531891215109615616/xBtrqliV_bigger.jpeg,chinni_manyavi,https://twitter.com/chinni_manyavi,
http://pbs.twimg.com/profile_images/552456159928393728/OtO9mFR5_bigger.jpeg,PspkJanasena,https://twitter.com/PspkJanasena,
http://pbs.twimg.com/profile_images/499959352854208514/7eGzCqOg_bigger.jpeg,ChiruandDravid,https://twitter.com/ChiruandDravid,
http://pbs.twimg.com/profile_images/554662964381241344/CgR1lqAq_bigger.jpeg,0486Ravi,https://twitter.com/0486Ravi,
http://pbs.twimg.com/profile_images/502721844772745216/03LWlpKk_bigger.jpeg,GaneshYpsr,https://twitter.com/GaneshYpsr,
http://pbs.twimg.com/profile_images/464521990712209410/QrGwklE1_bigger.jpeg,agentkiran007,https://twitter.com/agentkiran007,
http://pbs.twimg.com/profile_images/555218021497581568/Qq1X3WTD_bigger.jpeg,pavan2676,https://twitter.com/pavan2676,
http://pbs.twimg.com/profile_images/536438165167284225/xccKsuWG_bigger.jpeg,AnilkumarK8688,https://twitter.com/AnilkumarK8688,
http://pbs.twimg.com/profile_images/557109441317707776/tPYHTdI-_bigger.jpeg,SAILEELAMOHAN,https://twitter.com/SAILEELAMOHAN,
http://pbs.twimg.com/profile_images/555256030657933315/1djym3I-_bigger.jpeg,imIPraneeth,https://twitter.com/imIPraneeth,
http://pbs.twimg.com/profile_images/551021411309858819/LyjYFYyn_bigger.jpeg,karthikbabup,https://twitter.com/karthikbabup,
http://pbs.twimg.com/profile_images/1399745850/02092010_001__bigger.jpg,Shashider,https://twitter.com/Shashider,
http://pbs.twimg.com/profile_images/552890019858247680/f1-SEMdy_bigger.jpeg,viruhemanth,https://twitter.com/viruhemanth,
http://pbs.twimg.com/profile_images/538327000729935873/PVWWkMU6_bigger.jpeg,pranav568_m,https://twitter.com/pranav568_m,
http://pbs.twimg.com/profile_images/538312759755022336/zf7eJfhI_bigger.jpeg,rajeshkaipa,https://twitter.com/rajeshkaipa,
http://pbs.twimg.com/profile_images/515269733223243776/S26gmUsi_bigger.jpeg,dinesh18990,https://twitter.com/dinesh18990,
http://pbs.twimg.com/profile_images/426405678844870656/B2mwX8NF_bigger.jpeg,urstruelytej,https://twitter.com/urstruelytej,
http://pbs.twimg.com/profile_images/535754310684925954/9MRTCI8L_bigger.jpeg,tulasireddy8,https://twitter.com/tulasireddy8,
http://pbs.twimg.com/profile_images/1158701284/as_bigger.jpg,HarikrishnaPala,https://twitter.com/HarikrishnaPala,
http://pbs.twimg.com/profile_images/551003693357621248/v1xdFY7n_bigger.jpeg,sindu096,https://twitter.com/sindu096,
http://pbs.twimg.com/profile_images/550841556370853888/2CxWbUYn_bigger.jpeg,suravarapu18,https://twitter.com/suravarapu18,
http://pbs.twimg.com/profile_images/1194109089/orange-desktop-wallpapers033_bigger.jpg,bobbyballas,https://twitter.com/bobbyballas,
http://pbs.twimg.com/profile_images/500476767828574208/qu9Yi5Hg_bigger.jpeg,Ramesh_Pawanism,https://twitter.com/Ramesh_Pawanism,
http://pbs.twimg.com/profile_images/378800000532701339/ba7462bfd76b2f41d4d4631e80ad5c55_bigger.jpeg,sainadhrathod,https://twitter.com/sainadhrathod,
http://pbs.twimg.com/profile_images/557069200963809280/pWOtxBVs_bigger.jpeg,malthafkhan16,https://twitter.com/malthafkhan16,
http://pbs.twimg.com/profile_images/557109573245349888/ZwtYGhIo_bigger.jpeg,dr_sanjay8,https://twitter.com/dr_sanjay8,
http://abs.twimg.com/sticky/default_profile_images/default_profile_5_bigger.png,pradeepsavarala,https://twitter.com/pradeepsavarala,
http://pbs.twimg.com/profile_images/551743044328767488/LMi0Hchj_bigger.jpeg,laxmanveni,https://twitter.com/laxmanveni,
http://pbs.twimg.com/profile_images/2556643459/3vUklfYl_bigger,harishk3535,https://twitter.com/harishk3535,
http://pbs.twimg.com/profile_images/551322518691143680/l5PDMC9T_bigger.jpeg,powerjani,https://twitter.com/powerjani,
http://pbs.twimg.com/profile_images/542558965502976000/BKV1jnQL_bigger.jpeg,Go_PK_tella,https://twitter.com/Go_PK_tella,
http://pbs.twimg.com/profile_images/551684127074709506/30V2mATU_bigger.png,Web_Traffic_Hub,https://twitter.com/Web_Traffic_Hub,
http://pbs.twimg.com/profile_images/510702519266189312/OFkEfisx_bigger.jpeg,GayatriRamya,https://twitter.com/GayatriRamya,
http://pbs.twimg.com/profile_images/552003020414676992/P8wYZcuf_bigger.jpeg,ChanduMedikonda,https://twitter.com/ChanduMedikonda,
http://pbs.twimg.com/profile_images/550913124971208705/1U6aS0k-_bigger.jpeg,Ranadeer81h,https://twitter.com/Ranadeer81h,
http://pbs.twimg.com/profile_images/1824819718/profile_bigger.jpg,raviteja406,https://twitter.com/raviteja406,
http://pbs.twimg.com/profile_images/378800000523787514/70c73f15cd8432ccb4b5464fb0ec8d2a_bigger.jpeg,pakalasuman,https://twitter.com/pakalasuman,
http://pbs.twimg.com/profile_images/475672337111478274/wcGeSGdn_bigger.jpeg,venkate36642058,https://twitter.com/venkate36642058,
http://abs.twimg.com/sticky/default_profile_images/default_profile_2_bigger.png,sureshkumarN12,https://twitter.com/sureshkumarN12,
http://pbs.twimg.com/profile_images/556865117229285376/VUdC45pc_bigger.jpeg,g_SKiran,https://twitter.com/g_SKiran,
http://pbs.twimg.com/profile_images/553077772705206272/GJTZwnWt_bigger.jpeg,kolli_pawan,https://twitter.com/kolli_pawan,
http://abs.twimg.com/sticky/default_profile_images/default_profile_1_bigger.png,challasanthosh7,https://twitter.com/challasanthosh7,
http://pbs.twimg.com/profile_images/474389360393981953/df_eoR_G_bigger.jpeg,kalyan_vellanki,https://twitter.com/kalyan_vellanki,
http://pbs.twimg.com/profile_images/529720166834122752/THBgN6qe_bigger.jpeg,pretesh58,https://twitter.com/pretesh58,
http://pbs.twimg.com/profile_images/551741390128824320/BFrnwEF7_bigger.jpeg,rakeshlyadhella,https://twitter.com/rakeshlyadhella,
http://pbs.twimg.com/profile_images/553589006902906880/N9JdP-tD_bigger.jpeg,janibhsha,https://twitter.com/janibhsha,
