http://pbs.twimg.com/profile_images/545583782934224896/64s0VrVw_bigger.png,theluanz,https://twitter.com/theluanz,
http://pbs.twimg.com/profile_images/557426786959503361/L03TJ-2k_bigger.jpeg,chinaprettylady,https://twitter.com/chinaprettylady,
http://pbs.twimg.com/profile_images/533726505990230017/D6xg5Bky_bigger.jpeg,TuChicoJodido,https://twitter.com/TuChicoJodido,
http://pbs.twimg.com/profile_images/556814524674617347/HMHkDAud_bigger.jpeg,ipansu,https://twitter.com/ipansu,
http://pbs.twimg.com/profile_images/507917639214059520/-oV1TP51_bigger.jpeg,Poeversada,https://twitter.com/Poeversada,
http://pbs.twimg.com/profile_images/554898782316273664/kc69Pn3B_bigger.jpeg,EmiOk_,https://twitter.com/EmiOk_,
http://pbs.twimg.com/profile_images/551777287570337792/6VLYcjoi_bigger.jpeg,SoyLeoPicon,https://twitter.com/SoyLeoPicon,
http://pbs.twimg.com/profile_images/378800000410932037/c414de61279e7cc45e1da8200674a21a_bigger.jpeg,promo1indo,https://twitter.com/promo1indo,
http://pbs.twimg.com/profile_images/554869487778807808/VRNoU60W_bigger.jpeg,alexbrooklyngod,https://twitter.com/alexbrooklyngod,
http://pbs.twimg.com/profile_images/321262888/avatar73x73_bigger.png,Jankovitch,https://twitter.com/Jankovitch,
http://pbs.twimg.com/profile_images/523183505761505281/gogMulf0_bigger.jpeg,RobinTedd,https://twitter.com/RobinTedd,
http://pbs.twimg.com/profile_images/535809796088557568/Muk-6BUe_bigger.jpeg,axelurizar,https://twitter.com/axelurizar,
http://pbs.twimg.com/profile_images/553563592595750915/F87gAqNd_bigger.jpeg,WanderJimenezRD,https://twitter.com/WanderJimenezRD,
http://pbs.twimg.com/profile_images/555370111993790465/l-qr73F4_bigger.jpeg,Rafitequiere_,https://twitter.com/Rafitequiere_,
http://pbs.twimg.com/profile_images/550757910645444609/rPgDyGQ8_bigger.png,SebaPintosOk,https://twitter.com/SebaPintosOk,
http://pbs.twimg.com/profile_images/523135743904862208/NcLJOr_s_bigger.jpeg,iSoytuLuna,https://twitter.com/iSoytuLuna,
http://pbs.twimg.com/profile_images/519233299588202496/hY4I_6Is_bigger.png,urbelatinanews,https://twitter.com/urbelatinanews,
http://pbs.twimg.com/profile_images/520084091937366016/K22WcaWr_bigger.jpeg,TuPoetaEroticoo,https://twitter.com/TuPoetaEroticoo,
http://pbs.twimg.com/profile_images/435016608650502144/M2UUVhKf_bigger.jpeg,macov_net,https://twitter.com/macov_net,
http://pbs.twimg.com/profile_images/530515225595109376/iQMJYWOo_bigger.jpeg,saidtw,https://twitter.com/saidtw,
http://pbs.twimg.com/profile_images/551056803262660608/83vCDNYZ_bigger.jpeg,guigue_orias,https://twitter.com/guigue_orias,
http://pbs.twimg.com/profile_images/470958742096183296/pFbNyNQc_bigger.jpeg,SoyPerriRoja,https://twitter.com/SoyPerriRoja,
http://pbs.twimg.com/profile_images/535194127856451584/-4kgy_BH_bigger.jpeg,PrinceRoyceDijo,https://twitter.com/PrinceRoyceDijo,
http://pbs.twimg.com/profile_images/538934819049050112/SEvRlW-j_bigger.jpeg,JonyyJG,https://twitter.com/JonyyJG,
http://pbs.twimg.com/profile_images/493258437539553280/rdYHKf1W_bigger.jpeg,ElBebePerfecto,https://twitter.com/ElBebePerfecto,
http://pbs.twimg.com/profile_images/557454120966422528/NO1XIxhP_bigger.jpeg,UnPoetaJodido,https://twitter.com/UnPoetaJodido,
http://pbs.twimg.com/profile_images/445310401815666688/l7kT7knN_bigger.jpeg,iYisuz,https://twitter.com/iYisuz,
http://pbs.twimg.com/profile_images/511578542711111680/L3JflzT4_bigger.jpeg,jhoinel,https://twitter.com/jhoinel,
http://pbs.twimg.com/profile_images/420037263766999040/hr_kHYNn_bigger.jpeg,CuriosoSabias,https://twitter.com/CuriosoSabias,
http://pbs.twimg.com/profile_images/378800000017730594/4765e502b9aafe9cc737bbb670da619d_bigger.jpeg,DimeWilly,https://twitter.com/DimeWilly,
http://pbs.twimg.com/profile_images/540035949338849281/EIaZn95T_bigger.jpeg,SoOy_Leyenda,https://twitter.com/SoOy_Leyenda,
http://pbs.twimg.com/profile_images/517667563145551873/VqJWZfh__bigger.jpeg,SamuelEsteban_,https://twitter.com/SamuelEsteban_,
http://pbs.twimg.com/profile_images/520184249232523265/ukFnLjOl_bigger.jpeg,_ChicaHipster,https://twitter.com/_ChicaHipster,
http://pbs.twimg.com/profile_images/530871805373087745/aiu3q-xq_bigger.jpeg,Queretaro_Dice,https://twitter.com/Queretaro_Dice,
http://pbs.twimg.com/profile_images/556511475171213312/OS_F_ki3_bigger.jpeg,GritandoIdeas,https://twitter.com/GritandoIdeas,
http://pbs.twimg.com/profile_images/554846262583754752/jOr8PYCY_bigger.jpeg,AnitaCastroVind,https://twitter.com/AnitaCastroVind,
http://pbs.twimg.com/profile_images/556952362787434498/MiyS72TU_bigger.jpeg,Yodescontrolo,https://twitter.com/Yodescontrolo,
http://pbs.twimg.com/profile_images/537652209346162688/nP_LENBA_bigger.jpeg,lndecentee,https://twitter.com/lndecentee,
http://pbs.twimg.com/profile_images/520280431023763456/YGZ1FWyK_bigger.jpeg,iMisterHacker,https://twitter.com/iMisterHacker,
http://pbs.twimg.com/profile_images/553763334646796288/nLuBK4H__bigger.jpeg,PibeTuiteroOk,https://twitter.com/PibeTuiteroOk,
http://pbs.twimg.com/profile_images/545103639350882304/l5KNvkcO_bigger.jpeg,iSoyRoman,https://twitter.com/iSoyRoman,
http://pbs.twimg.com/profile_images/498137148357640193/LIwF8yUY_bigger.jpeg,MsjConSarcasmo,https://twitter.com/MsjConSarcasmo,
http://pbs.twimg.com/profile_images/545697668480385024/bVa-SV7L_bigger.jpeg,Bengie_R,https://twitter.com/Bengie_R,
http://pbs.twimg.com/profile_images/501934690505617408/u1zS-yae_bigger.jpeg,UnaTalJessy,https://twitter.com/UnaTalJessy,
http://pbs.twimg.com/profile_images/554697601333739521/TDjjMKIk_bigger.jpeg,JooseSpkp,https://twitter.com/JooseSpkp,
http://pbs.twimg.com/profile_images/506556448261021696/RBlTGVu7_bigger.jpeg,ESescapealvacio,https://twitter.com/ESescapealvacio,
http://pbs.twimg.com/profile_images/538755304603652097/h6meZYOa_bigger.jpeg,AIguienDistinto,https://twitter.com/AIguienDistinto,
http://pbs.twimg.com/profile_images/557430093471956992/3hiJRMQa_bigger.jpeg,winderprado,https://twitter.com/winderprado,
http://pbs.twimg.com/profile_images/503585560686907393/PgU_wBB1_bigger.jpeg,UnMensajeCursi,https://twitter.com/UnMensajeCursi,
http://pbs.twimg.com/profile_images/528608359625129984/uBeACTzd_bigger.jpeg,Emaaatm,https://twitter.com/Emaaatm,
http://pbs.twimg.com/profile_images/531185374328930304/cLYaHawk_bigger.jpeg,Kilometro_18,https://twitter.com/Kilometro_18,
http://pbs.twimg.com/profile_images/557407948784553984/WMRM_Ba8_bigger.jpeg,FumandoNotas,https://twitter.com/FumandoNotas,
http://pbs.twimg.com/profile_images/535226635633438720/Bz841TxE_bigger.jpeg,SirTroye,https://twitter.com/SirTroye,
http://pbs.twimg.com/profile_images/557190110404308992/ikkR7kAa_bigger.jpeg,VillaIobosSeba,https://twitter.com/VillaIobosSeba,
http://pbs.twimg.com/profile_images/553417307255353344/DZlRrTPw_bigger.jpeg,CouplesEs,https://twitter.com/CouplesEs,
http://pbs.twimg.com/profile_images/556381335783493633/i6-sScD1_bigger.jpeg,HipsterClasico,https://twitter.com/HipsterClasico,
http://pbs.twimg.com/profile_images/471067632037142528/JOoDV0tB_bigger.jpeg,jesus_df110,https://twitter.com/jesus_df110,
http://pbs.twimg.com/profile_images/551543021372575744/qSCQs3lq_bigger.jpeg,LindosTextosES,https://twitter.com/LindosTextosES,
http://pbs.twimg.com/profile_images/545061791894491136/LIEdXbA-_bigger.jpeg,manuelmusic,https://twitter.com/manuelmusic,
http://pbs.twimg.com/profile_images/523913469590913024/41nATPb7_bigger.png,_sintino,https://twitter.com/_sintino,
http://pbs.twimg.com/profile_images/510863228738756608/9p5QavKK_bigger.jpeg,OtroGuapoDijo,https://twitter.com/OtroGuapoDijo,
http://pbs.twimg.com/profile_images/523628559571484672/4JoAaX7G_bigger.jpeg,iYo_Ventura,https://twitter.com/iYo_Ventura,
http://pbs.twimg.com/profile_images/506758004910202880/7nQCIt2Y_bigger.jpeg,VayaGorras,https://twitter.com/VayaGorras,
http://pbs.twimg.com/profile_images/551861759242301442/2-kj6Dpz_bigger.png,NuevasDeAndroid,https://twitter.com/NuevasDeAndroid,
http://pbs.twimg.com/profile_images/499604818998992897/B5DQnnDd_bigger.jpeg,MalditoCeloso,https://twitter.com/MalditoCeloso,
http://pbs.twimg.com/profile_images/540681029674356736/iw63QMFV_bigger.jpeg,Unputoivan,https://twitter.com/Unputoivan,
http://pbs.twimg.com/profile_images/378800000445614011/d49cc35d4e0ba26ae41f66bfb44a8c17_bigger.jpeg,Tuiterlatura,https://twitter.com/Tuiterlatura,
http://pbs.twimg.com/profile_images/541142949178777601/FLAkcKhy_bigger.jpeg,Senor_Tweets,https://twitter.com/Senor_Tweets,
http://pbs.twimg.com/profile_images/554008878380101632/moCP-mwY_bigger.jpeg,ChicasLindaGirl,https://twitter.com/ChicasLindaGirl,
http://pbs.twimg.com/profile_images/553370163567796224/RAPh3S7Q_bigger.jpeg,jormartinezok,https://twitter.com/jormartinezok,
http://pbs.twimg.com/profile_images/522460531329085440/0T4bM98C_bigger.jpeg,Inverzado,https://twitter.com/Inverzado,
http://pbs.twimg.com/profile_images/550726138474274816/SFzDZxQH_bigger.jpeg,isoyjanine,https://twitter.com/isoyjanine,
http://pbs.twimg.com/profile_images/542487617422381056/d_o9VF3q_bigger.jpeg,iTuiteroDice,https://twitter.com/iTuiteroDice,
http://pbs.twimg.com/profile_images/439760188480839681/sQDI2H_B_bigger.jpeg,ReecuerdaQue,https://twitter.com/ReecuerdaQue,
http://pbs.twimg.com/profile_images/556217107663187968/vTHSubCI_bigger.jpeg,LuisPokelRD,https://twitter.com/LuisPokelRD,
http://pbs.twimg.com/profile_images/454090399531810816/ST7rHnsm_bigger.jpeg,iPonteSueter,https://twitter.com/iPonteSueter,
http://pbs.twimg.com/profile_images/554711911091015680/zYrTHjPD_bigger.jpeg,EduardoSerena_,https://twitter.com/EduardoSerena_,
http://pbs.twimg.com/profile_images/551998799770832897/COpYLAO1_bigger.jpeg,DamianLRiquelme,https://twitter.com/DamianLRiquelme,
http://pbs.twimg.com/profile_images/490921316204040192/GsJCs4cI_bigger.png,MonkeyTonsRec,https://twitter.com/MonkeyTonsRec,
http://pbs.twimg.com/profile_images/546065825547812864/9D1PQONL_bigger.jpeg,DrPeluffo,https://twitter.com/DrPeluffo,
http://pbs.twimg.com/profile_images/448502041569026048/DIPfIhzd_bigger.jpeg,InstagramNotas,https://twitter.com/InstagramNotas,
http://pbs.twimg.com/profile_images/378800000699018650/4899acc214ffefd4465f63a89b653254_bigger.jpeg,Karli_In,https://twitter.com/Karli_In,
http://pbs.twimg.com/profile_images/551576652145102848/D-F_NPsN_bigger.jpeg,ErDeTodito,https://twitter.com/ErDeTodito,
http://pbs.twimg.com/profile_images/515624721627377664/Crg471PJ_bigger.jpeg,IndirectoOK,https://twitter.com/IndirectoOK,
http://pbs.twimg.com/profile_images/443600489716785152/iRXM6uiK_bigger.jpeg,lNSPlRADO,https://twitter.com/lNSPlRADO,
http://pbs.twimg.com/profile_images/538524696078077952/Pupx0JVG_bigger.jpeg,Hcluise,https://twitter.com/Hcluise,
http://pbs.twimg.com/profile_images/537428387141124096/mNVRTuSw_bigger.jpeg,Followsprej,https://twitter.com/Followsprej,
http://pbs.twimg.com/profile_images/535419603883552768/y6CePwj3_bigger.jpeg,S_RL_,https://twitter.com/S_RL_,
http://pbs.twimg.com/profile_images/546738988120555521/vNGIA9hb_bigger.jpeg,poetuit,https://twitter.com/poetuit,
http://pbs.twimg.com/profile_images/532032810001784832/dhZ6MFp9_bigger.jpeg,LuisDeveraux,https://twitter.com/LuisDeveraux,
http://pbs.twimg.com/profile_images/552195284793442304/VO_aE7wL_bigger.jpeg,luciamamasa,https://twitter.com/luciamamasa,
http://pbs.twimg.com/profile_images/463700121901756417/yFgNRTFB_bigger.png,cerrito89,https://twitter.com/cerrito89,
http://pbs.twimg.com/profile_images/527005723213836289/yr9MNl5v_bigger.jpeg,FollowSeguroEs,https://twitter.com/FollowSeguroEs,
http://pbs.twimg.com/profile_images/555123415342792704/_5eV5Bkb_bigger.jpeg,Fraanvallecas,https://twitter.com/Fraanvallecas,
http://pbs.twimg.com/profile_images/556352228299010048/R4clv9yT_bigger.jpeg,LatinHotter,https://twitter.com/LatinHotter,
http://pbs.twimg.com/profile_images/503304607733268481/iOOTsi8V_bigger.jpeg,SujetoBipolar,https://twitter.com/SujetoBipolar,
http://pbs.twimg.com/profile_images/556664260462665728/DB7xvx3A_bigger.jpeg,zombietuitero,https://twitter.com/zombietuitero,
http://pbs.twimg.com/profile_images/426842683177701376/x_OXMKXG_bigger.jpeg,Sonheridas_,https://twitter.com/Sonheridas_,
http://pbs.twimg.com/profile_images/519344142598807552/wntAX76w_bigger.jpeg,AleexisFrancoo,https://twitter.com/AleexisFrancoo,
http://pbs.twimg.com/profile_images/555596831884066816/kn85RJ64_bigger.jpeg,Carolinaculebro,https://twitter.com/Carolinaculebro,
http://pbs.twimg.com/profile_images/541936310823309313/EmiZgrO7_bigger.jpeg,LetsBurnAll,https://twitter.com/LetsBurnAll,
http://pbs.twimg.com/profile_images/533859917497917440/d5gVrURq_bigger.jpeg,TipsDeHombres,https://twitter.com/TipsDeHombres,
http://pbs.twimg.com/profile_images/483124096029696001/9z7Cf8gS_bigger.jpeg,pibe_canchero,https://twitter.com/pibe_canchero,
http://pbs.twimg.com/profile_images/535513105879425025/-b7U-qDo_bigger.jpeg,Vodkadilla,https://twitter.com/Vodkadilla,
http://pbs.twimg.com/profile_images/535177596678733825/A9mAF4rl_bigger.jpeg,LaSirvientaTuit,https://twitter.com/LaSirvientaTuit,
http://pbs.twimg.com/profile_images/424933452329545729/M84Yotsu_bigger.jpeg,iPocoCeloso,https://twitter.com/iPocoCeloso,
http://pbs.twimg.com/profile_images/416734166261067777/FOppvnFt_bigger.jpeg,ElOttoDeLaGente,https://twitter.com/ElOttoDeLaGente,
http://pbs.twimg.com/profile_images/541004125001879552/s6KfGqS1_bigger.jpeg,1RockOK,https://twitter.com/1RockOK,
http://pbs.twimg.com/profile_images/454058823469121536/-djdVqah_bigger.jpeg,2zigen_seihuku,https://twitter.com/2zigen_seihuku,
http://pbs.twimg.com/profile_images/552208215987855360/KKdA96JL_bigger.jpeg,soyraygarcia1,https://twitter.com/soyraygarcia1,
http://pbs.twimg.com/profile_images/529323373415784448/u81EMEip_bigger.jpeg,ESPANOL_RTS,https://twitter.com/ESPANOL_RTS,
http://pbs.twimg.com/profile_images/557380510813388800/6o-fq19E_bigger.png,swaggiemoon,https://twitter.com/swaggiemoon,
http://pbs.twimg.com/profile_images/557243766600249344/HbdiAyUe_bigger.jpeg,TuiteoEnAzul,https://twitter.com/TuiteoEnAzul,
http://pbs.twimg.com/profile_images/518064032993923072/G02EZYOz_bigger.jpeg,To_ho_bot,https://twitter.com/To_ho_bot,
http://pbs.twimg.com/profile_images/452131494337589248/b01PD9C-_bigger.jpeg,V_bbbot,https://twitter.com/V_bbbot,
http://pbs.twimg.com/profile_images/442491857084243969/585A7H38_bigger.jpeg,mamicco1,https://twitter.com/mamicco1,
http://pbs.twimg.com/profile_images/551229193330364416/I8VjIbhu_bigger.jpeg,SanchezFeedeeOk,https://twitter.com/SanchezFeedeeOk,
http://pbs.twimg.com/profile_images/496609486061064192/_oSfIAT-_bigger.jpeg,risassidosas,https://twitter.com/risassidosas,
http://pbs.twimg.com/profile_images/454087783032700928/YhkjNcJ1_bigger.jpeg,2zigen_kemomimi,https://twitter.com/2zigen_kemomimi,
http://pbs.twimg.com/profile_images/536601519760867328/KwCYqv7C_bigger.jpeg,elarteenletras,https://twitter.com/elarteenletras,
http://pbs.twimg.com/profile_images/1607652581/bocaaa_bigger.jpg,iDavidOliveros,https://twitter.com/iDavidOliveros,
http://pbs.twimg.com/profile_images/450596372383662080/M5yuMT4e_bigger.jpeg,Nisekoi788,https://twitter.com/Nisekoi788,
http://pbs.twimg.com/profile_images/442611087913934849/Wo98aYWA_bigger.jpeg,norin_nnn,https://twitter.com/norin_nnn,
http://pbs.twimg.com/profile_images/442614525687115776/C_Vddfzt_bigger.jpeg,pasta_love_past,https://twitter.com/pasta_love_past,
http://pbs.twimg.com/profile_images/445782793591599104/MFjz5Tg0_bigger.png,akiakoaki1,https://twitter.com/akiakoaki1,
http://pbs.twimg.com/profile_images/544608337841496065/MZMAWgfE_bigger.jpeg,ITengoFlow,https://twitter.com/ITengoFlow,
http://pbs.twimg.com/profile_images/467725623205457920/35AyQaXv_bigger.jpeg,GamerRubick,https://twitter.com/GamerRubick,
http://pbs.twimg.com/profile_images/445783479062515712/7cTGNMn9_bigger.jpeg,yunachannel1,https://twitter.com/yunachannel1,
http://pbs.twimg.com/profile_images/443694161921703936/2rj_5HUS_bigger.jpeg,harappi111,https://twitter.com/harappi111,
http://pbs.twimg.com/profile_images/451009468088606722/4eX6MDua_bigger.jpeg,S_a_o_bot,https://twitter.com/S_a_o_bot,
http://pbs.twimg.com/profile_images/496889629644034048/it-ZDhyv_bigger.jpeg,EsSiguemetesigo,https://twitter.com/EsSiguemetesigo,
http://pbs.twimg.com/profile_images/449394487882551296/SnA1rYXn_bigger.jpeg,omsomsoms1,https://twitter.com/omsomsoms1,
http://pbs.twimg.com/profile_images/445434422850904064/w4OqedjT_bigger.jpeg,lostconnect,https://twitter.com/lostconnect,
http://pbs.twimg.com/profile_images/449395390098333696/jcczS8VH_bigger.jpeg,jinnjinn5,https://twitter.com/jinnjinn5,
http://pbs.twimg.com/profile_images/443916082768642048/TqZwSogq_bigger.png,kakakucho,https://twitter.com/kakakucho,
http://pbs.twimg.com/profile_images/443693189388439554/VEBfaIyN_bigger.jpeg,boragikko,https://twitter.com/boragikko,
http://pbs.twimg.com/profile_images/445432627005104130/22XCaOa8_bigger.jpeg,pkg011,https://twitter.com/pkg011,
http://pbs.twimg.com/profile_images/445433155869093888/WKSumUFH_bigger.jpeg,downloadsize,https://twitter.com/downloadsize,
http://pbs.twimg.com/profile_images/449724851557642241/U-ujmOWk_bigger.jpeg,toarukagakuno66,https://twitter.com/toarukagakuno66,
http://pbs.twimg.com/profile_images/442610208104140800/Jtue4Q5X_bigger.jpeg,donutfan2,https://twitter.com/donutfan2,
http://pbs.twimg.com/profile_images/555006232587558912/cmtk4P0j_bigger.png,LaSombraTwittea,https://twitter.com/LaSombraTwittea,
http://pbs.twimg.com/profile_images/529372838189232128/CS95ApFV_bigger.png,EscritorFalso,https://twitter.com/EscritorFalso,
http://pbs.twimg.com/profile_images/454135577915305984/BTNdWy7y_bigger.jpeg,uronchachacha1,https://twitter.com/uronchachacha1,
http://pbs.twimg.com/profile_images/461316659962068992/QfhGH9G3_bigger.jpeg,ElGatoViolador4,https://twitter.com/ElGatoViolador4,
http://pbs.twimg.com/profile_images/519857267986821120/huFim9YQ_bigger.jpeg,Berking999,https://twitter.com/Berking999,
http://pbs.twimg.com/profile_images/450436260679524352/bBem6cZu_bigger.jpeg,grpgrp1,https://twitter.com/grpgrp1,
http://pbs.twimg.com/profile_images/449395011394609152/cEe0JYFz_bigger.jpeg,ericsony12,https://twitter.com/ericsony12,
http://pbs.twimg.com/profile_images/523649855462580224/8z55KG4x_bigger.jpeg,text0real,https://twitter.com/text0real,
http://pbs.twimg.com/profile_images/454136257791004672/UUWTDYnf_bigger.jpeg,xx_xperia_xx,https://twitter.com/xx_xperia_xx,
http://pbs.twimg.com/profile_images/480680707665063936/WyyTK5Al_bigger.jpeg,cueervotinellii,https://twitter.com/cueervotinellii,
http://pbs.twimg.com/profile_images/453081099665555456/qYmRFvG7_bigger.jpeg,xxxcokelovexxx,https://twitter.com/xxxcokelovexxx,
http://pbs.twimg.com/profile_images/452139697779654656/Xa8bpcuZ_bigger.jpeg,fan_negi_,https://twitter.com/fan_negi_,
http://pbs.twimg.com/profile_images/464563849471856640/LIepQWS5_bigger.jpeg,nodevdev,https://twitter.com/nodevdev,
http://abs.twimg.com/sticky/default_profile_images/default_profile_6_bigger.png,howmuchtwit,https://twitter.com/howmuchtwit,
http://pbs.twimg.com/profile_images/443915523030405120/xbCOsE-J_bigger.png,heroppe1,https://twitter.com/heroppe1,
http://pbs.twimg.com/profile_images/451174114837790720/iA_IhsqA_bigger.jpeg,hogeland2,https://twitter.com/hogeland2,
http://abs.twimg.com/sticky/default_profile_images/default_profile_1_bigger.png,casichen201,https://twitter.com/casichen201,
http://pbs.twimg.com/profile_images/518064748969988096/ra7aBVvI_bigger.jpeg,Kan_kore_,https://twitter.com/Kan_kore_,
http://pbs.twimg.com/profile_images/2796373025/ad5867461ee88c0032c5859d18ec47cf_bigger.jpeg,Miho_Tsukada,https://twitter.com/Miho_Tsukada,
http://pbs.twimg.com/profile_images/486010726142603264/W2jOihzc_bigger.jpeg,Akame_kill_bot,https://twitter.com/Akame_kill_bot,
http://pbs.twimg.com/profile_images/461663132817973248/nqeJgTmE_bigger.jpeg,Bokura_kawaiso_,https://twitter.com/Bokura_kawaiso_,
http://pbs.twimg.com/profile_images/479793699686072321/cw_izita_bigger.jpeg,hogeran1,https://twitter.com/hogeran1,
http://pbs.twimg.com/profile_images/463700925660409856/CsTQjU1K_bigger.png,venture1231,https://twitter.com/venture1231,
http://pbs.twimg.com/profile_images/476950292924076032/0wBctJjB_bigger.jpeg,wldcup20141,https://twitter.com/wldcup20141,
http://pbs.twimg.com/profile_images/486001755361001472/frMJFY6F_bigger.jpeg,Nozakikun_bot_,https://twitter.com/Nozakikun_bot_,
http://pbs.twimg.com/profile_images/485719147888668672/pQbIEGhA_bigger.jpeg,Bakaramon_bot,https://twitter.com/Bakaramon_bot,
http://pbs.twimg.com/profile_images/546684362196934658/U5n8Sr9S_bigger.jpeg,ziiiriiihiii,https://twitter.com/ziiiriiihiii,
http://pbs.twimg.com/profile_images/479794657568645120/abQZYOCj_bigger.jpeg,wheelman011,https://twitter.com/wheelman011,
http://pbs.twimg.com/profile_images/480506425781653504/s83qr822_bigger.jpeg,Aohara_bot_,https://twitter.com/Aohara_bot_,
http://pbs.twimg.com/profile_images/508052426738249728/lixHQw53_bigger.jpeg,Kokkuri_bot_,https://twitter.com/Kokkuri_bot_,
http://pbs.twimg.com/profile_images/484890342492090369/1MokQgXw_bigger.jpeg,hirudon2,https://twitter.com/hirudon2,
http://pbs.twimg.com/profile_images/458546798504583168/OjC3L0On_bigger.jpeg,movilesymas_es,https://twitter.com/movilesymas_es,
http://pbs.twimg.com/profile_images/452855171463139328/fXSuj1Fr_bigger.jpeg,Non_Non_0,https://twitter.com/Non_Non_0,
http://pbs.twimg.com/profile_images/508050114250678272/oCpdnfFc_bigger.jpeg,Ama_buri_bot,https://twitter.com/Ama_buri_bot,
http://pbs.twimg.com/profile_images/532877156708151296/5vyUZbup_bigger.png,RestartProject,https://twitter.com/RestartProject,
http://pbs.twimg.com/profile_images/378800000478531474/2416e44255e5055c24097ff8bc64fd97_bigger.jpeg,iPhonePLUS_web,https://twitter.com/iPhonePLUS_web,
http://pbs.twimg.com/profile_images/550598974638682114/6oxPLPzD_bigger.jpeg,Bra_Sol,https://twitter.com/Bra_Sol,
http://pbs.twimg.com/profile_images/486002690422353921/d3ddxLLq_bigger.jpeg,Sabagebu_bot,https://twitter.com/Sabagebu_bot,
http://pbs.twimg.com/profile_images/549198961924255745/ioxLfqqY_bigger.jpeg,ncwyz,https://twitter.com/ncwyz,
http://pbs.twimg.com/profile_images/484944446715211778/DEeCh4Yw_bigger.jpeg,Hyoka_bot_,https://twitter.com/Hyoka_bot_,
http://pbs.twimg.com/profile_images/508048279922176000/C3SNCJOA_bigger.jpeg,Fate_stay_bot,https://twitter.com/Fate_stay_bot,
http://pbs.twimg.com/profile_images/507181443152216065/tlmqVvMF_bigger.jpeg,Momokyun_bot,https://twitter.com/Momokyun_bot,
http://pbs.twimg.com/profile_images/480515573743230976/ZMQlSasz_bigger.jpeg,Zinsei__bot_,https://twitter.com/Zinsei__bot_,
http://pbs.twimg.com/profile_images/484942058684026880/CDKe4fNf_bigger.jpeg,Iriya_bot__,https://twitter.com/Iriya_bot__,
http://pbs.twimg.com/profile_images/499765898727542784/Dyc1CMd3_bigger.jpeg,EATME_tweet,https://twitter.com/EATME_tweet,
http://pbs.twimg.com/profile_images/503095509578289152/VZrNsZsV_bigger.jpeg,Rokujo_bot,https://twitter.com/Rokujo_bot,
http://pbs.twimg.com/profile_images/554997295280713728/t_Jp99JP_bigger.jpeg,exploreasyraf,https://twitter.com/exploreasyraf,
http://pbs.twimg.com/profile_images/1963123380/2__3__bigger.jpg,kamamotoctw,https://twitter.com/kamamotoctw,
http://abs.twimg.com/sticky/default_profile_images/default_profile_2_bigger.png,android87640678,https://twitter.com/android87640678,
http://pbs.twimg.com/profile_images/1908532611/dss_bigger.jpg,pokepaitw,https://twitter.com/pokepaitw,
http://pbs.twimg.com/profile_images/540903264825249792/kvrdqSSx_bigger.jpeg,mikan_429,https://twitter.com/mikan_429,
http://pbs.twimg.com/profile_images/518060416795041792/Prl0x27k_bigger.jpeg,Rokodoru_bot,https://twitter.com/Rokodoru_bot,
http://pbs.twimg.com/profile_images/508054441761595392/gQH23stt_bigger.jpeg,Kimino_uso_bot,https://twitter.com/Kimino_uso_bot,
http://pbs.twimg.com/profile_images/485724173210120192/qqIPIbu6_bigger.jpeg,ALONOAH_bot,https://twitter.com/ALONOAH_bot,
http://pbs.twimg.com/profile_images/1839462663/icon_video_bigger.png,nagr5r,https://twitter.com/nagr5r,
http://pbs.twimg.com/profile_images/507510011333857281/v0MxZbvN_bigger.jpeg,Seire_tukai_bot,https://twitter.com/Seire_tukai_bot,
http://pbs.twimg.com/profile_images/424923986078601216/6klFo9rc_bigger.png,LMaisonInc,https://twitter.com/LMaisonInc,
http://pbs.twimg.com/profile_images/485715720542490624/JP3W9k_h_bigger.jpeg,Seramun_bot_,https://twitter.com/Seramun_bot_,
http://pbs.twimg.com/profile_images/532481048324493313/n0Ggyzx7_bigger.jpeg,Reika_Oozxx,https://twitter.com/Reika_Oozxx,
http://pbs.twimg.com/profile_images/508056828073086976/v4vmRFt3_bigger.jpeg,Madan_bot,https://twitter.com/Madan_bot,
http://pbs.twimg.com/profile_images/550167657886928898/g4v60oMx_bigger.jpeg,gamenavi107,https://twitter.com/gamenavi107,
http://pbs.twimg.com/profile_images/546895332244594688/ZJxOwSNN_bigger.png,gamenavi105,https://twitter.com/gamenavi105,
http://pbs.twimg.com/profile_images/480509352478920704/lIUH4x5K_bigger.jpeg,Teroru_bot,https://twitter.com/Teroru_bot,
http://pbs.twimg.com/profile_images/545365788635316224/8C-6r0dw_bigger.jpeg,KYO1_MIYAZAKI,https://twitter.com/KYO1_MIYAZAKI,
http://pbs.twimg.com/profile_images/513411382125936640/jNQ4t-NE_bigger.png,iphone_app_tw,https://twitter.com/iphone_app_tw,
http://pbs.twimg.com/profile_images/520418433846898688/Kkt_Ev8J_bigger.jpeg,BarsaPalma,https://twitter.com/BarsaPalma,
http://pbs.twimg.com/profile_images/583051750/nickku-pix_bigger.jpg,nick_ku,https://twitter.com/nick_ku,
http://pbs.twimg.com/profile_images/1203404615/Icon_2011hebonenga_bigger.png,heboya,https://twitter.com/heboya,
http://pbs.twimg.com/profile_images/480300425661251584/PpZxh-U4_bigger.jpeg,Glass_lip_bot,https://twitter.com/Glass_lip_bot,
http://pbs.twimg.com/profile_images/554919223521062912/EYCycY0j_bigger.jpeg,a1championsound,https://twitter.com/a1championsound,
http://pbs.twimg.com/profile_images/378800000458161951/cdc33946d6cac760ecce3072605f8b94_bigger.jpeg,todosobreapple,https://twitter.com/todosobreapple,
http://pbs.twimg.com/profile_images/553860251816951809/V6rTL5sC_bigger.jpeg,minamipuyopuyo,https://twitter.com/minamipuyopuyo,
http://pbs.twimg.com/profile_images/480502648441815040/Az3TLHE9_bigger.jpeg,BotLovestage,https://twitter.com/BotLovestage,
http://pbs.twimg.com/profile_images/1993591494/nasd_bigger.jpg,yamapadotw,https://twitter.com/yamapadotw,
http://abs.twimg.com/sticky/default_profile_images/default_profile_2_bigger.png,iappjp,https://twitter.com/iappjp,
http://pbs.twimg.com/profile_images/3054182851/de8ff65773d05fd1a79110aa919df4d6_bigger.jpeg,hinanoores,https://twitter.com/hinanoores,
http://pbs.twimg.com/profile_images/547033123595100160/ejCZMu7B_bigger.jpeg,gamenavi104,https://twitter.com/gamenavi104,
http://pbs.twimg.com/profile_images/557129008999972864/I6YGrFY1_bigger.jpeg,gamenavi103,https://twitter.com/gamenavi103,
http://pbs.twimg.com/profile_images/545483745650688000/pE5Atfl9_bigger.jpeg,gamenavi101,https://twitter.com/gamenavi101,
http://pbs.twimg.com/profile_images/557232825850941442/7VI3iqLu_bigger.jpeg,harrytoseland,https://twitter.com/harrytoseland,
http://pbs.twimg.com/profile_images/557281469467336707/KEANgpN0_bigger.jpeg,samuelnammour,https://twitter.com/samuelnammour,
http://pbs.twimg.com/profile_images/553746937308905472/4mrWtuK2_bigger.jpeg,chiiiiiiiiiii18,https://twitter.com/chiiiiiiiiiii18,
http://abs.twimg.com/sticky/default_profile_images/default_profile_2_bigger.png,yamaz3aco,https://twitter.com/yamaz3aco,
http://pbs.twimg.com/profile_images/549745662619693056/rE79Q3ii_bigger.jpeg,futuristiclrh,https://twitter.com/futuristiclrh,
http://pbs.twimg.com/profile_images/378800000337267339/a58ecc25c7e185731031311d5b5818b6_bigger.jpeg,shimitchan,https://twitter.com/shimitchan,
http://pbs.twimg.com/profile_images/470528698618097665/Ujsk8OqT_bigger.jpeg,SiriHimatsubusi,https://twitter.com/SiriHimatsubusi,
http://pbs.twimg.com/profile_images/548955847637082112/4YDS9_oT_bigger.jpeg,BettySala,https://twitter.com/BettySala,
http://pbs.twimg.com/profile_images/498875048216629249/Ncr1nc13_bigger.jpeg,entadaplace,https://twitter.com/entadaplace,
http://pbs.twimg.com/profile_images/431407264927199233/BfNOQuvX_bigger.jpeg,Gopango,https://twitter.com/Gopango,
http://pbs.twimg.com/profile_images/1921499145/scs_bigger.jpg,kagaws,https://twitter.com/kagaws,
http://pbs.twimg.com/profile_images/557178379363831808/L34Mw-HY_bigger.jpeg,Stegabyte,https://twitter.com/Stegabyte,
http://pbs.twimg.com/profile_images/530565947988664320/q3--cItC_bigger.jpeg,PerlaPayano_,https://twitter.com/PerlaPayano_,
http://pbs.twimg.com/profile_images/516833674528964609/T6_OmNxb_bigger.jpeg,sellsmart4cash,https://twitter.com/sellsmart4cash,
http://pbs.twimg.com/profile_images/2016380310/20090122072032_bigger.jpg,hitumarutw,https://twitter.com/hitumarutw,
http://pbs.twimg.com/profile_images/1885515676/tsr_bigger.jpg,nbaruutw,https://twitter.com/nbaruutw,
http://pbs.twimg.com/profile_images/519478119296561153/2YSUntXj_bigger.png,sirio__kaiwa,https://twitter.com/sirio__kaiwa,
http://abs.twimg.com/sticky/default_profile_images/default_profile_2_bigger.png,zotandesutw,https://twitter.com/zotandesutw,
http://pbs.twimg.com/profile_images/511081796507676672/CndbgUr__bigger.jpeg,rocksteadesign,https://twitter.com/rocksteadesign,
http://pbs.twimg.com/profile_images/487838492643180545/4YqpCSjy_bigger.jpeg,goolue_oosawa,https://twitter.com/goolue_oosawa,
http://pbs.twimg.com/profile_images/501735450592038912/Q0QQNUOa_bigger.jpeg,FilipTrout,https://twitter.com/FilipTrout,
http://pbs.twimg.com/profile_images/532107204363419648/AeLCPz9g_bigger.jpeg,tekitokentiku,https://twitter.com/tekitokentiku,
http://pbs.twimg.com/profile_images/525644369408180224/RrDGngky_bigger.jpeg,busty_amateur,https://twitter.com/busty_amateur,
http://pbs.twimg.com/profile_images/519486374680870912/BoW2SsvI_bigger.jpeg,6byou_baku,https://twitter.com/6byou_baku,
http://pbs.twimg.com/profile_images/378800000610209245/cd2c9d9b486df3f82aceb6c8481534f8_bigger.jpeg,SolElSoldado,https://twitter.com/SolElSoldado,
http://pbs.twimg.com/profile_images/532110684260028416/H00hZRhU_bigger.png,hidoi__iiwake,https://twitter.com/hidoi__iiwake,
http://pbs.twimg.com/profile_images/2255000229/20120526-IMG_6186_bigger.jpg,DRAG0MIR,https://twitter.com/DRAG0MIR,
http://pbs.twimg.com/profile_images/444839638620831745/pV3J7IDH_bigger.jpeg,ComoHoyDia,https://twitter.com/ComoHoyDia,
http://pbs.twimg.com/profile_images/521492524192382977/MaM9JxLr_bigger.jpeg,superplay_kami,https://twitter.com/superplay_kami,
http://pbs.twimg.com/profile_images/526200269768384512/YPVdMJp-_bigger.jpeg,Lesbianlovers7,https://twitter.com/Lesbianlovers7,
http://pbs.twimg.com/profile_images/540970080394178560/rOsUlxOT_bigger.jpeg,jamesocaxufas,https://twitter.com/jamesocaxufas,
http://pbs.twimg.com/profile_images/532273938017943552/afM7QEkJ_bigger.jpeg,otha046,https://twitter.com/otha046,
http://pbs.twimg.com/profile_images/556499879808086016/zx-xkLqe_bigger.jpeg,99hashtag_,https://twitter.com/99hashtag_,
http://pbs.twimg.com/profile_images/521679628717404160/PRTVJXMu_bigger.jpeg,sweet_maccha,https://twitter.com/sweet_maccha,
http://pbs.twimg.com/profile_images/552401046417309696/C6mDM5vx_bigger.jpeg,honoka0109,https://twitter.com/honoka0109,
http://pbs.twimg.com/profile_images/527017525263876098/mP34Bj2R_bigger.jpeg,candy_tropical,https://twitter.com/candy_tropical,
http://pbs.twimg.com/profile_images/524533494592987136/bkY68HSp_bigger.jpeg,Hardcorebig3,https://twitter.com/Hardcorebig3,
http://pbs.twimg.com/profile_images/524256276058890240/pK6Z6tbO_bigger.png,Beautyteenie1,https://twitter.com/Beautyteenie1,
http://pbs.twimg.com/profile_images/553493694129516545/V8zSiTA1_bigger.jpeg,Rassungorerai86,https://twitter.com/Rassungorerai86,
http://pbs.twimg.com/profile_images/519493517505085440/_8rz9QQi_bigger.jpeg,yuki3xxxxx,https://twitter.com/yuki3xxxxx,
http://pbs.twimg.com/profile_images/524251754620125185/jPjohejI_bigger.jpeg,HardcoreSex11,https://twitter.com/HardcoreSex11,
http://pbs.twimg.com/profile_images/522408046840913920/F-6HME9C_bigger.jpeg,disney_oekaki_,https://twitter.com/disney_oekaki_,
http://pbs.twimg.com/profile_images/511504012886016001/MLtFJe5n_bigger.jpeg,mahpo444,https://twitter.com/mahpo444,
http://pbs.twimg.com/profile_images/524220730603368451/7RkxXbCh_bigger.jpeg,suki_princess_,https://twitter.com/suki_princess_,
http://pbs.twimg.com/profile_images/524210162748227584/N1c24CuI_bigger.jpeg,bassa__fan,https://twitter.com/bassa__fan,
http://pbs.twimg.com/profile_images/532426612558422016/gGM_8rvN_bigger.jpeg,konbini_x1,https://twitter.com/konbini_x1,
http://pbs.twimg.com/profile_images/539483051068096512/lURSWQCY_bigger.jpeg,Joye1512,https://twitter.com/Joye1512,
http://pbs.twimg.com/profile_images/524517121347182592/Y2anQq8S_bigger.jpeg,Babes1Blonde,https://twitter.com/Babes1Blonde,
http://pbs.twimg.com/profile_images/533968186278817793/HwaIVeRA_bigger.png,anime_naisyoo,https://twitter.com/anime_naisyoo,
http://pbs.twimg.com/profile_images/556546821221122048/LcO8CPc0_bigger.jpeg,BilalBeainy,https://twitter.com/BilalBeainy,
http://pbs.twimg.com/profile_images/1852948755/114x114_bigger.png,apprankjp,https://twitter.com/apprankjp,
http://pbs.twimg.com/profile_images/557385367465099264/eTLyTuF6_bigger.jpeg,atiqanadira,https://twitter.com/atiqanadira,
http://pbs.twimg.com/profile_images/467722215220187136/9h_6EbH5_bigger.jpeg,rn_timu,https://twitter.com/rn_timu,
http://pbs.twimg.com/profile_images/540969489261547520/NFsVEhKA_bigger.jpeg,Macie233A,https://twitter.com/Macie233A,
http://pbs.twimg.com/profile_images/532085458700754945/ZryRHCaC_bigger.png,hiroshi_N__,https://twitter.com/hiroshi_N__,
http://pbs.twimg.com/profile_images/519482415983505408/-69mFBKJ_bigger.jpeg,warai__oogiri,https://twitter.com/warai__oogiri,
http://pbs.twimg.com/profile_images/506036173135818754/mKtYmryt_bigger.jpeg,Sazaesan_Tweet,https://twitter.com/Sazaesan_Tweet,
http://pbs.twimg.com/profile_images/533977647500386305/BkX169_f_bigger.jpeg,wadai_godpics,https://twitter.com/wadai_godpics,
http://pbs.twimg.com/profile_images/527014373613527040/Q1KxSPxu_bigger.jpeg,WivesHot,https://twitter.com/WivesHot,
http://abs.twimg.com/sticky/default_profile_images/default_profile_4_bigger.png,katyutlshuryg7j,https://twitter.com/katyutlshuryg7j,
http://pbs.twimg.com/profile_images/539483847415439361/lDvh49cK_bigger.jpeg,ilnaboqes,https://twitter.com/ilnaboqes,
http://pbs.twimg.com/profile_images/534630933949734912/94WzMsF4_bigger.png,Omowazue1,https://twitter.com/Omowazue1,
http://pbs.twimg.com/profile_images/550560271308046337/0-bdwUwB_bigger.jpeg,DrSRP1,https://twitter.com/DrSRP1,
http://pbs.twimg.com/profile_images/549825777584193536/kUNYsS8p_bigger.jpeg,iyashi_bijin,https://twitter.com/iyashi_bijin,
http://pbs.twimg.com/profile_images/463314824890286080/toelFk1n_bigger.jpeg,jramos1973,https://twitter.com/jramos1973,
http://pbs.twimg.com/profile_images/521606363512721408/xqvwvFZq_bigger.jpeg,mitsuwo_poi,https://twitter.com/mitsuwo_poi,
http://pbs.twimg.com/profile_images/551345549421469696/gxsxe9er_bigger.jpeg,firdauschris,https://twitter.com/firdauschris,
http://pbs.twimg.com/profile_images/521564534578749442/v_YLBLRr_bigger.jpeg,HassouBaka,https://twitter.com/HassouBaka,
http://pbs.twimg.com/profile_images/543442907970420736/op2LFO_l_bigger.jpeg,Whatsappealo,https://twitter.com/Whatsappealo,
http://pbs.twimg.com/profile_images/554581683731955712/iaO6pwvQ_bigger.jpeg,Karamudin,https://twitter.com/Karamudin,
http://pbs.twimg.com/profile_images/522392096896851968/-hBJsIMf_bigger.jpeg,DisneyDreampics,https://twitter.com/DisneyDreampics,
http://pbs.twimg.com/profile_images/527015310184820737/Pz40zCLd_bigger.png,HolidayTara,https://twitter.com/HolidayTara,
http://pbs.twimg.com/profile_images/1106549571/logo_face_bigger.jpg,PortalCozumel,https://twitter.com/PortalCozumel,
http://pbs.twimg.com/profile_images/460377670547542017/n17UB6zO_bigger.png,God_Destructive,https://twitter.com/God_Destructive,
http://pbs.twimg.com/profile_images/532900483598274560/ffj4C4d0_bigger.jpeg,Genius_human1,https://twitter.com/Genius_human1,
http://pbs.twimg.com/profile_images/541491136712278016/KZB2Ab3i_bigger.jpeg,Aja016993,https://twitter.com/Aja016993,
http://pbs.twimg.com/profile_images/522739217944690688/KYKl5UjY_bigger.jpeg,gazo_no_arashi,https://twitter.com/gazo_no_arashi,
http://pbs.twimg.com/profile_images/552077362884407297/XXELgg7s_bigger.jpeg,sexmasry2020,https://twitter.com/sexmasry2020,
http://pbs.twimg.com/profile_images/540934712605159425/GxAd7Zs1_bigger.jpeg,shera826,https://twitter.com/shera826,
http://pbs.twimg.com/profile_images/3717359991/f488004b0dfd4b97812bfdcf5af4edea_bigger.png,mochinet022,https://twitter.com/mochinet022,
http://pbs.twimg.com/profile_images/2991290479/164f560b5414964ef677570e4197cf28_bigger.jpeg,gajet_jyonson,https://twitter.com/gajet_jyonson,
http://pbs.twimg.com/profile_images/509722765801553920/321QaU3I_bigger.jpeg,AltonBertie,https://twitter.com/AltonBertie,
http://pbs.twimg.com/profile_images/555796773969854464/NNrEakM-_bigger.jpeg,venegas_stop,https://twitter.com/venegas_stop,
http://pbs.twimg.com/profile_images/524218863836086272/y2ZIrQIm_bigger.jpeg,lovely_kasumi_,https://twitter.com/lovely_kasumi_,
http://pbs.twimg.com/profile_images/555264534672179200/qNxMSuwu_bigger.jpeg,IzyanNatashaa,https://twitter.com/IzyanNatashaa,
http://pbs.twimg.com/profile_images/532420282363834368/JUBRVKw7_bigger.jpeg,worldtweet7,https://twitter.com/worldtweet7,
http://pbs.twimg.com/profile_images/518695094635855874/nhREJHQb_bigger.png,hidari__bot,https://twitter.com/hidari__bot,
http://pbs.twimg.com/profile_images/419012323987034112/0-xnT3hO_bigger.jpeg,NaNa_NaNa_Tokyo,https://twitter.com/NaNa_NaNa_Tokyo,
http://pbs.twimg.com/profile_images/539479790877564928/DXIUmWsF_bigger.jpeg,a_caridad21923,https://twitter.com/a_caridad21923,
http://pbs.twimg.com/profile_images/523498327409569792/jrdwqBlj_bigger.jpeg,koi_shitakatta,https://twitter.com/koi_shitakatta,
http://pbs.twimg.com/profile_images/522763520459300864/Z4OA9tAv_bigger.jpeg,mo_e_ee,https://twitter.com/mo_e_ee,
http://pbs.twimg.com/profile_images/524594848012050434/OsKwG9hE_bigger.jpeg,kawa_iku_,https://twitter.com/kawa_iku_,
http://pbs.twimg.com/profile_images/556484712131072000/4gtz3HBq_bigger.jpeg,sm_h_appy,https://twitter.com/sm_h_appy,
http://pbs.twimg.com/profile_images/539481400471080960/Ab1Z0BNQ_bigger.jpeg,Lupe552583,https://twitter.com/Lupe552583,
http://pbs.twimg.com/profile_images/532314828753223680/cmFzMIT4_bigger.jpeg,a_kylie656,https://twitter.com/a_kylie656,
http://pbs.twimg.com/profile_images/539481267952046080/fghtsAPp_bigger.jpeg,johnogegadad,https://twitter.com/johnogegadad,
http://pbs.twimg.com/profile_images/527481784833826816/bzVhCNmC_bigger.jpeg,nazo_darake,https://twitter.com/nazo_darake,
http://pbs.twimg.com/profile_images/3094134017/d91b6dc998c65ad40fc202722160ae06_bigger.png,iphone_ebook01,https://twitter.com/iphone_ebook01,
http://pbs.twimg.com/profile_images/527010037034528769/3EqOk3-r_bigger.png,GirlLatingirl,https://twitter.com/GirlLatingirl,
http://pbs.twimg.com/profile_images/557256171984539648/pVvUvWQo_bigger.jpeg,ChrisssySivan,https://twitter.com/ChrisssySivan,
http://pbs.twimg.com/profile_images/512582531623833600/xmeNdIi0_bigger.jpeg,sesiru1111,https://twitter.com/sesiru1111,
http://pbs.twimg.com/profile_images/542112612264075264/go0yJMb1_bigger.jpeg,hazuppe1772,https://twitter.com/hazuppe1772,
http://pbs.twimg.com/profile_images/527037987276603392/QrFVP7D6_bigger.jpeg,LoversSensitive,https://twitter.com/LoversSensitive,
http://pbs.twimg.com/profile_images/524229216053633026/dadrBfC0_bigger.jpeg,gakki__love_,https://twitter.com/gakki__love_,
http://pbs.twimg.com/profile_images/482199566847340544/vF0iUdZ9_bigger.png,Kathnitz,https://twitter.com/Kathnitz,
http://pbs.twimg.com/profile_images/539479134619971584/VdmETnyp_bigger.jpeg,Callie38944A,https://twitter.com/Callie38944A,
http://pbs.twimg.com/profile_images/527101449910489088/Q5jjQI9D_bigger.jpeg,LINEgazo_gensen,https://twitter.com/LINEgazo_gensen,
http://pbs.twimg.com/profile_images/515829458389835776/btHhNmbO_bigger.jpeg,zatsugaku_adult,https://twitter.com/zatsugaku_adult,
http://pbs.twimg.com/profile_images/515765776943312897/8CukPj33_bigger.jpeg,magic_hair_arr,https://twitter.com/magic_hair_arr,
http://pbs.twimg.com/profile_images/556999706807513089/2YtltBSl_bigger.jpeg,puckett_kristin,https://twitter.com/puckett_kristin,
http://pbs.twimg.com/profile_images/539480829928300544/aYjfKzHB_bigger.jpeg,Cuoeuuugegasu,https://twitter.com/Cuoeuuugegasu,
http://pbs.twimg.com/profile_images/517947168770899968/gVqAo2Qt_bigger.jpeg,pro__workers,https://twitter.com/pro__workers,
http://pbs.twimg.com/profile_images/541143195279572992/54Xc0Vkx_bigger.jpeg,Susanne861982,https://twitter.com/Susanne861982,
http://pbs.twimg.com/profile_images/527487756277018624/WPQJmewk_bigger.jpeg,hidoi_sekkei,https://twitter.com/hidoi_sekkei,
http://pbs.twimg.com/profile_images/522026145009516545/BwW_ON8h_bigger.png,me_ni_ii_3Dart,https://twitter.com/me_ni_ii_3Dart,
http://pbs.twimg.com/profile_images/523318944040366080/95u0Tcsc_bigger.jpeg,tekitou_warota,https://twitter.com/tekitou_warota,
http://pbs.twimg.com/profile_images/527106908600016896/Pig3vGPN_bigger.jpeg,jiwarism,https://twitter.com/jiwarism,
http://pbs.twimg.com/profile_images/540972214019833856/jnHwkoK5_bigger.jpeg,ljwimaihikasi,https://twitter.com/ljwimaihikasi,
http://pbs.twimg.com/profile_images/539480053050908672/Gkw1FudY_bigger.jpeg,Gjjtexicejijo,https://twitter.com/Gjjtexicejijo,
http://pbs.twimg.com/profile_images/522049444988989440/RI1It66i_bigger.jpeg,tori_san_ippai,https://twitter.com/tori_san_ippai,
http://pbs.twimg.com/profile_images/424086612092268544/IG_CRM0W_bigger.png,docomo_tukisapo,https://twitter.com/docomo_tukisapo,
http://pbs.twimg.com/profile_images/539481792428793856/gWXTqSfa_bigger.jpeg,a_abdul40280,https://twitter.com/a_abdul40280,
http://pbs.twimg.com/profile_images/540968797931196416/_3KgV8SS_bigger.jpeg,Julianna619861,https://twitter.com/Julianna619861,
http://pbs.twimg.com/profile_images/527013090563354624/AFAVEPhC_bigger.png,RoundAss2,https://twitter.com/RoundAss2,
http://pbs.twimg.com/profile_images/534627503499800576/4-x9Wg9h_bigger.png,probase_ball,https://twitter.com/probase_ball,
http://pbs.twimg.com/profile_images/540971826671673344/_6hKic3n_bigger.jpeg,richardefopodaq,https://twitter.com/richardefopodaq,
http://pbs.twimg.com/profile_images/526564660221194240/FghAl_yc_bigger.jpeg,Orgasm14,https://twitter.com/Orgasm14,
http://pbs.twimg.com/profile_images/525314463512006656/fBPdO-9w_bigger.jpeg,ANIMAL_BABY_lov,https://twitter.com/ANIMAL_BABY_lov,
http://pbs.twimg.com/profile_images/541570230716092416/IhY1RkO6_bigger.jpeg,Nola4233,https://twitter.com/Nola4233,
http://pbs.twimg.com/profile_images/527039586577305600/dsXYPo2M_bigger.jpeg,pornsex_porn,https://twitter.com/pornsex_porn,
http://pbs.twimg.com/profile_images/526162963921502208/C35OIq8c_bigger.jpeg,koisuru_short,https://twitter.com/koisuru_short,
http://pbs.twimg.com/profile_images/525650340914274306/46i9gOgj_bigger.jpeg,BabeBlondebabe,https://twitter.com/BabeBlondebabe,
http://pbs.twimg.com/profile_images/523313240873254913/-TtPUW_U_bigger.jpeg,obaka_nyanko,https://twitter.com/obaka_nyanko,
http://pbs.twimg.com/profile_images/378800000253846286/bf8d8755b3ea94e93a95112e90186bbb_bigger.jpeg,renai_partner,https://twitter.com/renai_partner,
http://pbs.twimg.com/profile_images/522756719504420864/67WdCpS0_bigger.jpeg,honki_art_rohan,https://twitter.com/honki_art_rohan,
http://pbs.twimg.com/profile_images/527054040379580417/Lg9juoDx_bigger.jpeg,CStarfal,https://twitter.com/CStarfal,
http://pbs.twimg.com/profile_images/541725625426272257/ziexSI8Z_bigger.jpeg,Marlo60617A,https://twitter.com/Marlo60617A,
http://pbs.twimg.com/profile_images/539482633084747778/vSgsCfvt_bigger.jpeg,peuyqhicutoxo,https://twitter.com/peuyqhicutoxo,
http://pbs.twimg.com/profile_images/506460697270550530/IT9aapSH_bigger.jpeg,hamuketu_zeppin,https://twitter.com/hamuketu_zeppin,
http://pbs.twimg.com/profile_images/530025533946339328/kxGWeZ2A_bigger.jpeg,KisMyFt2_lover_,https://twitter.com/KisMyFt2_lover_,
http://pbs.twimg.com/profile_images/532354553979482112/gaAMa9c6_bigger.jpeg,Sukkiri_Quiz1,https://twitter.com/Sukkiri_Quiz1,
http://pbs.twimg.com/profile_images/514126805842673665/puE4yEDn_bigger.jpeg,vocaloid_ds,https://twitter.com/vocaloid_ds,
http://pbs.twimg.com/profile_images/522620036318380032/KLjGDvjP_bigger.jpeg,followmaster_jp,https://twitter.com/followmaster_jp,
http://pbs.twimg.com/profile_images/534735870083862528/BVHwx8-c_bigger.jpeg,yabai_douga,https://twitter.com/yabai_douga,
http://pbs.twimg.com/profile_images/555341451760898048/tJFLuxmn_bigger.jpeg,den2you,https://twitter.com/den2you,
http://pbs.twimg.com/profile_images/555689309412421632/QFACNWv4_bigger.jpeg,chiiiii05403246,https://twitter.com/chiiiii05403246,
http://pbs.twimg.com/profile_images/541158947734843392/LCo47Tix_bigger.jpeg,a_roxanna95368,https://twitter.com/a_roxanna95368,
http://pbs.twimg.com/profile_images/532292448504918016/xitZLcbB_bigger.jpeg,Philomena489A,https://twitter.com/Philomena489A,
http://pbs.twimg.com/profile_images/539485801881415680/4Ni-KYCh_bigger.jpeg,jasonebihoqax,https://twitter.com/jasonebihoqax,
http://pbs.twimg.com/profile_images/430853258626625537/805LjM6i_bigger.jpeg,JHoNatAn_Boys,https://twitter.com/JHoNatAn_Boys,
http://pbs.twimg.com/profile_images/513470821365342208/NjVhT-JC_bigger.jpeg,zekkeihakken,https://twitter.com/zekkeihakken,
http://pbs.twimg.com/profile_images/518778211031719937/giWgXH1p_bigger.jpeg,r_stlv,https://twitter.com/r_stlv,
http://pbs.twimg.com/profile_images/522053865659588608/NhFgcQJP_bigger.jpeg,tedukuri_goods_,https://twitter.com/tedukuri_goods_,
http://pbs.twimg.com/profile_images/531456318683348993/tqTTLPCx_bigger.jpeg,gekikawa_disney,https://twitter.com/gekikawa_disney,
http://pbs.twimg.com/profile_images/527067109121986560/bBTmBq9n_bigger.jpeg,nakedgirlsix,https://twitter.com/nakedgirlsix,
http://pbs.twimg.com/profile_images/532168123789484032/EuS0xYyU_bigger.png,rakugaki_fun1,https://twitter.com/rakugaki_fun1,
http://pbs.twimg.com/profile_images/532299203293085696/BXvksAny_bigger.jpeg,ABreanna53294,https://twitter.com/ABreanna53294,
http://pbs.twimg.com/profile_images/534392478141390848/jPWgEE6L_bigger.jpeg,umelukadijiv,https://twitter.com/umelukadijiv,
http://pbs.twimg.com/profile_images/541736925208403968/NG-mlGP2_bigger.jpeg,Dillon181413,https://twitter.com/Dillon181413,
http://pbs.twimg.com/profile_images/519283563443666944/TY68YRkv_bigger.jpeg,yamadamaruja,https://twitter.com/yamadamaruja,
http://pbs.twimg.com/profile_images/540969761706741760/9oidmRxR_bigger.jpeg,Marty039291,https://twitter.com/Marty039291,
http://pbs.twimg.com/profile_images/539483524022038528/WQz-CpJC_bigger.jpeg,Blair553932,https://twitter.com/Blair553932,
http://pbs.twimg.com/profile_images/541600658038587393/lCshNErs_bigger.jpeg,Homer680991,https://twitter.com/Homer680991,
http://pbs.twimg.com/profile_images/524603845683318784/RJ60ss3B_bigger.jpeg,asobi_sugi,https://twitter.com/asobi_sugi,
http://pbs.twimg.com/profile_images/532392468990283777/nUbWafsD_bigger.jpeg,osyaresneaker,https://twitter.com/osyaresneaker,
http://pbs.twimg.com/profile_images/527492954957438976/32ZJdA4R_bigger.jpeg,akogare_D_spot,https://twitter.com/akogare_D_spot,
http://pbs.twimg.com/profile_images/532095677409398784/vW7ZLPDR_bigger.jpeg,densetu_soccer1,https://twitter.com/densetu_soccer1,
http://pbs.twimg.com/profile_images/541565541115105280/EBP6hluU_bigger.jpeg,markijiduwov,https://twitter.com/markijiduwov,
http://pbs.twimg.com/profile_images/532290356335751169/foj9g5hq_bigger.jpeg,Lanelle3131,https://twitter.com/Lanelle3131,
http://pbs.twimg.com/profile_images/526047930809991168/nnHMlt-9_bigger.jpeg,trend_nail_art,https://twitter.com/trend_nail_art,
http://pbs.twimg.com/profile_images/539479327587303425/c7qBLMlT_bigger.jpeg,Eleanore420652,https://twitter.com/Eleanore420652,
http://pbs.twimg.com/profile_images/532287418225786880/BnY_rLW8_bigger.jpeg,Lilliana93504A,https://twitter.com/Lilliana93504A,
http://pbs.twimg.com/profile_images/541567448277729280/P7yXLAmF_bigger.jpeg,Ocaikuubakani,https://twitter.com/Ocaikuubakani,
http://pbs.twimg.com/profile_images/539479445153669121/veqe_GbB_bigger.jpeg,AKaylee21840,https://twitter.com/AKaylee21840,
http://pbs.twimg.com/profile_images/540972735417966592/JNcin1GY_bigger.jpeg,gertrud703,https://twitter.com/gertrud703,
http://pbs.twimg.com/profile_images/540970293628391424/EtTNGxDM_bigger.jpeg,jasononenesor,https://twitter.com/jasononenesor,
http://pbs.twimg.com/profile_images/540967733051920385/50OPjK8F_bigger.jpeg,kandace831,https://twitter.com/kandace831,
http://pbs.twimg.com/profile_images/528564609750286337/MS3KGSCM_bigger.jpeg,fushigi_kagee,https://twitter.com/fushigi_kagee,
http://pbs.twimg.com/profile_images/536851694894583808/RANEy52i_bigger.png,toshi_den_setu,https://twitter.com/toshi_den_setu,
http://pbs.twimg.com/profile_images/1696592723/com.hatena.android.bookmark_bigger.png,RSS_hateb_Roy,https://twitter.com/RSS_hateb_Roy,
http://pbs.twimg.com/profile_images/541728356509564928/dpDMw-Qf_bigger.jpeg,eazgowuru,https://twitter.com/eazgowuru,
http://pbs.twimg.com/profile_images/539483280756584448/eoO_tcCB_bigger.jpeg,fallon000_a,https://twitter.com/fallon000_a,
http://pbs.twimg.com/profile_images/532552903941033984/cg1PApIN_bigger.jpeg,Apolonia183461,https://twitter.com/Apolonia183461,
http://pbs.twimg.com/profile_images/539478806851907585/i-QA6BBN_bigger.jpeg,Imelda6092,https://twitter.com/Imelda6092,
http://pbs.twimg.com/profile_images/540968962943512577/0lbgTZXf_bigger.jpeg,carahCla,https://twitter.com/carahCla,
http://pbs.twimg.com/profile_images/3631208138/236bd7da16eb3595017dee2a30f2dc91_bigger.jpeg,XMuyGeekX,https://twitter.com/XMuyGeekX,
http://pbs.twimg.com/profile_images/526015523599822848/Ev7PT2rZ_bigger.jpeg,cool_cosplay,https://twitter.com/cool_cosplay,
http://pbs.twimg.com/profile_images/528723442422407168/IcO721MC_bigger.jpeg,oshare_pierce,https://twitter.com/oshare_pierce,
http://pbs.twimg.com/profile_images/523351068596379649/knFQp7S4_bigger.jpeg,share_cocktail,https://twitter.com/share_cocktail,
http://pbs.twimg.com/profile_images/556040540824027137/jC-FrBT7_bigger.jpeg,carlosfpolanco,https://twitter.com/carlosfpolanco,
http://pbs.twimg.com/profile_images/532574878839222272/IFq9B4oh_bigger.jpeg,a_kirstin93475,https://twitter.com/a_kirstin93475,
http://pbs.twimg.com/profile_images/539478932030885888/HDoWrVG6_bigger.jpeg,Nelly897722,https://twitter.com/Nelly897722,
http://pbs.twimg.com/profile_images/482787778514546688/OPEL2cQ8_bigger.jpeg,iPhoneQuick1,https://twitter.com/iPhoneQuick1,
http://pbs.twimg.com/profile_images/532301623049977856/qti3Wy8d_bigger.jpeg,Gertude1221,https://twitter.com/Gertude1221,
http://pbs.twimg.com/profile_images/532295117873225728/ZxlaYqF9_bigger.jpeg,keitha070,https://twitter.com/keitha070,
http://pbs.twimg.com/profile_images/539482095400128512/APwcBtcz_bigger.jpeg,a_warner15746,https://twitter.com/a_warner15746,
http://pbs.twimg.com/profile_images/499989696454197248/jSzx1cjx_bigger.jpeg,dikidewanto,https://twitter.com/dikidewanto,
http://pbs.twimg.com/profile_images/532088082208530432/uglPu2ug_bigger.png,hiriajyu6,https://twitter.com/hiriajyu6,
http://pbs.twimg.com/profile_images/537532833242181632/pQR67ipc_bigger.jpeg,Deirdre698452,https://twitter.com/Deirdre698452,
http://pbs.twimg.com/profile_images/541599623849074689/stjvaPC__bigger.jpeg,ifakazDurw,https://twitter.com/ifakazDurw,
http://pbs.twimg.com/profile_images/554343519582961664/HyuDp11X_bigger.jpeg,MarieOcm,https://twitter.com/MarieOcm,
http://pbs.twimg.com/profile_images/541566954968842241/p9YGiCwC_bigger.jpeg,Eddie436863,https://twitter.com/Eddie436863,
http://pbs.twimg.com/profile_images/532299757863989248/gX7c1kLJ_bigger.jpeg,Arlene5243,https://twitter.com/Arlene5243,
http://pbs.twimg.com/profile_images/516215891445297152/lSZDG5Fm_bigger.png,gdswatcher,https://twitter.com/gdswatcher,
http://pbs.twimg.com/profile_images/552056993645887488/uq4nye7p_bigger.jpeg,Unchicotehabla,https://twitter.com/Unchicotehabla,
http://pbs.twimg.com/profile_images/549178078975365120/PF_IjXl__bigger.jpeg,inventlovesick,https://twitter.com/inventlovesick,
http://pbs.twimg.com/profile_images/539077682831826944/7fYOXEsL_bigger.jpeg,carlos_197919,https://twitter.com/carlos_197919,
http://pbs.twimg.com/profile_images/532379501057933312/9j7pQPjX_bigger.png,sunsf,https://twitter.com/sunsf,
http://pbs.twimg.com/profile_images/493129592060649472/Te5YHBLQ_bigger.jpeg,TdoyRTs,https://twitter.com/TdoyRTs,
http://pbs.twimg.com/profile_images/539481101052293120/4gShqjvX_bigger.jpeg,Haley5604,https://twitter.com/Haley5604,
http://pbs.twimg.com/profile_images/541157585366163456/YoGdVweQ_bigger.jpeg,a_suzanne446,https://twitter.com/a_suzanne446,
http://pbs.twimg.com/profile_images/532157744942301184/44RfRmNV_bigger.jpeg,hanpanai___,https://twitter.com/hanpanai___,
http://pbs.twimg.com/profile_images/533265873859903488/x_3nwvo2_bigger.png,mocos_1,https://twitter.com/mocos_1,
http://pbs.twimg.com/profile_images/532578648281198594/opOkzOPt_bigger.jpeg,Aleen2171,https://twitter.com/Aleen2171,
http://pbs.twimg.com/profile_images/519661796894855169/ykVhyM5b_bigger.jpeg,Danshi_Iroiro_J,https://twitter.com/Danshi_Iroiro_J,
http://pbs.twimg.com/profile_images/531830817937305602/spa8Spz1_bigger.jpeg,ivory736,https://twitter.com/ivory736,
http://pbs.twimg.com/profile_images/550648494180945920/Tn2ix_nm_bigger.jpeg,mizuho1999123,https://twitter.com/mizuho1999123,
http://pbs.twimg.com/profile_images/530065621380108288/lvq3VXg7_bigger.jpeg,pantsu_fefee,https://twitter.com/pantsu_fefee,
http://pbs.twimg.com/profile_images/526025408748064769/Y2214HT9_bigger.jpeg,kire_biyorecipe,https://twitter.com/kire_biyorecipe,
http://pbs.twimg.com/profile_images/531829812814311426/qgK1KSkJ_bigger.jpeg,Kyra849A,https://twitter.com/Kyra849A,
http://pbs.twimg.com/profile_images/501701909099843584/cCPuKoOa_bigger.jpeg,SoyMiniBlue,https://twitter.com/SoyMiniBlue,
http://pbs.twimg.com/profile_images/530048857896267776/OuPDoUqj_bigger.jpeg,pachi_nrar,https://twitter.com/pachi_nrar,
http://pbs.twimg.com/profile_images/541564908605698048/iHNFSKaN_bigger.jpeg,a_kasi565,https://twitter.com/a_kasi565,
http://pbs.twimg.com/profile_images/557378955875864578/KCHQD4VI_bigger.jpeg,freekamiapp,https://twitter.com/freekamiapp,
http://pbs.twimg.com/profile_images/1102509481/applitter_pro_bigger.png,applitter3,https://twitter.com/applitter3,
http://pbs.twimg.com/profile_images/541566468307951616/xjU4DdEP_bigger.jpeg,jamesebiqerob,https://twitter.com/jamesebiqerob,
http://pbs.twimg.com/profile_images/535652119773069312/5gkjAkUX_bigger.jpeg,ARena812,https://twitter.com/ARena812,
http://pbs.twimg.com/profile_images/532573199850930176/jKGWMojN_bigger.jpeg,Elvia9941,https://twitter.com/Elvia9941,
http://pbs.twimg.com/profile_images/541567235613929473/n2JUntBX_bigger.jpeg,ACrissy076,https://twitter.com/ACrissy076,
http://pbs.twimg.com/profile_images/531827724818464769/yshEVR_b_bigger.jpeg,John299591,https://twitter.com/John299591,
http://pbs.twimg.com/profile_images/541173837807636480/duF1TxlJ_bigger.jpeg,lowell49048,https://twitter.com/lowell49048,
http://pbs.twimg.com/profile_images/532291087553937408/6LVFIcSh_bigger.jpeg,AMarybeth64937,https://twitter.com/AMarybeth64937,
http://pbs.twimg.com/profile_images/534915348659568640/eOWAHLBE_bigger.jpeg,sansunotakashi_,https://twitter.com/sansunotakashi_,
http://pbs.twimg.com/profile_images/540969305223880704/9Dv7sRWP_bigger.jpeg,Allegra865473,https://twitter.com/Allegra865473,
http://pbs.twimg.com/profile_images/537283817422073857/hXH6C7E9_bigger.jpeg,Edie7591,https://twitter.com/Edie7591,
http://pbs.twimg.com/profile_images/487255849606610944/YLfb8VLw_bigger.png,eememriZowiy,https://twitter.com/eememriZowiy,
http://pbs.twimg.com/profile_images/542771182055854080/McHMhvI9_bigger.jpeg,ygyniha,https://twitter.com/ygyniha,
http://pbs.twimg.com/profile_images/542770720707592192/2oNUOZ8N_bigger.jpeg,Terese5323,https://twitter.com/Terese5323,
http://pbs.twimg.com/profile_images/548640046564118529/qPPG7IZE_bigger.jpeg,inevitablecreak,https://twitter.com/inevitablecreak,
http://pbs.twimg.com/profile_images/530053478953910273/AX6iwAlc_bigger.jpeg,kyukyu_pcgz,https://twitter.com/kyukyu_pcgz,
http://pbs.twimg.com/profile_images/556941218010365953/qmSQhGDu_bigger.jpeg,Egocentriuqe,https://twitter.com/Egocentriuqe,
http://pbs.twimg.com/profile_images/539629399545368576/sJ0xiU9__bigger.jpeg,morogetto,https://twitter.com/morogetto,
http://pbs.twimg.com/profile_images/541158241925742592/X-47TPAo_bigger.jpeg,Dottie669992,https://twitter.com/Dottie669992,
http://pbs.twimg.com/profile_images/540973265783508993/nmnKSnzG_bigger.jpeg,Nada647242,https://twitter.com/Nada647242,
http://pbs.twimg.com/profile_images/539484391815131136/0jNTrrh1_bigger.jpeg,marty486,https://twitter.com/marty486,
http://pbs.twimg.com/profile_images/539630716414218240/EfoVnhqg_bigger.jpeg,tronboyz,https://twitter.com/tronboyz,
http://pbs.twimg.com/profile_images/540971617908580352/UsjCFUdw_bigger.jpeg,George038602,https://twitter.com/George038602,
http://pbs.twimg.com/profile_images/531887615952162816/nGMj7f6N_bigger.jpeg,gustavo67095,https://twitter.com/gustavo67095,
http://pbs.twimg.com/profile_images/531994637666230273/KpKXoSsm_bigger.jpeg,Stacia5403,https://twitter.com/Stacia5403,
http://pbs.twimg.com/profile_images/541569356174352384/PhhRDNZs_bigger.jpeg,a_meridith82341,https://twitter.com/a_meridith82341,
http://pbs.twimg.com/profile_images/532012644589260801/Uja_IHh-_bigger.jpeg,norris43204,https://twitter.com/norris43204,
http://pbs.twimg.com/profile_images/531833858719637504/8cr314c__bigger.jpeg,ellena042,https://twitter.com/ellena042,
http://pbs.twimg.com/profile_images/541580153294307328/tw_BBaHe_bigger.jpeg,jamesuwuhigom,https://twitter.com/jamesuwuhigom,
http://pbs.twimg.com/profile_images/556922202051063808/uecC8cAR_bigger.jpeg,Cmptn_,https://twitter.com/Cmptn_,
http://pbs.twimg.com/profile_images/532554566764474368/-IZhU0qx_bigger.jpeg,Soon4571,https://twitter.com/Soon4571,
http://pbs.twimg.com/profile_images/540783718546169856/hZ8t7opC_bigger.jpeg,Carrol0082,https://twitter.com/Carrol0082,
http://pbs.twimg.com/profile_images/512053541326708736/pitGYNJd_bigger.jpeg,alisonbgr,https://twitter.com/alisonbgr,
http://pbs.twimg.com/profile_images/552363429810286592/yE2VbQix_bigger.png,akujunkan_b,https://twitter.com/akujunkan_b,
http://pbs.twimg.com/profile_images/532560762212859904/5j9mpbYO_bigger.jpeg,Ashely8182,https://twitter.com/Ashely8182,
http://pbs.twimg.com/profile_images/535624400129630208/bWqtz-ji_bigger.jpeg,Monica178393,https://twitter.com/Monica178393,
http://pbs.twimg.com/profile_images/537725712828882944/8rnBk1AQ_bigger.jpeg,ARoseanna36506,https://twitter.com/ARoseanna36506,
http://pbs.twimg.com/profile_images/543720580998893569/FedrunTt_bigger.jpeg,grilozyir,https://twitter.com/grilozyir,
http://pbs.twimg.com/profile_images/537726841750974464/nwvNVXMC_bigger.jpeg,joanna86854,https://twitter.com/joanna86854,
http://pbs.twimg.com/profile_images/2260283826/DSC02646_bigger.JPG,Humbertodiazf,https://twitter.com/Humbertodiazf,
http://pbs.twimg.com/profile_images/535573578633072640/8EpeDM_A_bigger.jpeg,ASona59558,https://twitter.com/ASona59558,
http://pbs.twimg.com/profile_images/530385146289987584/Yrb4bcwi_bigger.jpeg,magic_kami_make,https://twitter.com/magic_kami_make,
http://pbs.twimg.com/profile_images/459690904102531073/sydcxkes_bigger.jpeg,biebsbzzl,https://twitter.com/biebsbzzl,
http://pbs.twimg.com/profile_images/537115738897518592/owyNDnoO_bigger.jpeg,bsolutely_stay,https://twitter.com/bsolutely_stay,
http://pbs.twimg.com/profile_images/532450811083649024/7Qd8jviJ_bigger.jpeg,2ch_suretaiw_,https://twitter.com/2ch_suretaiw_,
http://pbs.twimg.com/profile_images/550498938185203712/-IVpRr1u_bigger.jpeg,salsabelaalfina,https://twitter.com/salsabelaalfina,
http://pbs.twimg.com/profile_images/557028021518233600/p2LIhvo4_bigger.jpeg,LaurenNathalie_,https://twitter.com/LaurenNathalie_,
http://pbs.twimg.com/profile_images/552956061045358593/5giueLGS_bigger.jpeg,MissZatul_Ikma,https://twitter.com/MissZatul_Ikma,
http://pbs.twimg.com/profile_images/540972046344146944/3GFFfWUt_bigger.jpeg,Vxigeoofelusu,https://twitter.com/Vxigeoofelusu,
http://pbs.twimg.com/profile_images/530391060925538304/5lExEFus_bigger.jpeg,zettai_meisaku,https://twitter.com/zettai_meisaku,
http://pbs.twimg.com/profile_images/532002870573293568/saQJcQJa_bigger.jpeg,Mercedes092961,https://twitter.com/Mercedes092961,
http://pbs.twimg.com/profile_images/539484520819335168/KDu_W5lH_bigger.jpeg,Molly80250A,https://twitter.com/Molly80250A,
http://pbs.twimg.com/profile_images/541566279128068096/ZvKahlTK_bigger.jpeg,iaiaeiabihefa,https://twitter.com/iaiaeiabihefa,
http://pbs.twimg.com/profile_images/532561400007122944/B3RA_EHJ_bigger.jpeg,Jeanette3362,https://twitter.com/Jeanette3362,
http://pbs.twimg.com/profile_images/541159091444260866/IzP-B9rP_bigger.jpeg,Nettie01877A,https://twitter.com/Nettie01877A,
http://pbs.twimg.com/profile_images/534908237254901760/gyE_acMi_bigger.jpeg,edwardegikofuq,https://twitter.com/edwardegikofuq,
http://pbs.twimg.com/profile_images/532448705207476226/0FnMnbyv_bigger.jpeg,bpea3fuuaw__18,https://twitter.com/bpea3fuuaw__18,
http://pbs.twimg.com/profile_images/541565661000916993/rwPTGF9L_bigger.jpeg,AAlexia49322,https://twitter.com/AAlexia49322,
http://pbs.twimg.com/profile_images/537113162206556160/1H24_T1a_bigger.png,Mystery_such,https://twitter.com/Mystery_such,
http://pbs.twimg.com/profile_images/505224643146305536/D4mJ_rz4_bigger.jpeg,SItakatsuki,https://twitter.com/SItakatsuki,
http://pbs.twimg.com/profile_images/532556931332702208/nJFY4UL4_bigger.jpeg,a_armanda19922,https://twitter.com/a_armanda19922,
http://pbs.twimg.com/profile_images/531999909675683840/8wyQHHxm_bigger.jpeg,Branden0791,https://twitter.com/Branden0791,
http://pbs.twimg.com/profile_images/534905162368688129/tGwv3lKd_bigger.jpeg,jeffotukupot,https://twitter.com/jeffotukupot,
http://pbs.twimg.com/profile_images/548849671871803392/sC1uEqmv_bigger.jpeg,naki_copy,https://twitter.com/naki_copy,
http://pbs.twimg.com/profile_images/556132562293489664/Bxlvg-lZ_bigger.jpeg,MariaIsabel1821,https://twitter.com/MariaIsabel1821,
http://pbs.twimg.com/profile_images/548378127877943296/N1JGPb7H_bigger.jpeg,hydelove1228,https://twitter.com/hydelove1228,
http://pbs.twimg.com/profile_images/1464683227/40717_1608204733952_1501204679_1514247_7979933_n_copia_bigger.jpg,Russian_top,https://twitter.com/Russian_top,
http://pbs.twimg.com/profile_images/540041184312193025/-bgAjquy_bigger.jpeg,Carlo234681,https://twitter.com/Carlo234681,
http://pbs.twimg.com/profile_images/550575088030851072/sx8TzCcK_bigger.jpeg,1023_1019,https://twitter.com/1023_1019,
http://pbs.twimg.com/profile_images/530071609621479424/iztAPwCK_bigger.jpeg,pantsu_loveve,https://twitter.com/pantsu_loveve,
http://pbs.twimg.com/profile_images/511392373159362560/-cL02b6G_bigger.jpeg,japanend0,https://twitter.com/japanend0,
http://pbs.twimg.com/profile_images/540813749397901313/RStVyN1J_bigger.jpeg,Reva434991,https://twitter.com/Reva434991,
http://pbs.twimg.com/profile_images/531992647838076928/V8Sr10MF_bigger.jpeg,a_jaimie430,https://twitter.com/a_jaimie430,
http://pbs.twimg.com/profile_images/556040953702522880/QDi1MfPG_bigger.jpeg,Chelsey_Baucom,https://twitter.com/Chelsey_Baucom,
http://pbs.twimg.com/profile_images/541566096315129856/WpK2KtY9_bigger.jpeg,kevinuvudecog,https://twitter.com/kevinuvudecog,
http://pbs.twimg.com/profile_images/552212751691423744/co1onGug_bigger.jpeg,B2IANR,https://twitter.com/B2IANR,
http://pbs.twimg.com/profile_images/537351123196071936/DYRAxdIU_bigger.png,cbcnewsen,https://twitter.com/cbcnewsen,
http://pbs.twimg.com/profile_images/532552248685895681/pscOw8zb_bigger.jpeg,Rolanda629363,https://twitter.com/Rolanda629363,
http://pbs.twimg.com/profile_images/511792718486315008/_RHij-w9_bigger.jpeg,marron55,https://twitter.com/marron55,
http://pbs.twimg.com/profile_images/478234507959480320/pawwMb6p_bigger.jpeg,mafia_cpbot,https://twitter.com/mafia_cpbot,
http://pbs.twimg.com/profile_images/534097611213389824/Ayly3OSi_bigger.jpeg,Rosalind0973,https://twitter.com/Rosalind0973,
http://pbs.twimg.com/profile_images/532324022600466432/n7gWsC_x_bigger.jpeg,rex28258,https://twitter.com/rex28258,
http://pbs.twimg.com/profile_images/537413546561138688/WOuNFl___bigger.jpeg,foxhanger,https://twitter.com/foxhanger,
http://pbs.twimg.com/profile_images/487277087884328960/PRMav2Ul_bigger.png,dreamgale3,https://twitter.com/dreamgale3,
http://pbs.twimg.com/profile_images/378800000845195265/28d4cd62ea3829cda5b127165201045b_bigger.jpeg,komaboo,https://twitter.com/komaboo,
http://pbs.twimg.com/profile_images/540973069334888448/XhumieO8_bigger.jpeg,ATeddy05798,https://twitter.com/ATeddy05798,
http://pbs.twimg.com/profile_images/513146377186983936/iRPLorUg_bigger.jpeg,kawaii_shibainu,https://twitter.com/kawaii_shibainu,
http://pbs.twimg.com/profile_images/506716456076054530/b6e5Yg_o_bigger.jpeg,moee_situation,https://twitter.com/moee_situation,
http://pbs.twimg.com/profile_images/541579670706077698/8e3ZInWE_bigger.jpeg,stevenaconicih,https://twitter.com/stevenaconicih,
http://pbs.twimg.com/profile_images/555585860079321088/dmqAEfl3_bigger.jpeg,ClabbieCheese,https://twitter.com/ClabbieCheese,
http://pbs.twimg.com/profile_images/550465972822233089/WCVwoWgD_bigger.jpeg,fnh74,https://twitter.com/fnh74,
http://pbs.twimg.com/profile_images/534578565765804032/q-BxcQvK_bigger.jpeg,suberanai_x,https://twitter.com/suberanai_x,
http://pbs.twimg.com/profile_images/549852583255216133/WlmeT4Ax_bigger.jpeg,na__ch__aa,https://twitter.com/na__ch__aa,
http://pbs.twimg.com/profile_images/555755681244934144/swDMn5tS_bigger.jpeg,JZX100_NA_MARK2,https://twitter.com/JZX100_NA_MARK2,
http://pbs.twimg.com/profile_images/556104267929358338/yfspk04G_bigger.jpeg,mixvoice48,https://twitter.com/mixvoice48,
http://pbs.twimg.com/profile_images/553491848590008320/AK7I4Ofo_bigger.jpeg,Pelon_gomez,https://twitter.com/Pelon_gomez,
http://pbs.twimg.com/profile_images/541566612164190208/ZhKVl9bK_bigger.jpeg,Iodzaeumitiqa,https://twitter.com/Iodzaeumitiqa,
http://pbs.twimg.com/profile_images/510238005798248449/Ae1IWHaE_bigger.jpeg,movie_www,https://twitter.com/movie_www,
http://pbs.twimg.com/profile_images/514582223782019072/L-pPUVPy_bigger.jpeg,yuru_dd,https://twitter.com/yuru_dd,
http://pbs.twimg.com/profile_images/532373714910736384/Eh_1Pczi_bigger.jpeg,JOJOnimanabu__,https://twitter.com/JOJOnimanabu__,
http://pbs.twimg.com/profile_images/457530367457513472/d8-2fII5_bigger.png,mitrank,https://twitter.com/mitrank,
http://pbs.twimg.com/profile_images/532148419263877122/j7U8Ma1h_bigger.jpeg,hibiku_hana,https://twitter.com/hibiku_hana,
http://pbs.twimg.com/profile_images/529897791925932032/WTvAlIAP_bigger.jpeg,rettousei_s,https://twitter.com/rettousei_s,
http://pbs.twimg.com/profile_images/540039612744232960/7iDX9fOb_bigger.jpeg,lourie62246,https://twitter.com/lourie62246,
http://pbs.twimg.com/profile_images/2222575611/311836760_bigger.gif,katsumatan22,https://twitter.com/katsumatan22,
http://pbs.twimg.com/profile_images/530750159697620992/JDI577V9_bigger.jpeg,uchu_gara,https://twitter.com/uchu_gara,
http://pbs.twimg.com/profile_images/528712926253707265/fvY_RET3_bigger.jpeg,saiko_oheya,https://twitter.com/saiko_oheya,
http://pbs.twimg.com/profile_images/2993885672/0343959ad483816229af42b3c45181c3_bigger.png,DTMpantsu,https://twitter.com/DTMpantsu,
http://pbs.twimg.com/profile_images/532171429370793985/nlg5z-0m_bigger.jpeg,geinou_neta7,https://twitter.com/geinou_neta7,
http://pbs.twimg.com/profile_images/550476044033994752/vyPl2vg9_bigger.jpeg,shingekiblue,https://twitter.com/shingekiblue,
http://pbs.twimg.com/profile_images/541568557645959168/yq_rMH-t_bigger.jpeg,eugenia73199,https://twitter.com/eugenia73199,
http://pbs.twimg.com/profile_images/541566793051934720/5TXooTt5_bigger.jpeg,imappgejacebe,https://twitter.com/imappgejacebe,
http://pbs.twimg.com/profile_images/532156105799913472/GHjRW7Zg_bigger.jpeg,Thehaikyo2,https://twitter.com/Thehaikyo2,
http://pbs.twimg.com/profile_images/539485242810052609/Ri414w7__bigger.jpeg,Serena6385,https://twitter.com/Serena6385,
http://pbs.twimg.com/profile_images/526749892752859136/5lpPDiv2_bigger.jpeg,miwaku_maggy,https://twitter.com/miwaku_maggy,
http://pbs.twimg.com/profile_images/541726007510568960/doxMQBes_bigger.jpeg,Shawanda674,https://twitter.com/Shawanda674,
http://pbs.twimg.com/profile_images/541569994115387393/ccAlGpl4_bigger.jpeg,ASage456,https://twitter.com/ASage456,
http://pbs.twimg.com/profile_images/545340597398016000/pRGA0vqu_bigger.jpeg,mouii50,https://twitter.com/mouii50,
http://pbs.twimg.com/profile_images/533260314528083969/AxLeU_Pi_bigger.jpeg,mosi_dora,https://twitter.com/mosi_dora,
http://pbs.twimg.com/profile_images/539774896859922433/XnfGXZ-l_bigger.jpeg,ddletyy99,https://twitter.com/ddletyy99,
http://pbs.twimg.com/profile_images/541569887236145154/W6jqKjuN_bigger.jpeg,AIsabella81427,https://twitter.com/AIsabella81427,
http://pbs.twimg.com/profile_images/556505474305363968/t2-2EF0u_bigger.jpeg,az_bn_182,https://twitter.com/az_bn_182,
http://pbs.twimg.com/profile_images/494371069512278017/iWE_fp3M_bigger.jpeg,final_black_ww,https://twitter.com/final_black_ww,
http://pbs.twimg.com/profile_images/527495166198702080/U8FPeZVc_bigger.jpeg,kaisin_fushiga,https://twitter.com/kaisin_fushiga,
http://pbs.twimg.com/profile_images/553700833792360451/QnNl9zvp_bigger.jpeg,DontsleepXIII,https://twitter.com/DontsleepXIII,
http://pbs.twimg.com/profile_images/532348394321100801/32F3r7qe_bigger.jpeg,hand_sign__,https://twitter.com/hand_sign__,
http://pbs.twimg.com/profile_images/541580819781787648/QEwbbw6C_bigger.jpeg,Mauro640513,https://twitter.com/Mauro640513,
http://pbs.twimg.com/profile_images/553263876691591169/6vZl5GH9_bigger.jpeg,Ab_bot__,https://twitter.com/Ab_bot__,
http://pbs.twimg.com/profile_images/529230665720422402/S3xSSpl9_bigger.jpeg,aa_natsukashii,https://twitter.com/aa_natsukashii,
http://pbs.twimg.com/profile_images/378800000543797823/7cc02532c727cd7f52a56e2c941f2ba8_bigger.jpeg,ThU_LoKiToHD,https://twitter.com/ThU_LoKiToHD,
http://pbs.twimg.com/profile_images/541569773021061121/t_6hg5qb_bigger.jpeg,Antonietta4593,https://twitter.com/Antonietta4593,
http://pbs.twimg.com/profile_images/460043717273858049/5TkZtAPL_bigger.png,mitarank,https://twitter.com/mitarank,
http://pbs.twimg.com/profile_images/501962018379665409/rdmpZLIP_bigger.jpeg,eitango_maiji,https://twitter.com/eitango_maiji,
http://pbs.twimg.com/profile_images/420887899060453376/hh8mvFe0_bigger.png,htbtr_tablet,https://twitter.com/htbtr_tablet,
http://pbs.twimg.com/profile_images/458588999917899776/2RXHqUhF_bigger.png,itmvideorank,https://twitter.com/itmvideorank,
http://pbs.twimg.com/profile_images/532204305617408002/FxgiARBG_bigger.jpeg,shiranai_houga,https://twitter.com/shiranai_houga,
http://pbs.twimg.com/profile_images/541567785822720000/OXe_p5-j_bigger.jpeg,danieluvinunow,https://twitter.com/danieluvinunow,
http://pbs.twimg.com/profile_images/539484781050732544/qKNdM4oI_bigger.jpeg,Parker5272,https://twitter.com/Parker5272,
http://pbs.twimg.com/profile_images/534391843971035136/ngXiZkzZ_bigger.jpeg,kaila53096,https://twitter.com/kaila53096,
http://pbs.twimg.com/profile_images/537535954651607040/eX4f8BTq_bigger.jpeg,vernice294,https://twitter.com/vernice294,
http://pbs.twimg.com/profile_images/2197219741/kakashi_bigger.jpg,mouchotto_de,https://twitter.com/mouchotto_de,
http://pbs.twimg.com/profile_images/541869559355957248/sIYmm5Up_bigger.jpeg,choi_ERO_,https://twitter.com/choi_ERO_,
http://pbs.twimg.com/profile_images/553588109007286272/IQ-A7i9A_bigger.jpeg,Libby221A,https://twitter.com/Libby221A,
http://pbs.twimg.com/profile_images/555753561712119808/DfDP7Lig_bigger.jpeg,loveeeee0227,https://twitter.com/loveeeee0227,
http://pbs.twimg.com/profile_images/491061109030264832/B6DmqnDk_bigger.png,fnyswan,https://twitter.com/fnyswan,
http://pbs.twimg.com/profile_images/553591028477751297/73dx9bLv_bigger.jpeg,Parker068061,https://twitter.com/Parker068061,
http://pbs.twimg.com/profile_images/543053667536891906/kYGTSprD_bigger.jpeg,HOME0112,https://twitter.com/HOME0112,
http://pbs.twimg.com/profile_images/519753140069883904/dAZ2Y63h_bigger.jpeg,hassouabc,https://twitter.com/hassouabc,
http://pbs.twimg.com/profile_images/532174894004322305/-qYU1GIj_bigger.png,tondemo_guiness,https://twitter.com/tondemo_guiness,
http://pbs.twimg.com/profile_images/531854373467348992/2NL891Ik_bigger.jpeg,koucha_meister,https://twitter.com/koucha_meister,
http://pbs.twimg.com/profile_images/533631199760367616/Ab5N6slS_bigger.jpeg,citrafitriany,https://twitter.com/citrafitriany,
http://pbs.twimg.com/profile_images/527527726304219138/93KWOK6Y_bigger.jpeg,gavininnes,https://twitter.com/gavininnes,
http://pbs.twimg.com/profile_images/548668761444974593/rwkSZad2_bigger.jpeg,MapachinSalvaje,https://twitter.com/MapachinSalvaje,
http://pbs.twimg.com/profile_images/541735451862659072/zuOyuh5v_bigger.jpeg,a_vanda769,https://twitter.com/a_vanda769,
http://pbs.twimg.com/profile_images/541580718057324545/c430E4XC_bigger.jpeg,Amy747562,https://twitter.com/Amy747562,
http://pbs.twimg.com/profile_images/524599634698584066/HhevWxo4_bigger.jpeg,Tsukiyama_pics,https://twitter.com/Tsukiyama_pics,
http://pbs.twimg.com/profile_images/521139620545695744/y-tpvyI2_bigger.jpeg,meigenspecial,https://twitter.com/meigenspecial,
http://pbs.twimg.com/profile_images/541565215494520833/XmKsKVZo_bigger.jpeg,Kaye8063,https://twitter.com/Kaye8063,
http://pbs.twimg.com/profile_images/539484184385839105/DAqGgwK4_bigger.jpeg,tommy35380,https://twitter.com/tommy35380,
http://pbs.twimg.com/profile_images/550976903394635776/Tn2QvcQR_bigger.jpeg,Mlopezmad,https://twitter.com/Mlopezmad,
http://pbs.twimg.com/profile_images/506310015553007616/247RPUBy_bigger.png,kami_apland,https://twitter.com/kami_apland,
http://pbs.twimg.com/profile_images/557105869477797889/nCQLqOAQ_bigger.jpeg,yumi89,https://twitter.com/yumi89,
http://pbs.twimg.com/profile_images/549890575554863104/xtnV134o_bigger.jpeg,jeanCAMelendez,https://twitter.com/jeanCAMelendez,
http://pbs.twimg.com/profile_images/541735931552600064/nnBMJ0Xv_bigger.png,Johnathon28240A,https://twitter.com/Johnathon28240A,
http://pbs.twimg.com/profile_images/548120119080017921/pEgyDOc2_bigger.jpeg,anthonyudinaset,https://twitter.com/anthonyudinaset,
http://pbs.twimg.com/profile_images/531032431696961537/7Ij15ybN_bigger.jpeg,sugo_lego,https://twitter.com/sugo_lego,
http://pbs.twimg.com/profile_images/522618671743520768/rTeTqKYA_bigger.jpeg,aimasukidesu,https://twitter.com/aimasukidesu,
http://pbs.twimg.com/profile_images/537534565263241216/tKzrcYDh_bigger.jpeg,ojesocomitiz,https://twitter.com/ojesocomitiz,
http://pbs.twimg.com/profile_images/553197302488113153/hDKOSZIh_bigger.jpeg,ayana120610,https://twitter.com/ayana120610,
http://pbs.twimg.com/profile_images/457913928077418497/cMsGuur4_bigger.png,itpcastrank,https://twitter.com/itpcastrank,
http://pbs.twimg.com/profile_images/541564357969063937/hDJoTyEe_bigger.jpeg,stevenebevegiy,https://twitter.com/stevenebevegiy,
http://pbs.twimg.com/profile_images/556174438514053120/nxzzyJwg_bigger.jpeg,felywaruhiu,https://twitter.com/felywaruhiu,
http://pbs.twimg.com/profile_images/539481556780204032/i1YpvYUq_bigger.jpeg,Eqxgieoboyivo,https://twitter.com/Eqxgieoboyivo,
http://pbs.twimg.com/profile_images/458585855347548160/ObJZcdjc_bigger.png,iturank,https://twitter.com/iturank,
http://pbs.twimg.com/profile_images/528178886559805440/jnso4ch9_bigger.png,poke_3Z,https://twitter.com/poke_3Z,
http://pbs.twimg.com/profile_images/539485977161388032/Aoy9XFri_bigger.jpeg,foehzquhunufi,https://twitter.com/foehzquhunufi,
http://pbs.twimg.com/profile_images/556799476094869504/N8V6v4u5_bigger.jpeg,Hanashaon,https://twitter.com/Hanashaon,
http://pbs.twimg.com/profile_images/531849946568224768/ZiodyfeE_bigger.jpeg,Iam_Hermione,https://twitter.com/Iam_Hermione,
http://pbs.twimg.com/profile_images/553199466719633408/nWx6DeB3_bigger.jpeg,thai_yaki,https://twitter.com/thai_yaki,
http://pbs.twimg.com/profile_images/1559489096/image_bigger.jpg,zunigart,https://twitter.com/zunigart,
http://pbs.twimg.com/profile_images/555030048424873984/30dPLxTn_bigger.jpeg,unlockable2,https://twitter.com/unlockable2,
http://pbs.twimg.com/profile_images/541736258125312000/QXAsUoeu_bigger.jpeg,Renate3723,https://twitter.com/Renate3723,
http://pbs.twimg.com/profile_images/550901914242531328/Qq4OWTLw_bigger.jpeg,narutouzuman,https://twitter.com/narutouzuman,
http://pbs.twimg.com/profile_images/551298227513729025/HDbT7JEX_bigger.jpeg,hideyukiy0626,https://twitter.com/hideyukiy0626,
http://pbs.twimg.com/profile_images/539482343249948672/Aeg7-cWq_bigger.jpeg,a_renata82850,https://twitter.com/a_renata82850,
http://pbs.twimg.com/profile_images/534394549943013376/OHmYY-c0_bigger.png,Tamra366433,https://twitter.com/Tamra366433,
http://pbs.twimg.com/profile_images/510254984844177409/300Mu3KC_bigger.jpeg,nomsan_meigen,https://twitter.com/nomsan_meigen,
http://pbs.twimg.com/profile_images/540967942611943424/pDD_VbaW_bigger.jpeg,danielepasetix,https://twitter.com/danielepasetix,
http://pbs.twimg.com/profile_images/538204787464884224/4Y6aMWzV_bigger.jpeg,Shinrei_Spot_,https://twitter.com/Shinrei_Spot_,
http://pbs.twimg.com/profile_images/534388265898373121/hEE7PXgk_bigger.png,bennie15252,https://twitter.com/bennie15252,
http://pbs.twimg.com/profile_images/532525849413558274/BduVku-s_bigger.jpeg,TokyoGirlGurume,https://twitter.com/TokyoGirlGurume,
http://pbs.twimg.com/profile_images/552218630490824704/489stp6b_bigger.jpeg,Isobel0361,https://twitter.com/Isobel0361,
http://pbs.twimg.com/profile_images/553949358354219010/3iBmGRia_bigger.jpeg,you4yoko5,https://twitter.com/you4yoko5,
http://pbs.twimg.com/profile_images/554564865436553216/cCaDLkYE_bigger.jpeg,shu140216,https://twitter.com/shu140216,
http://pbs.twimg.com/profile_images/541568443703508992/dAJEhD7T_bigger.jpeg,a_victoria05116,https://twitter.com/a_victoria05116,
http://pbs.twimg.com/profile_images/542413985027330048/Zzq_HVOr_bigger.jpeg,ASamual482,https://twitter.com/ASamual482,
http://pbs.twimg.com/profile_images/510237606676684801/DfJFLDyq_bigger.jpeg,OnePieceMG,https://twitter.com/OnePieceMG,
http://pbs.twimg.com/profile_images/2268978802/k0i48lclf7fcjnfbpxdk_bigger.jpeg,Microhardpc,https://twitter.com/Microhardpc,
http://pbs.twimg.com/profile_images/541727641527525376/ZU07BesB_bigger.jpeg,Lavenia304,https://twitter.com/Lavenia304,
http://pbs.twimg.com/profile_images/504582332377206784/LpHkQWwC_bigger.jpeg,VittaRegina,https://twitter.com/VittaRegina,
http://pbs.twimg.com/profile_images/541567917477748737/y9ibFumM_bigger.jpeg,Jacqulyn70747A,https://twitter.com/Jacqulyn70747A,
http://pbs.twimg.com/profile_images/553591168169037824/zPMBekEE_bigger.jpeg,AIdalia439,https://twitter.com/AIdalia439,
http://pbs.twimg.com/profile_images/530915285201850368/z_5SwNHJ_bigger.jpeg,Iloveyoutwd,https://twitter.com/Iloveyoutwd,
http://pbs.twimg.com/profile_images/541568099183382529/2gZnc-Wx_bigger.jpeg,fuqacDane,https://twitter.com/fuqacDane,
http://pbs.twimg.com/profile_images/493658550078431232/Za6aqRhb_bigger.png,a_app_topics,https://twitter.com/a_app_topics,
http://pbs.twimg.com/profile_images/542770971568914432/EY79N3wF_bigger.jpeg,gedicAshw,https://twitter.com/gedicAshw,
http://pbs.twimg.com/profile_images/477861836050927616/Du-piQ-X_bigger.jpeg,MaylianaPops,https://twitter.com/MaylianaPops,
http://pbs.twimg.com/profile_images/549512000624029697/EziYWwVz_bigger.png,ReVLx,https://twitter.com/ReVLx,
http://pbs.twimg.com/profile_images/542770853868367873/SWtBoz0N_bigger.jpeg,hazel60563,https://twitter.com/hazel60563,
http://pbs.twimg.com/profile_images/510322179653652480/Afbr4xW-_bigger.jpeg,Sportplayer_MG,https://twitter.com/Sportplayer_MG,
http://pbs.twimg.com/profile_images/541570766081241088/QnG5b_Al_bigger.jpeg,Julieta849661,https://twitter.com/Julieta849661,
http://pbs.twimg.com/profile_images/425862405076172800/0il2RsVx_bigger.jpeg,funfun_news,https://twitter.com/funfun_news,
http://pbs.twimg.com/profile_images/522284229984788480/jytz2ltJ_bigger.jpeg,triana200589,https://twitter.com/triana200589,
http://pbs.twimg.com/profile_images/457558100849868800/Ea0SNkf6_bigger.png,itmovierank,https://twitter.com/itmovierank,
http://pbs.twimg.com/profile_images/553849703909978112/t_hwmnfn_bigger.jpeg,kzm0211,https://twitter.com/kzm0211,
http://pbs.twimg.com/profile_images/539485592329809921/OQEMV8XA_bigger.jpeg,Scottie13482A,https://twitter.com/Scottie13482A,
http://pbs.twimg.com/profile_images/550546287095869441/4uqEVnKX_bigger.jpeg,onepiecewo,https://twitter.com/onepiecewo,
http://pbs.twimg.com/profile_images/551537186458189824/xa8ctT2s_bigger.jpeg,conansukidesu,https://twitter.com/conansukidesu,
http://pbs.twimg.com/profile_images/540968287035613184/xT_nzdgJ_bigger.jpeg,elieeuonutexe,https://twitter.com/elieeuonutexe,
http://pbs.twimg.com/profile_images/539480336971755520/m8Jw4Rr7_bigger.jpeg,kevinaxoyoxar,https://twitter.com/kevinaxoyoxar,
http://pbs.twimg.com/profile_images/534382111981961216/2h10MS62_bigger.jpeg,Jermaine876893,https://twitter.com/Jermaine876893,
http://pbs.twimg.com/profile_images/534389316290482176/etmudLtW_bigger.png,Lisa807513,https://twitter.com/Lisa807513,
http://pbs.twimg.com/profile_images/470513897477128193/T1bDTh6V_bigger.jpeg,uratan54,https://twitter.com/uratan54,
http://pbs.twimg.com/profile_images/534387012636135424/kp-J4brJ_bigger.png,Autumn562503,https://twitter.com/Autumn562503,
http://pbs.twimg.com/profile_images/539180874865324032/WITfIGQe_bigger.jpeg,Emily_cutenes,https://twitter.com/Emily_cutenes,
http://pbs.twimg.com/profile_images/539478575070445569/hFoMEzKK_bigger.jpeg,jeanene421,https://twitter.com/jeanene421,
http://pbs.twimg.com/profile_images/541570891851649024/VwyBcwnl_bigger.jpeg,Nedra411511,https://twitter.com/Nedra411511,
http://pbs.twimg.com/profile_images/519077368166494208/aYqoYHvX_bigger.png,PostcodeGU,https://twitter.com/PostcodeGU,
http://pbs.twimg.com/profile_images/553589625239777280/4taj8U2R_bigger.jpeg,Mila631153,https://twitter.com/Mila631153,
http://pbs.twimg.com/profile_images/2222438723/_1337127902.50539_740_bigger.png,husekimihi,https://twitter.com/husekimihi,
http://pbs.twimg.com/profile_images/544791206736056320/rN_0lhtr_bigger.jpeg,jayvasqueeze,https://twitter.com/jayvasqueeze,
http://pbs.twimg.com/profile_images/553588891471458305/vDpJodtj_bigger.jpeg,Alexis074042,https://twitter.com/Alexis074042,
http://pbs.twimg.com/profile_images/547186844744433664/c5qyvNgp_bigger.jpeg,kerenzatan_,https://twitter.com/kerenzatan_,
http://pbs.twimg.com/profile_images/550487099720220673/cJJdMi1z_bigger.jpeg,evakakusei,https://twitter.com/evakakusei,
http://pbs.twimg.com/profile_images/535099343099809792/juZ6U3kr_bigger.jpeg,HomemadeAmateu,https://twitter.com/HomemadeAmateu,
http://pbs.twimg.com/profile_images/541571127156289537/YTDkQGlj_bigger.jpeg,Aeayeiaqarome,https://twitter.com/Aeayeiaqarome,
http://pbs.twimg.com/profile_images/538252587565203456/9d1RUrX9_bigger.jpeg,runa_Kn,https://twitter.com/runa_Kn,
http://pbs.twimg.com/profile_images/540972473206845440/U7Mj9_HY_bigger.jpeg,Kay487011,https://twitter.com/Kay487011,
http://pbs.twimg.com/profile_images/550430223657754624/YhmzerCl_bigger.jpeg,vendye_NS,https://twitter.com/vendye_NS,
http://pbs.twimg.com/profile_images/554636111796899840/WbkCxrpS_bigger.jpeg,ephy_sakaguchi,https://twitter.com/ephy_sakaguchi,
http://pbs.twimg.com/profile_images/550790484814090240/BAIyavV5_bigger.jpeg,youkaisuki,https://twitter.com/youkaisuki,
http://pbs.twimg.com/profile_images/544596451813117952/8MAkm9Rb_bigger.jpeg,Barny74,https://twitter.com/Barny74,
http://pbs.twimg.com/profile_images/539485119136804864/wnEPNi8l_bigger.jpeg,Laurence5452,https://twitter.com/Laurence5452,
http://pbs.twimg.com/profile_images/538737537468997632/4-fGMYBL_bigger.jpeg,Exmleoaveparo,https://twitter.com/Exmleoaveparo,
http://pbs.twimg.com/profile_images/378800000859041734/7wtVCBvY_bigger.jpeg,J0rdiGuerrer0,https://twitter.com/J0rdiGuerrer0,
http://pbs.twimg.com/profile_images/537982032735764480/5i-o4aqd_bigger.jpeg,rioanggadiop,https://twitter.com/rioanggadiop,
http://pbs.twimg.com/profile_images/534388457099915264/vxd1lmvk_bigger.png,Kenny058242,https://twitter.com/Kenny058242,
http://pbs.twimg.com/profile_images/525886205099917312/KbkTbyOU_bigger.jpeg,iyashi_joshi,https://twitter.com/iyashi_joshi,
http://pbs.twimg.com/profile_images/550297338200465410/7eXLA6JB_bigger.jpeg,y_rinavoice1230,https://twitter.com/y_rinavoice1230,
http://pbs.twimg.com/profile_images/540972347130265601/MD_9HACS_bigger.jpeg,Vikki26972A,https://twitter.com/Vikki26972A,
http://pbs.twimg.com/profile_images/538728569413713921/nXSTh5B6_bigger.jpeg,enBlCgq31h1v8d,https://twitter.com/enBlCgq31h1v8d,
http://pbs.twimg.com/profile_images/541727453572390912/cwYufgTF_bigger.jpeg,Risaaxehisi,https://twitter.com/Risaaxehisi,
http://pbs.twimg.com/profile_images/534389699507277824/QS6vanEt_bigger.jpeg,Gil933401,https://twitter.com/Gil933401,
http://pbs.twimg.com/profile_images/486159162565722112/KSNvfmaY_bigger.jpeg,Danher1878,https://twitter.com/Danher1878,
http://pbs.twimg.com/profile_images/537690521964007424/G0ftrRBB_bigger.png,LifeHacksTV,https://twitter.com/LifeHacksTV,
http://pbs.twimg.com/profile_images/537215414963425280/bQ8gLA8c_bigger.jpeg,erinarahma11,https://twitter.com/erinarahma11,
http://pbs.twimg.com/profile_images/534385693976297472/zjjkfF9p_bigger.png,a_leone054,https://twitter.com/a_leone054,
http://pbs.twimg.com/profile_images/1357798596/CA3A0127________bigger.JPG,kouenji_tomioka,https://twitter.com/kouenji_tomioka,
http://pbs.twimg.com/profile_images/556763619237449731/0LUoCzCh_bigger.jpeg,mikenesmike,https://twitter.com/mikenesmike,
http://pbs.twimg.com/profile_images/549823948347555840/QXJvAo8L_bigger.jpeg,JK_Da__isuki,https://twitter.com/JK_Da__isuki,
http://pbs.twimg.com/profile_images/378800000372711614/f2b34191842a5a30e135e96f2e4f5b97_bigger.jpeg,amamiya252528,https://twitter.com/amamiya252528,
http://pbs.twimg.com/profile_images/424602312934301696/DRD-x_sM_bigger.png,yappynoppyy,https://twitter.com/yappynoppyy,
http://pbs.twimg.com/profile_images/553591941758058496/0phlZmdY_bigger.jpeg,Carolee180A,https://twitter.com/Carolee180A,
http://pbs.twimg.com/profile_images/541570635365761024/u01eXQwt_bigger.jpeg,Pilar394203,https://twitter.com/Pilar394203,
http://pbs.twimg.com/profile_images/550881978619150336/3xgcQbe9_bigger.jpeg,nyank0m0de,https://twitter.com/nyank0m0de,
http://pbs.twimg.com/profile_images/520102619734212608/S1h6QGbO_bigger.jpeg,07251004a,https://twitter.com/07251004a,
http://pbs.twimg.com/profile_images/1743188345/a_3d249aa9_bigger.jpg,Kukunyaha,https://twitter.com/Kukunyaha,
http://pbs.twimg.com/profile_images/540969648527663104/gfLk--_E_bigger.jpeg,Eagwguenigego,https://twitter.com/Eagwguenigego,
http://pbs.twimg.com/profile_images/541565337712353282/SzkJITDt_bigger.jpeg,AMaude04490,https://twitter.com/AMaude04490,
http://pbs.twimg.com/profile_images/524099631261564929/VwTXxFL8_bigger.jpeg,cerocoma_,https://twitter.com/cerocoma_,
http://pbs.twimg.com/profile_images/553591451179696128/wqkgoX4c_bigger.jpeg,Mayme830A,https://twitter.com/Mayme830A,
http://pbs.twimg.com/profile_images/495846839984599041/FssGXtUL_bigger.jpeg,s_petikov,https://twitter.com/s_petikov,
http://pbs.twimg.com/profile_images/530879647261933568/2TKZRNd5_bigger.jpeg,SoyNicoOrtega,https://twitter.com/SoyNicoOrtega,
http://pbs.twimg.com/profile_images/493879640725798912/4ukwLlKl_bigger.jpeg,MaxGomezboy,https://twitter.com/MaxGomezboy,
http://pbs.twimg.com/profile_images/542421810776522752/B6WdYNfE_bigger.jpeg,Carmelo652712,https://twitter.com/Carmelo652712,
http://pbs.twimg.com/profile_images/553587377042501632/CWTQYB_i_bigger.jpeg,ALiza47857,https://twitter.com/ALiza47857,
http://pbs.twimg.com/profile_images/539482882859737088/piMcS4rH_bigger.jpeg,Dell8162,https://twitter.com/Dell8162,
http://pbs.twimg.com/profile_images/378800000563430264/63cddcdbf49fc3b634fcde0128018114_bigger.png,mOdditymObile,https://twitter.com/mOdditymObile,
http://pbs.twimg.com/profile_images/428953564615278593/ekeqIzYU_bigger.jpeg,inigogimon,https://twitter.com/inigogimon,
http://pbs.twimg.com/profile_images/3780281453/a3e9565d87722829f5b995091c7a2dc5_bigger.jpeg,tomgilfoyle2010,https://twitter.com/tomgilfoyle2010,
http://pbs.twimg.com/profile_images/497880243705638912/njXtYfpe_bigger.jpeg,cosodelabateria,https://twitter.com/cosodelabateria,
http://pbs.twimg.com/profile_images/541567092743348225/0uSWQp08_bigger.jpeg,Rupert414A,https://twitter.com/Rupert414A,
http://pbs.twimg.com/profile_images/553590321745887232/lgVENA4l_bigger.jpeg,nancie55632,https://twitter.com/nancie55632,
http://pbs.twimg.com/profile_images/540967577573261312/yUfaE2vb_bigger.jpeg,Latanya48597A,https://twitter.com/Latanya48597A,
http://pbs.twimg.com/profile_images/476007642750398464/7mtgymHz_bigger.jpeg,kuretokurei1,https://twitter.com/kuretokurei1,
http://pbs.twimg.com/profile_images/551734219144052736/bJ6g1dM__bigger.jpeg,pipiko4564,https://twitter.com/pipiko4564,
http://pbs.twimg.com/profile_images/557239646803853312/4z5qeH6__bigger.jpeg,todo_ria,https://twitter.com/todo_ria,
http://abs.twimg.com/sticky/default_profile_images/default_profile_5_bigger.png,PeneJodido,https://twitter.com/PeneJodido,
http://pbs.twimg.com/profile_images/553592109257588738/Sc88CNSg_bigger.jpeg,FOtO3iQUEskDaXm,https://twitter.com/FOtO3iQUEskDaXm,
http://pbs.twimg.com/profile_images/541580954905497600/mNcVnadY_bigger.jpeg,Deann4971,https://twitter.com/Deann4971,
http://pbs.twimg.com/profile_images/541569641609302017/2c2vooWo_bigger.jpeg,npQPzMWTSWen,https://twitter.com/npQPzMWTSWen,
http://pbs.twimg.com/profile_images/553210709371539457/Ho8nECbg_bigger.jpeg,natusa_231,https://twitter.com/natusa_231,
http://pbs.twimg.com/profile_images/539823685402513408/3IfYfXsF_bigger.jpeg,brayanrobles000,https://twitter.com/brayanrobles000,
http://pbs.twimg.com/profile_images/552480685982613504/mpteKXBa_bigger.jpeg,Rao1_,https://twitter.com/Rao1_,
http://pbs.twimg.com/profile_images/539484971568611328/ymUsyYuF_bigger.jpeg,anthonyifuyinug,https://twitter.com/anthonyifuyinug,
http://abs.twimg.com/sticky/default_profile_images/default_profile_1_bigger.png,ninoamnoslove,https://twitter.com/ninoamnoslove,
http://pbs.twimg.com/profile_images/378800000672373601/422eddf72725729dc874bb3fdbc258e1_bigger.png,iPhone_tutiura,https://twitter.com/iPhone_tutiura,
http://pbs.twimg.com/profile_images/409306285/Picture0008_bigger.jpg,boykob,https://twitter.com/boykob,
http://pbs.twimg.com/profile_images/541569096223977472/X19TTonD_bigger.jpeg,omosuvW,https://twitter.com/omosuvW,
http://pbs.twimg.com/profile_images/556455985477218304/SRctdbd-_bigger.jpeg,carlos_sampang,https://twitter.com/carlos_sampang,
http://pbs.twimg.com/profile_images/539479645712691200/kFZM7wjQ_bigger.jpeg,markohayiwaq,https://twitter.com/markohayiwaq,
http://pbs.twimg.com/profile_images/487907034151407616/VzQychh8_bigger.png,steff562,https://twitter.com/steff562,
http://pbs.twimg.com/profile_images/556391811543863298/5dU_xbIY_bigger.jpeg,wqhdk,https://twitter.com/wqhdk,
http://pbs.twimg.com/profile_images/519472554327945216/jlA9TvtD_bigger.jpeg,BilgeBilgezehra,https://twitter.com/BilgeBilgezehra,
http://pbs.twimg.com/profile_images/378800000476228612/e60ac4ad8478d57dfca4a5b7693091ef_bigger.png,biccystand,https://twitter.com/biccystand,
http://pbs.twimg.com/profile_images/553591585200295938/3YBA9ctR_bigger.jpeg,IizCkfWu2frrjS,https://twitter.com/IizCkfWu2frrjS,
http://pbs.twimg.com/profile_images/1608933414/minimanzana_bigger.gif,compramanzanas,https://twitter.com/compramanzanas,
http://pbs.twimg.com/profile_images/1456939762/minkuru_sepia_bigger.png,xtetsuji_,https://twitter.com/xtetsuji_,
http://pbs.twimg.com/profile_images/553852069514190848/2NSJTwG4_bigger.jpeg,h0725_orz,https://twitter.com/h0725_orz,
http://pbs.twimg.com/profile_images/2198981042/zGBm0G85_bigger,answerhip,https://twitter.com/answerhip,
http://pbs.twimg.com/profile_images/540511915236020225/SnHQzkWb_bigger.jpeg,rry_oO,https://twitter.com/rry_oO,
http://pbs.twimg.com/profile_images/378800000155914059/40c0b9068f0298e647b0eed3fbd81beb_bigger.jpeg,NiallWhite97,https://twitter.com/NiallWhite97,
http://abs.twimg.com/sticky/default_profile_images/default_profile_2_bigger.png,cuentatooltwit,https://twitter.com/cuentatooltwit,
http://pbs.twimg.com/profile_images/555731869455486977/by803gP9_bigger.jpeg,FiqFiq77,https://twitter.com/FiqFiq77,
http://pbs.twimg.com/profile_images/553588633442086912/eLTvdtSk_bigger.jpeg,Jenee815132,https://twitter.com/Jenee815132,
http://pbs.twimg.com/profile_images/553864001939972096/VzhE0kGp_bigger.jpeg,moki__te,https://twitter.com/moki__te,
http://pbs.twimg.com/profile_images/543035989715722242/qDAbfxCy_bigger.jpeg,ChippiSingapore,https://twitter.com/ChippiSingapore,
http://pbs.twimg.com/profile_images/533260590416818176/rNZ5OXLU_bigger.jpeg,miyusuke_,https://twitter.com/miyusuke_,
http://pbs.twimg.com/profile_images/217667132/Olhos_da_Elo___0__bigger.JPG,EloaRibeiro,https://twitter.com/EloaRibeiro,
http://pbs.twimg.com/profile_images/413086298350448640/dOUM9j9U_bigger.jpeg,GastonReyes95,https://twitter.com/GastonReyes95,
http://pbs.twimg.com/profile_images/541072557911199745/mZSiNJC4_bigger.jpeg,ipgtueyx,https://twitter.com/ipgtueyx,
http://pbs.twimg.com/profile_images/553588759183097857/FqRw9RxL_bigger.jpeg,ALady60058,https://twitter.com/ALady60058,
http://pbs.twimg.com/profile_images/553587957064404992/s4A8iDa9_bigger.jpeg,Elmo803072,https://twitter.com/Elmo803072,
http://pbs.twimg.com/profile_images/542609143790452736/sRotipoX_bigger.jpeg,TheNorthernCrow,https://twitter.com/TheNorthernCrow,
http://pbs.twimg.com/profile_images/538253996322856961/KbgLgAjk_bigger.jpeg,kou0712_kou,https://twitter.com/kou0712_kou,
http://pbs.twimg.com/profile_images/476877887593644032/0lztuV3Q_bigger.jpeg,nantonaku17,https://twitter.com/nantonaku17,
http://pbs.twimg.com/profile_images/556162095436148736/kkqDUEYS_bigger.jpeg,rivengi_amanda,https://twitter.com/rivengi_amanda,
http://pbs.twimg.com/profile_images/557149898810728450/09ZT_hTZ_bigger.jpeg,CasMimmam,https://twitter.com/CasMimmam,
http://pbs.twimg.com/profile_images/553197024716140544/VOOlZALn_bigger.jpeg,yorlinsolano,https://twitter.com/yorlinsolano,
http://pbs.twimg.com/profile_images/543006744360669187/Sc7mP_2q_bigger.jpeg,shii_kun5,https://twitter.com/shii_kun5,
http://pbs.twimg.com/profile_images/441116376824963072/reZbgNH4_bigger.jpeg,PBiharilal,https://twitter.com/PBiharilal,
http://pbs.twimg.com/profile_images/106288242/l_ac0d83d8a1b78fddd345a79b38b5b86f_bigger.jpg,masteroggi,https://twitter.com/masteroggi,
http://pbs.twimg.com/profile_images/537882183231209472/5B2mIUYi_bigger.jpeg,unite_lin_olin,https://twitter.com/unite_lin_olin,
http://pbs.twimg.com/profile_images/542770450309189632/qkz0-kNc_bigger.jpeg,taolgukole,https://twitter.com/taolgukole,
http://pbs.twimg.com/profile_images/556422564558303232/DmViI5s4_bigger.jpeg,fukujinduke0201,https://twitter.com/fukujinduke0201,
http://pbs.twimg.com/profile_images/532316142950301696/rpGpMw6i_bigger.jpeg,hmsolutions_mx,https://twitter.com/hmsolutions_mx,
http://pbs.twimg.com/profile_images/502046873533022208/F0JrUbD1_bigger.jpeg,Taktaiev,https://twitter.com/Taktaiev,
http://pbs.twimg.com/profile_images/553591330987712513/Ho395HcU_bigger.jpeg,Hayden5071,https://twitter.com/Hayden5071,
http://pbs.twimg.com/profile_images/436360941001650176/4_GUEMEu_bigger.jpeg,tamago_chan6,https://twitter.com/tamago_chan6,
http://pbs.twimg.com/profile_images/463834286747967488/JnUKrw6z_bigger.jpeg,dannyfetwi,https://twitter.com/dannyfetwi,
http://pbs.twimg.com/profile_images/378800000108837526/938df91f2cbfa5a60411304e31c878d9_bigger.jpeg,matnis,https://twitter.com/matnis,
http://pbs.twimg.com/profile_images/556003710803791872/Uax73MHI_bigger.png,info_apj,https://twitter.com/info_apj,
http://abs.twimg.com/sticky/default_profile_images/default_profile_2_bigger.png,cre_0201,https://twitter.com/cre_0201,
http://pbs.twimg.com/profile_images/535137785141686273/BLRKosAc_bigger.jpeg,hevidatamac,https://twitter.com/hevidatamac,
http://abs.twimg.com/sticky/default_profile_images/default_profile_4_bigger.png,SkaKyle,https://twitter.com/SkaKyle,
http://pbs.twimg.com/profile_images/526185842964840448/0F1HJ51r_bigger.png,rcfaudio,https://twitter.com/rcfaudio,
http://pbs.twimg.com/profile_images/526496874581065728/49Qx-G78_bigger.png,marielenvg,https://twitter.com/marielenvg,
