http://pbs.twimg.com/profile_images/438551055039610880/rByEZjV7_bigger.jpeg,BollywoodH,https://twitter.com/BollywoodH,
http://pbs.twimg.com/profile_images/517020984516161536/ZUxE0BU-_bigger.png,woodstimes,https://twitter.com/woodstimes,
http://pbs.twimg.com/profile_images/505223639038300160/LYkKPbAV_bigger.jpeg,MaheshBabu_FC,https://twitter.com/MaheshBabu_FC,
http://pbs.twimg.com/profile_images/555809315173306368/i05nkHQa_bigger.jpeg,POETICandFUNNY,https://twitter.com/POETICandFUNNY,
http://pbs.twimg.com/profile_images/537940533121789953/17pmOLsS_bigger.jpeg,Keisar_,https://twitter.com/Keisar_,
http://pbs.twimg.com/profile_images/501337363482554369/4xMnerN0_bigger.jpeg,filmibeat,https://twitter.com/filmibeat,
http://pbs.twimg.com/profile_images/1812705905/gemini-tv_bigger.jpg,GeminiTV,https://twitter.com/GeminiTV,
http://pbs.twimg.com/profile_images/292772794/ig-fan_bigger.png,igtelugu,https://twitter.com/igtelugu,
http://pbs.twimg.com/profile_images/553165979954319362/Qa1GUB1B_bigger.jpeg,Prabhas_Team,https://twitter.com/Prabhas_Team,
http://pbs.twimg.com/profile_images/551821990844039168/Xx7qWDOs_bigger.jpeg,TrollywoodTamil,https://twitter.com/TrollywoodTamil,
http://pbs.twimg.com/profile_images/1246035065/oneindiatelugu-twitter_bigger.jpg,thatsTelugu,https://twitter.com/thatsTelugu,
http://pbs.twimg.com/profile_images/553517349530128384/O0ootO9R_bigger.jpeg,sanju_official,https://twitter.com/sanju_official,
http://pbs.twimg.com/profile_images/556383190256865280/JJ9VDKxi_bigger.jpeg,kapilvarala,https://twitter.com/kapilvarala,
http://pbs.twimg.com/profile_images/378800000048008465/b577f04ce4c975d7b5ff10d5eb6a2029_bigger.jpeg,MaheshBabu_UF,https://twitter.com/MaheshBabu_UF,
http://pbs.twimg.com/profile_images/546527667294437376/GfA9D9hO_bigger.jpeg,ModiMission,https://twitter.com/ModiMission,
http://pbs.twimg.com/profile_images/424352475273904128/PnigqbnX_bigger.jpeg,tollywood,https://twitter.com/tollywood,
http://pbs.twimg.com/profile_images/543403594444062720/tut484BE_bigger.jpeg,urstrulygandhi,https://twitter.com/urstrulygandhi,
http://pbs.twimg.com/profile_images/443001703382536193/sKsSsOVH_bigger.jpeg,tamilstar,https://twitter.com/tamilstar,
http://pbs.twimg.com/profile_images/556135734248079360/V284NOrV_bigger.jpeg,MovifiedTamil,https://twitter.com/MovifiedTamil,
http://pbs.twimg.com/profile_images/557425294936510464/7s9z3_L5_bigger.jpeg,mohamm_s,https://twitter.com/mohamm_s,
http://pbs.twimg.com/profile_images/552819609829507073/qNyFDG5g_bigger.jpeg,VjfanSuresh,https://twitter.com/VjfanSuresh,
http://pbs.twimg.com/profile_images/556147557982683138/eMZT3IiY_bigger.jpeg,TheSRKian,https://twitter.com/TheSRKian,
http://pbs.twimg.com/profile_images/462831992824803328/yjgOAgi3_bigger.jpeg,Cinenewsworld,https://twitter.com/Cinenewsworld,
http://pbs.twimg.com/profile_images/442976199828967424/0lcQa0GP_bigger.jpeg,ibtimesindia1,https://twitter.com/ibtimesindia1,
http://pbs.twimg.com/profile_images/557205843406372865/X96FY1ep_bigger.jpeg,sadhasivaraj,https://twitter.com/sadhasivaraj,
http://pbs.twimg.com/profile_images/537248356288847872/ToT0twyX_bigger.jpeg,IamMaheshFan,https://twitter.com/IamMaheshFan,
http://pbs.twimg.com/profile_images/506868098964541440/q_7VuOBt_bigger.jpeg,guptanagu8,https://twitter.com/guptanagu8,
http://pbs.twimg.com/profile_images/554135808198713345/SKmSLXAI_bigger.jpeg,euniverse800,https://twitter.com/euniverse800,
http://pbs.twimg.com/profile_images/429480242390913024/LTEBablH_bigger.jpeg,TheLOLWorld,https://twitter.com/TheLOLWorld,
http://pbs.twimg.com/profile_images/554804254733369346/8AjNqFnA_bigger.jpeg,Trivikram_Fans,https://twitter.com/Trivikram_Fans,
http://pbs.twimg.com/profile_images/556119634911313920/MqDnIZDq_bigger.jpeg,nropines,https://twitter.com/nropines,
http://pbs.twimg.com/profile_images/549211677678243841/guk7hd79_bigger.jpeg,rameappu,https://twitter.com/rameappu,
http://pbs.twimg.com/profile_images/556513008122228736/6e5OlqMg_bigger.jpeg,KiTtu_PSPK,https://twitter.com/KiTtu_PSPK,
http://pbs.twimg.com/profile_images/552818222194376705/BzLdXWzm_bigger.jpeg,DizisSANDY,https://twitter.com/DizisSANDY,
http://pbs.twimg.com/profile_images/557396375260774400/V24-dMzI_bigger.jpeg,NextToSRK,https://twitter.com/NextToSRK,
http://pbs.twimg.com/profile_images/530415504272277504/UvmwjvBX_bigger.jpeg,nani4u143,https://twitter.com/nani4u143,
http://pbs.twimg.com/profile_images/556844821399076864/jHfKJPaY_bigger.jpeg,issime_miyake,https://twitter.com/issime_miyake,
http://pbs.twimg.com/profile_images/531159180317454336/_T4NDMx0_bigger.jpeg,AAPTrends,https://twitter.com/AAPTrends,
http://pbs.twimg.com/profile_images/548306718082359296/2YGjMMa4_bigger.jpeg,im_sharanV,https://twitter.com/im_sharanV,
http://pbs.twimg.com/profile_images/532478827952238592/39gwAzwN_bigger.jpeg,Ram4prince,https://twitter.com/Ram4prince,
http://pbs.twimg.com/profile_images/556029185798307840/QPt1gEXu_bigger.jpeg,ShivaVijayYuvi,https://twitter.com/ShivaVijayYuvi,
http://pbs.twimg.com/profile_images/1262192929/TPIcon_Twitter_bigger.jpg,TeluguPeople,https://twitter.com/TeluguPeople,
http://pbs.twimg.com/profile_images/557153750599483392/011oZJJq_bigger.jpeg,ShivangChauhans,https://twitter.com/ShivangChauhans,
http://pbs.twimg.com/profile_images/557074724266598400/tpMCyVeh_bigger.jpeg,Candid_HRavi,https://twitter.com/Candid_HRavi,
http://pbs.twimg.com/profile_images/514793532406509568/MrH23NQ5_bigger.jpeg,Hari4Superstar,https://twitter.com/Hari4Superstar,
http://pbs.twimg.com/profile_images/557396216242126850/MI8_u-wI_bigger.jpeg,itsmeerp,https://twitter.com/itsmeerp,
http://pbs.twimg.com/profile_images/556064147247353858/RxwkHhMJ_bigger.jpeg,Mee_Varun,https://twitter.com/Mee_Varun,
http://pbs.twimg.com/profile_images/554638127508103168/s9J7J1zp_bigger.jpeg,SamarRiks,https://twitter.com/SamarRiks,
http://pbs.twimg.com/profile_images/550653793805684736/w0daq8MC_bigger.png,TollywoodTrends,https://twitter.com/TollywoodTrends,
http://pbs.twimg.com/profile_images/492333379677724672/6UnBmH6K_bigger.jpeg,ITeluguCinema,https://twitter.com/ITeluguCinema,
http://pbs.twimg.com/profile_images/550347288132857857/ptimM57__bigger.jpeg,anurag_i_am,https://twitter.com/anurag_i_am,
http://pbs.twimg.com/profile_images/557404176909496320/Lem8qb5l_bigger.jpeg,sarathrebel,https://twitter.com/sarathrebel,
http://pbs.twimg.com/profile_images/554608612341858304/ZpkSMefT_bigger.jpeg,dj_mustik,https://twitter.com/dj_mustik,
http://pbs.twimg.com/profile_images/553195296151175168/6AKffNsn_bigger.jpeg,freethinkers001,https://twitter.com/freethinkers001,
http://pbs.twimg.com/profile_images/378800000653032340/620870ee07aa887ffbf43909249802b9_bigger.jpeg,annayyaabhimani,https://twitter.com/annayyaabhimani,
http://pbs.twimg.com/profile_images/530355966349287426/ChkSdLSS_bigger.jpeg,sriramForU,https://twitter.com/sriramForU,
http://pbs.twimg.com/profile_images/557382506802999296/e6XN8DdX_bigger.jpeg,Balaram_Raju,https://twitter.com/Balaram_Raju,
http://pbs.twimg.com/profile_images/531186246236659712/Bp8G-vZh_bigger.jpeg,AAPDonationList,https://twitter.com/AAPDonationList,
http://pbs.twimg.com/profile_images/557048145490616321/ixXVonW7_bigger.jpeg,Kishore4Mahesh,https://twitter.com/Kishore4Mahesh,
http://pbs.twimg.com/profile_images/556658338331492352/Tm6YgQ_i_bigger.jpeg,Bharath_7kumar,https://twitter.com/Bharath_7kumar,
http://pbs.twimg.com/profile_images/542871106751717377/nUftF8a0_bigger.jpeg,ChwweetPriya,https://twitter.com/ChwweetPriya,
http://pbs.twimg.com/profile_images/1498715997/chiru_ks_bigger.gif,AlwaysAbhl,https://twitter.com/AlwaysAbhl,
http://pbs.twimg.com/profile_images/557355901892317184/7pLbCY7f_bigger.jpeg,HanuNtr,https://twitter.com/HanuNtr,
http://pbs.twimg.com/profile_images/556656668004474880/6kL7Sbzo_bigger.jpeg,iramsubhash,https://twitter.com/iramsubhash,
http://pbs.twimg.com/profile_images/554264007104667648/m6AttiqZ_bigger.jpeg,sai_forever,https://twitter.com/sai_forever,
http://pbs.twimg.com/profile_images/532598111491723264/r9xvGMI1_bigger.jpeg,BeUrSelf1991,https://twitter.com/BeUrSelf1991,
http://pbs.twimg.com/profile_images/555578764109697024/W5FHWYqD_bigger.jpeg,iLazyLad,https://twitter.com/iLazyLad,
http://pbs.twimg.com/profile_images/549925841228931074/O-w2UQ8t_bigger.jpeg,Hanu_MegaPower,https://twitter.com/Hanu_MegaPower,
http://pbs.twimg.com/profile_images/556385569689722880/K4GedIGV_bigger.png,ramakrishna_95,https://twitter.com/ramakrishna_95,
http://pbs.twimg.com/profile_images/556079883164475392/S1RPBxKG_bigger.jpeg,venkatmkr,https://twitter.com/venkatmkr,
http://pbs.twimg.com/profile_images/553159178340941824/iGqAiV3x_bigger.jpeg,jana9999,https://twitter.com/jana9999,
http://pbs.twimg.com/profile_images/532533388599500800/G2Qvnkw9_bigger.jpeg,Jayanta4Jeet,https://twitter.com/Jayanta4Jeet,
http://pbs.twimg.com/profile_images/549581414065131521/bMqoZGeG_bigger.jpeg,KRBS526,https://twitter.com/KRBS526,
http://pbs.twimg.com/profile_images/556531803326918656/khRpvloF_bigger.jpeg,harishveera,https://twitter.com/harishveera,
http://pbs.twimg.com/profile_images/556474282960625664/L74AfS_b_bigger.jpeg,vjy_raj,https://twitter.com/vjy_raj,
http://pbs.twimg.com/profile_images/555215619751034881/FfhbiSVX_bigger.jpeg,Teju912,https://twitter.com/Teju912,
http://pbs.twimg.com/profile_images/555730346671472640/f88RTUjI_bigger.jpeg,kushaal_aryan,https://twitter.com/kushaal_aryan,
http://pbs.twimg.com/profile_images/550635528542887936/muDoFCmt_bigger.jpeg,MovifiedTelugu,https://twitter.com/MovifiedTelugu,
http://pbs.twimg.com/profile_images/550123065133113345/mI2PChi9_bigger.jpeg,MAHESH_MANIA007,https://twitter.com/MAHESH_MANIA007,
http://pbs.twimg.com/profile_images/557218959447957505/lAUMV2AZ_bigger.jpeg,Prashanth_MBfan,https://twitter.com/Prashanth_MBfan,
http://pbs.twimg.com/profile_images/538676858301063168/fCUfiAe2_bigger.jpeg,ShekarNews,https://twitter.com/ShekarNews,
http://pbs.twimg.com/profile_images/553630770808377344/3yuIgGmG_bigger.jpeg,rushyendrab,https://twitter.com/rushyendrab,
http://pbs.twimg.com/profile_images/556892426905075713/RK-4zNn7_bigger.jpeg,Krishna__9999,https://twitter.com/Krishna__9999,
http://pbs.twimg.com/profile_images/526209700686082048/oUDnIFhY_bigger.jpeg,prasanth527,https://twitter.com/prasanth527,
http://pbs.twimg.com/profile_images/538301707004825600/_oTdc3Zd_bigger.jpeg,iBSK_mufc,https://twitter.com/iBSK_mufc,
http://pbs.twimg.com/profile_images/545957099054694400/KykX0u1x_bigger.jpeg,zereya1,https://twitter.com/zereya1,
http://pbs.twimg.com/profile_images/557126591713513472/Ui60B6QO_bigger.jpeg,Sunsayzz,https://twitter.com/Sunsayzz,
http://pbs.twimg.com/profile_images/555388776067784705/nOlOrZRX_bigger.jpeg,FanOfSSMB,https://twitter.com/FanOfSSMB,
http://pbs.twimg.com/profile_images/555698886308687872/OhHR5QrG_bigger.jpeg,Mahesh_bhaktudu,https://twitter.com/Mahesh_bhaktudu,
http://pbs.twimg.com/profile_images/555618964311535616/V87lXVVL_bigger.png,charan_megafan,https://twitter.com/charan_megafan,
http://pbs.twimg.com/profile_images/555859811951452160/osp-n8xO_bigger.jpeg,SacravartyS,https://twitter.com/SacravartyS,
http://pbs.twimg.com/profile_images/555574073569202176/xr2J5c7U_bigger.jpeg,SnehithaM5,https://twitter.com/SnehithaM5,
http://pbs.twimg.com/profile_images/552767150557913088/ZJvrnLSu_bigger.jpeg,Raj_4Prince,https://twitter.com/Raj_4Prince,
http://pbs.twimg.com/profile_images/556648475283034113/Zhd6Y2k0_bigger.jpeg,PakkaPKfan,https://twitter.com/PakkaPKfan,
http://pbs.twimg.com/profile_images/557328130923184131/allys_9b_bigger.jpeg,GangadharMuta79,https://twitter.com/GangadharMuta79,
http://pbs.twimg.com/profile_images/552483753012887552/bWdY_13L_bigger.jpeg,nenuravi,https://twitter.com/nenuravi,
http://pbs.twimg.com/profile_images/555962431562731520/V79t5xrJ_bigger.jpeg,KalyanFanatic,https://twitter.com/KalyanFanatic,
http://pbs.twimg.com/profile_images/550632328943656961/c1o91tq5_bigger.jpeg,SRKismyWorld,https://twitter.com/SRKismyWorld,
http://pbs.twimg.com/profile_images/556716969089437698/kKD8I9nx_bigger.jpeg,Amruth_05,https://twitter.com/Amruth_05,
http://pbs.twimg.com/profile_images/540313082837225473/qD_hK1nw_bigger.jpeg,kiranin,https://twitter.com/kiranin,
http://pbs.twimg.com/profile_images/543414234407661568/f_4NMTU6_bigger.jpeg,me_chaitu,https://twitter.com/me_chaitu,
http://pbs.twimg.com/profile_images/505285940089073664/ILOOuZ3u_bigger.jpeg,BeingJahir,https://twitter.com/BeingJahir,
http://pbs.twimg.com/profile_images/545200391999078401/ojnqKMm3_bigger.jpeg,Iam_pomii,https://twitter.com/Iam_pomii,
http://pbs.twimg.com/profile_images/550902794589192192/PXi4nzMT_bigger.jpeg,premdhfm,https://twitter.com/premdhfm,
http://pbs.twimg.com/profile_images/551376746008674304/Ky5bA6lI_bigger.jpeg,rekulasunny,https://twitter.com/rekulasunny,
http://pbs.twimg.com/profile_images/499214951198642176/H-2b9tuK_bigger.jpeg,mahesh_ee,https://twitter.com/mahesh_ee,
http://pbs.twimg.com/profile_images/554683413601341440/CCM6eRFb_bigger.jpeg,imaheshfan,https://twitter.com/imaheshfan,
http://pbs.twimg.com/profile_images/554919750623436801/4Zlj43il_bigger.jpeg,NehaSruthi,https://twitter.com/NehaSruthi,
http://pbs.twimg.com/profile_images/557283080655089664/jSHnuQfQ_bigger.jpeg,YursNani,https://twitter.com/YursNani,
http://abs.twimg.com/sticky/default_profile_images/default_profile_6_bigger.png,MULAKALAGUMADAM,https://twitter.com/MULAKALAGUMADAM,
http://pbs.twimg.com/profile_images/557404592753745922/zVdFJW33_bigger.jpeg,diszazhar,https://twitter.com/diszazhar,
http://pbs.twimg.com/profile_images/553900514648133632/LI9G6pMa_bigger.jpeg,lakshman273,https://twitter.com/lakshman273,
http://pbs.twimg.com/profile_images/513697904985272321/q1dvGkrj_bigger.jpeg,urstrulyMahesh7,https://twitter.com/urstrulyMahesh7,
http://pbs.twimg.com/profile_images/554669581424271360/k5hNm3E6_bigger.jpeg,urstruelydinesh,https://twitter.com/urstruelydinesh,
http://pbs.twimg.com/profile_images/540165683615506432/tMQPwPc1_bigger.jpeg,jaaffersadiq,https://twitter.com/jaaffersadiq,
http://pbs.twimg.com/profile_images/531289061260918784/oIOfdeYY_bigger.jpeg,PrinceSharat,https://twitter.com/PrinceSharat,
http://pbs.twimg.com/profile_images/551392884964851713/8FWQCfbV_bigger.jpeg,srykrish,https://twitter.com/srykrish,
http://pbs.twimg.com/profile_images/556412261414100992/DP-4HRIe_bigger.jpeg,harish_neninthe,https://twitter.com/harish_neninthe,
http://pbs.twimg.com/profile_images/512585546422435840/-keCWafC_bigger.jpeg,mallik_pappula,https://twitter.com/mallik_pappula,
http://pbs.twimg.com/profile_images/450547384552931329/wNopinZu_bigger.jpeg,Suriya_FansClub,https://twitter.com/Suriya_FansClub,
http://pbs.twimg.com/profile_images/543455898023124992/hk_GQDN3_bigger.jpeg,anji_chiru,https://twitter.com/anji_chiru,
http://pbs.twimg.com/profile_images/556593430894104576/lAIIHU1o_bigger.jpeg,sanjayprincefan,https://twitter.com/sanjayprincefan,
http://pbs.twimg.com/profile_images/545491964016078848/LOn-KK6Q_bigger.jpeg,Prince_Mahesh4u,https://twitter.com/Prince_Mahesh4u,
http://pbs.twimg.com/profile_images/556532196144463873/ineUFz8d_bigger.jpeg,Kaifffff,https://twitter.com/Kaifffff,
http://pbs.twimg.com/profile_images/548819692018622464/9a1n8CX4_bigger.jpeg,lavanyakryan,https://twitter.com/lavanyakryan,
http://pbs.twimg.com/profile_images/532880008604168193/9QYY8ZZ0_bigger.jpeg,MaheshUniverse,https://twitter.com/MaheshUniverse,
http://pbs.twimg.com/profile_images/557221765118570496/wERklQLy_bigger.jpeg,urstrulyMahe5h,https://twitter.com/urstrulyMahe5h,
http://pbs.twimg.com/profile_images/554874139471667200/eKMYVWmw_bigger.jpeg,rockportsays,https://twitter.com/rockportsays,
http://pbs.twimg.com/profile_images/511585856667136000/7qhEJZw6_bigger.jpeg,me__shiva,https://twitter.com/me__shiva,
http://pbs.twimg.com/profile_images/532406355466797056/t5imkbW8_bigger.jpeg,2akhil,https://twitter.com/2akhil,
http://pbs.twimg.com/profile_images/554517413878710273/1_LcN6Ym_bigger.jpeg,MegastarFC,https://twitter.com/MegastarFC,
http://pbs.twimg.com/profile_images/534681550441312256/XSPMqX3a_bigger.jpeg,sharathpalle94,https://twitter.com/sharathpalle94,
http://pbs.twimg.com/profile_images/540445434200596480/Gk34ZXgQ_bigger.jpeg,Ishayu_Hari,https://twitter.com/Ishayu_Hari,
http://pbs.twimg.com/profile_images/505979579027046401/3qUghRUx_bigger.jpeg,AlwaysRcFan,https://twitter.com/AlwaysRcFan,
http://pbs.twimg.com/profile_images/554877414057050112/HczoD-CY_bigger.jpeg,Hyderabadyouth,https://twitter.com/Hyderabadyouth,
http://pbs.twimg.com/profile_images/529242472023486464/AUcifBSs_bigger.jpeg,PrajaktaBhat2,https://twitter.com/PrajaktaBhat2,
http://pbs.twimg.com/profile_images/498354311781294081/H7d0hAOY_bigger.jpeg,urstrulyajy,https://twitter.com/urstrulyajy,
http://pbs.twimg.com/profile_images/522656284139458560/Ir7wdn3M_bigger.png,MaruthiTalkies,https://twitter.com/MaruthiTalkies,
http://pbs.twimg.com/profile_images/554352203490553856/JyPJC9P9_bigger.jpeg,vamsi_miracle,https://twitter.com/vamsi_miracle,
http://pbs.twimg.com/profile_images/551433769098309632/xHrcNGrl_bigger.jpeg,gouthammenon99,https://twitter.com/gouthammenon99,
http://pbs.twimg.com/profile_images/555305264455237633/uHnTqCcX_bigger.jpeg,sandeepreddy789,https://twitter.com/sandeepreddy789,
http://pbs.twimg.com/profile_images/504277056340099072/2qufOmA4_bigger.jpeg,ShariMB75,https://twitter.com/ShariMB75,
http://pbs.twimg.com/profile_images/554569832784330752/_qqF8qJr_bigger.jpeg,iRahulTweets,https://twitter.com/iRahulTweets,
http://pbs.twimg.com/profile_images/516873953143320576/7mtUFQgO_bigger.jpeg,hk12236,https://twitter.com/hk12236,
http://pbs.twimg.com/profile_images/556576948286013440/zhsLNId9_bigger.jpeg,uncanny_sk,https://twitter.com/uncanny_sk,
http://pbs.twimg.com/profile_images/555220134281756673/6VyuV-_M_bigger.jpeg,LocalPowerstar,https://twitter.com/LocalPowerstar,
http://pbs.twimg.com/profile_images/547012922820407296/JvWBlWdI_bigger.png,HittaPhatta,https://twitter.com/HittaPhatta,
http://pbs.twimg.com/profile_images/555366380313128960/3h2m09jz_bigger.jpeg,iHaRi_K,https://twitter.com/iHaRi_K,
http://pbs.twimg.com/profile_images/546283870794940416/xk4kqLg2_bigger.png,tumbri1734,https://twitter.com/tumbri1734,
http://pbs.twimg.com/profile_images/535555421784653825/JSrAb3Ez_bigger.png,FilmyTelugu,https://twitter.com/FilmyTelugu,
http://pbs.twimg.com/profile_images/557426991616368640/Jtf8ahHt_bigger.jpeg,cute_aishwarya,https://twitter.com/cute_aishwarya,
http://pbs.twimg.com/profile_images/1803094438/picdump-11312-3_bigger.jpg,booooringg,https://twitter.com/booooringg,
http://pbs.twimg.com/profile_images/525200407354540032/JvsieTf-_bigger.jpeg,chandra9050,https://twitter.com/chandra9050,
http://pbs.twimg.com/profile_images/378800000555705048/42f4cc322e45dddf65b7701629db5aa2_bigger.jpeg,RMANIBABU,https://twitter.com/RMANIBABU,
http://pbs.twimg.com/profile_images/494796651442081792/bIzfAxm-_bigger.jpeg,DesireTrees,https://twitter.com/DesireTrees,
http://pbs.twimg.com/profile_images/557133302650241024/RM6bicOD_bigger.jpeg,iamUpendar,https://twitter.com/iamUpendar,
http://pbs.twimg.com/profile_images/556739094881902592/PLj2jgaa_bigger.jpeg,vijaysuhith,https://twitter.com/vijaysuhith,
http://pbs.twimg.com/profile_images/542947541755518977/fDTFUVjM_bigger.jpeg,Urssantosh99,https://twitter.com/Urssantosh99,
http://pbs.twimg.com/profile_images/527359271294349312/XEYgzSlh_bigger.jpeg,untrustely,https://twitter.com/untrustely,
http://pbs.twimg.com/profile_images/554638045480099840/71z-NWa1_bigger.jpeg,ghari16,https://twitter.com/ghari16,
http://pbs.twimg.com/profile_images/551897840176209920/AXBlyxfp_bigger.jpeg,MahiFan_Forever,https://twitter.com/MahiFan_Forever,
http://pbs.twimg.com/profile_images/553785760030023680/FOtU-uZ3_bigger.jpeg,Binitamistry07,https://twitter.com/Binitamistry07,
http://pbs.twimg.com/profile_images/551613629871583232/goRL3dxw_bigger.jpeg,Ram4Mahesh,https://twitter.com/Ram4Mahesh,
http://pbs.twimg.com/profile_images/557419423451979777/eMF1ArZ-_bigger.jpeg,vishwakandala,https://twitter.com/vishwakandala,
http://pbs.twimg.com/profile_images/519568169388609537/zPTSAzvL_bigger.jpeg,TrueMovie_Lover,https://twitter.com/TrueMovie_Lover,
http://pbs.twimg.com/profile_images/378800000185004704/a4918012ac9d2ce2c1f4c882f73cf084_bigger.png,chukkutweets,https://twitter.com/chukkutweets,
http://pbs.twimg.com/profile_images/540130753808322560/t293Ktw3_bigger.jpeg,Iamparthy,https://twitter.com/Iamparthy,
http://pbs.twimg.com/profile_images/547368169854074881/oBVMf48H_bigger.jpeg,iamSRKsUrooj,https://twitter.com/iamSRKsUrooj,
http://pbs.twimg.com/profile_images/555590187070132224/HBZ6hTVk_bigger.jpeg,krisskishore,https://twitter.com/krisskishore,
http://pbs.twimg.com/profile_images/557167174750441472/WN_TxlCS_bigger.jpeg,Prasad4Prince,https://twitter.com/Prasad4Prince,
http://pbs.twimg.com/profile_images/378800000233681311/f56de891988ef29f93bbc4414c49ba8c_bigger.jpeg,pardhu_guduru,https://twitter.com/pardhu_guduru,
http://pbs.twimg.com/profile_images/550277668113895424/p8A6F9Yo_bigger.jpeg,Sairaviteja_ch,https://twitter.com/Sairaviteja_ch,
http://pbs.twimg.com/profile_images/551678512659058690/Y9nQnV1w_bigger.jpeg,anvesh_anu,https://twitter.com/anvesh_anu,
http://pbs.twimg.com/profile_images/556665850057342977/n9JYrHN6_bigger.jpeg,Sai_pallav,https://twitter.com/Sai_pallav,
http://pbs.twimg.com/profile_images/424251321022046209/Z_fq1N1t_bigger.jpeg,SumanthTeja,https://twitter.com/SumanthTeja,
http://pbs.twimg.com/profile_images/450691512653713410/DjiWxCIP_bigger.jpeg,Tw33tRetweeter,https://twitter.com/Tw33tRetweeter,
http://pbs.twimg.com/profile_images/538324123147976705/PCI7yZHl_bigger.png,sanjaynandha786,https://twitter.com/sanjaynandha786,
http://pbs.twimg.com/profile_images/557164275999858689/fkzF6RMc_bigger.jpeg,svuyyur,https://twitter.com/svuyyur,
http://pbs.twimg.com/profile_images/432646699631132672/k6BZ63QG_bigger.jpeg,santu4u456,https://twitter.com/santu4u456,
http://pbs.twimg.com/profile_images/509379818987610112/VQ6em1Hv_bigger.jpeg,vasudev760,https://twitter.com/vasudev760,
http://pbs.twimg.com/profile_images/539804436244078592/SqnI5S3w_bigger.jpeg,tweeter4Mahi,https://twitter.com/tweeter4Mahi,
http://pbs.twimg.com/profile_images/552396081128931328/ma_IuHcA_bigger.jpeg,WittyScoop,https://twitter.com/WittyScoop,
http://pbs.twimg.com/profile_images/3161054217/6baf444337b1e84fb116d2bdaa8294d1_bigger.png,TWEETC0llector,https://twitter.com/TWEETC0llector,
http://pbs.twimg.com/profile_images/546583679963648000/bo_3xFIh_bigger.jpeg,anoopreddy27,https://twitter.com/anoopreddy27,
http://pbs.twimg.com/profile_images/549982701713752064/6L3LApz__bigger.jpeg,ssmb_fan,https://twitter.com/ssmb_fan,
http://pbs.twimg.com/profile_images/543527578251042818/EziUKfQ8_bigger.jpeg,Ram4r_powerstar,https://twitter.com/Ram4r_powerstar,
http://pbs.twimg.com/profile_images/2612639884/fvc45nawm6rgjfqbzlq9_bigger.jpeg,rahhulpola33,https://twitter.com/rahhulpola33,
http://pbs.twimg.com/profile_images/550278265232166912/d3AVcv_d_bigger.jpeg,alwaysNAGA,https://twitter.com/alwaysNAGA,
http://pbs.twimg.com/profile_images/556354958451175424/NkoU9Bbq_bigger.jpeg,avenchiru2,https://twitter.com/avenchiru2,
http://pbs.twimg.com/profile_images/545403929714900992/3uZIDQ8n_bigger.jpeg,akshaycvr,https://twitter.com/akshaycvr,
http://pbs.twimg.com/profile_images/462452805647605760/QZvkerUC_bigger.jpeg,tucklus007,https://twitter.com/tucklus007,
http://pbs.twimg.com/profile_images/555981956538572800/VajSDKyH_bigger.jpeg,mdrehan92,https://twitter.com/mdrehan92,
http://pbs.twimg.com/profile_images/555752734247223296/R4qvRZs0_bigger.jpeg,kishdhfm007,https://twitter.com/kishdhfm007,
http://pbs.twimg.com/profile_images/549136662781906945/S9WopMKk_bigger.jpeg,UrstrulyyMahesh,https://twitter.com/UrstrulyyMahesh,
http://pbs.twimg.com/profile_images/546382373865021440/FG5E0355_bigger.jpeg,boldtaurean,https://twitter.com/boldtaurean,
http://pbs.twimg.com/profile_images/550012046343823360/tiSbHhgW_bigger.jpeg,rt24MB,https://twitter.com/rt24MB,
http://pbs.twimg.com/profile_images/554211484423561216/rDsYf_CQ_bigger.jpeg,Itzzzviswateja,https://twitter.com/Itzzzviswateja,
http://pbs.twimg.com/profile_images/506847880556978177/mHFQ79gk_bigger.jpeg,sudhakarr_ch,https://twitter.com/sudhakarr_ch,
http://pbs.twimg.com/profile_images/557153152261054465/qVL9vvwU_bigger.jpeg,veerunaidu,https://twitter.com/veerunaidu,
http://pbs.twimg.com/profile_images/555470125248155648/z5DLETXe_bigger.jpeg,sandeep_gadde,https://twitter.com/sandeep_gadde,
http://pbs.twimg.com/profile_images/556734432510345217/ItWqkjh4_bigger.jpeg,vermaaakash10,https://twitter.com/vermaaakash10,
http://pbs.twimg.com/profile_images/538267758828351488/lP92lrfg_bigger.jpeg,screddy50,https://twitter.com/screddy50,
http://pbs.twimg.com/profile_images/538608844163645440/L4SjHCl__bigger.jpeg,ManI_PspK,https://twitter.com/ManI_PspK,
http://pbs.twimg.com/profile_images/553274486766579712/xw2fwwJB_bigger.jpeg,Mee_Nikhil,https://twitter.com/Mee_Nikhil,
http://pbs.twimg.com/profile_images/556507345501425664/t55HWcwJ_bigger.jpeg,thiszdileep2,https://twitter.com/thiszdileep2,
http://pbs.twimg.com/profile_images/552397952602238976/VQISe6MO_bigger.jpeg,Malli_pspk,https://twitter.com/Malli_pspk,
http://pbs.twimg.com/profile_images/552846101204983808/PbnIbTZB_bigger.jpeg,sree926,https://twitter.com/sree926,
http://pbs.twimg.com/profile_images/512653751165788160/SBaUupCd_bigger.jpeg,manohearthijack,https://twitter.com/manohearthijack,
http://pbs.twimg.com/profile_images/527747744484433922/0-vhUkWX_bigger.jpeg,chony_23,https://twitter.com/chony_23,
http://pbs.twimg.com/profile_images/551437701283463168/4xbkO_Up_bigger.jpeg,tollywoodlover,https://twitter.com/tollywoodlover,
http://pbs.twimg.com/profile_images/538285017609142272/Z-sRQsv6_bigger.jpeg,ravitejakula99,https://twitter.com/ravitejakula99,
http://pbs.twimg.com/profile_images/548421635112333314/52VDBErX_bigger.png,m_kumarappan,https://twitter.com/m_kumarappan,
http://pbs.twimg.com/profile_images/520885952814669824/iP2oIeCw_bigger.jpeg,Mahesh_Superfan,https://twitter.com/Mahesh_Superfan,
http://pbs.twimg.com/profile_images/554319464775159808/goUINi-o_bigger.jpeg,IemManikanta,https://twitter.com/IemManikanta,
http://pbs.twimg.com/profile_images/553934296314941440/68pHrjX7_bigger.jpeg,varun_506,https://twitter.com/varun_506,
http://abs.twimg.com/sticky/default_profile_images/default_profile_5_bigger.png,ErshadShaikh84,https://twitter.com/ErshadShaikh84,
http://pbs.twimg.com/profile_images/551819472231608320/bYcEoIhP_bigger.jpeg,learner_daniel,https://twitter.com/learner_daniel,
http://pbs.twimg.com/profile_images/555236245370970112/9LMVlEPS_bigger.jpeg,always_vishal,https://twitter.com/always_vishal,
http://pbs.twimg.com/profile_images/556686879475503105/w8kpSMnG_bigger.jpeg,iam_backbencher,https://twitter.com/iam_backbencher,
http://pbs.twimg.com/profile_images/551739356931567617/hzkDCczK_bigger.jpeg,dev_thota,https://twitter.com/dev_thota,
http://pbs.twimg.com/profile_images/378800000160532740/c2863766ee0ec4bc2cf53362761e4594_bigger.jpeg,PalliBataniAP,https://twitter.com/PalliBataniAP,
http://pbs.twimg.com/profile_images/557277384039075840/0UavRSZt_bigger.jpeg,DevaduFan,https://twitter.com/DevaduFan,
http://pbs.twimg.com/profile_images/510765858805653504/KcUS3BBq_bigger.jpeg,megha_princess,https://twitter.com/megha_princess,
http://pbs.twimg.com/profile_images/541638744839704576/ULZ75DSi_bigger.jpeg,ivenumadhav,https://twitter.com/ivenumadhav,
http://pbs.twimg.com/profile_images/547542194018476032/7rghv0sV_bigger.jpeg,just4_funnn,https://twitter.com/just4_funnn,
http://pbs.twimg.com/profile_images/553209084531331072/jGezx7E4_bigger.jpeg,tollyreel,https://twitter.com/tollyreel,
http://pbs.twimg.com/profile_images/552804994538156032/-oaZ5CWq_bigger.jpeg,tintububbly,https://twitter.com/tintububbly,
http://pbs.twimg.com/profile_images/557358902711304192/CQCSGwR7_bigger.jpeg,ProudMaheshian,https://twitter.com/ProudMaheshian,
http://pbs.twimg.com/profile_images/511189618637545472/CjtmuaP7_bigger.jpeg,raghava92,https://twitter.com/raghava92,
http://pbs.twimg.com/profile_images/506094465967075328/_MlM-FmN_bigger.jpeg,saitejathogiti,https://twitter.com/saitejathogiti,
http://pbs.twimg.com/profile_images/551672653749030912/gwJhqz7e_bigger.jpeg,Akhil_316,https://twitter.com/Akhil_316,
http://pbs.twimg.com/profile_images/495814523945631744/qZQeCnQw_bigger.jpeg,KLakshmanReddy2,https://twitter.com/KLakshmanReddy2,
http://pbs.twimg.com/profile_images/545812675414855680/540aIpoA_bigger.png,PradyTweetz,https://twitter.com/PradyTweetz,
http://pbs.twimg.com/profile_images/544053960584077312/-lozKgCl_bigger.jpeg,surajreddy98,https://twitter.com/surajreddy98,
http://pbs.twimg.com/profile_images/465396417511428097/4UHYtRqb_bigger.jpeg,faltukatim3pass,https://twitter.com/faltukatim3pass,
http://pbs.twimg.com/profile_images/557432293367631872/bZJS1q8__bigger.jpeg,JohnnyKarthik,https://twitter.com/JohnnyKarthik,
http://pbs.twimg.com/profile_images/471870082612613121/2DlB-sLG_bigger.jpeg,laltupabitra,https://twitter.com/laltupabitra,
http://pbs.twimg.com/profile_images/548671215288598528/MMwN2VX6_bigger.jpeg,MaheshFan_143,https://twitter.com/MaheshFan_143,
http://abs.twimg.com/sticky/default_profile_images/default_profile_2_bigger.png,veerutherocker,https://twitter.com/veerutherocker,
http://pbs.twimg.com/profile_images/544769684826906624/Qq5AkRGC_bigger.jpeg,jyospeaks,https://twitter.com/jyospeaks,
http://pbs.twimg.com/profile_images/557422851129487360/n7jaV3kC_bigger.jpeg,MylovesCASTLE,https://twitter.com/MylovesCASTLE,
http://pbs.twimg.com/profile_images/556716672501817344/X11B5YgK_bigger.jpeg,sravanth_sai,https://twitter.com/sravanth_sai,
http://pbs.twimg.com/profile_images/441645091434668032/oWNKtXCD_bigger.jpeg,AjayYek,https://twitter.com/AjayYek,
http://pbs.twimg.com/profile_images/536446658070863872/4899PHsg_bigger.jpeg,muruges60018148,https://twitter.com/muruges60018148,
http://pbs.twimg.com/profile_images/539793856909172738/12Zip-Wa_bigger.jpeg,AbhiUrstruly,https://twitter.com/AbhiUrstruly,
http://pbs.twimg.com/profile_images/378800000202703712/1083ab59076b0a2b5dae71ea63882b58_bigger.jpeg,NTR_jako,https://twitter.com/NTR_jako,
http://pbs.twimg.com/profile_images/553827047491911680/qCrgNMtl_bigger.jpeg,Varun_Chaganti,https://twitter.com/Varun_Chaganti,
http://pbs.twimg.com/profile_images/491220173500596224/pTfhNmCS_bigger.jpeg,nagalak27282090,https://twitter.com/nagalak27282090,
http://pbs.twimg.com/profile_images/500698660967940097/nNILn90j_bigger.jpeg,pammisk7,https://twitter.com/pammisk7,
http://pbs.twimg.com/profile_images/530001416857722882/eQdYveU__bigger.jpeg,Prince_Mahesh4,https://twitter.com/Prince_Mahesh4,
http://pbs.twimg.com/profile_images/497796546134409216/kjLFIO1b_bigger.jpeg,revellisrikanth,https://twitter.com/revellisrikanth,
http://pbs.twimg.com/profile_images/553917860867629056/kPC6_8EC_bigger.jpeg,anushbabu2,https://twitter.com/anushbabu2,
http://pbs.twimg.com/profile_images/532072392097411072/IgADJNnt_bigger.jpeg,Raj_4Mahesh,https://twitter.com/Raj_4Mahesh,
http://pbs.twimg.com/profile_images/542644655578312706/jJ8n_vQ3_bigger.jpeg,Being_Prem_,https://twitter.com/Being_Prem_,
http://pbs.twimg.com/profile_images/554153200207405056/Qk_jnae0_bigger.jpeg,YOOSUFALIK,https://twitter.com/YOOSUFALIK,
http://pbs.twimg.com/profile_images/518784754020147200/rX7WpQSd_bigger.jpeg,ArunImman,https://twitter.com/ArunImman,
http://pbs.twimg.com/profile_images/552842251345215489/v7Pprvl5_bigger.jpeg,GiriganiArun,https://twitter.com/GiriganiArun,
http://pbs.twimg.com/profile_images/3214883475/b52aa2fcf4600c5ee1575e00a49bdcc9_bigger.jpeg,Anjibabu504,https://twitter.com/Anjibabu504,
http://pbs.twimg.com/profile_images/553878422913433600/AsTXN9Qm_bigger.jpeg,mdasif2524,https://twitter.com/mdasif2524,
http://pbs.twimg.com/profile_images/436514414737379328/bqLP7C_O_bigger.jpeg,CinemaPassion99,https://twitter.com/CinemaPassion99,
http://pbs.twimg.com/profile_images/528091546940215298/ud_3C6eS_bigger.jpeg,ksadasivareddy1,https://twitter.com/ksadasivareddy1,
http://abs.twimg.com/sticky/default_profile_images/default_profile_1_bigger.png,Ashishheerakar2,https://twitter.com/Ashishheerakar2,
http://pbs.twimg.com/profile_images/545025132154982400/nyV7YyhD_bigger.jpeg,BaluNenokkadine,https://twitter.com/BaluNenokkadine,
http://pbs.twimg.com/profile_images/554086261242482688/k7lN2zHH_bigger.jpeg,always4u_prem,https://twitter.com/always4u_prem,
http://pbs.twimg.com/profile_images/555723950227873793/YmHhiI5T_bigger.jpeg,YADAGIRIGAJULA,https://twitter.com/YADAGIRIGAJULA,
http://abs.twimg.com/sticky/default_profile_images/default_profile_2_bigger.png,balu5785,https://twitter.com/balu5785,
