yashcoolmint,http://pbs.twimg.com/profile_images/553967693993238530/LYPXSYun_bigger.jpeg,https://twitter.com/yashcoolmint/status/557398854086041601
worldcup__15,http://pbs.twimg.com/profile_images/554584746013904896/YEt43z85_bigger.jpeg,https://twitter.com/worldcup__15/status/557416272116195328
vparth_,http://pbs.twimg.com/profile_images/440633648883044352/u62uxB3z_bigger.jpeg,https://twitter.com/vparth_/status/557399250166751232
vivekthestudent,http://pbs.twimg.com/profile_images/556789854462152704/gKh0LjHw_bigger.jpeg,https://twitter.com/vivekthestudent/status/557398517644161025
vishalpbansal,http://pbs.twimg.com/profile_images/3102102525/4b0a160d6d344cddeafbe16380413308_bigger.jpeg,https://twitter.com/vishalpbansal/status/557401182369767424
visa2vipcity,http://pbs.twimg.com/profile_images/378800000324875197/e6c870d0a6e84d65a9218be47b7c28b3_bigger.png,https://twitter.com/visa2vipcity/status/557411152498421760
virangpatel,http://pbs.twimg.com/profile_images/557306973763678209/-AGFvCqN_bigger.jpeg,https://twitter.com/virangpatel/status/557415310077067265
vingystryker,http://pbs.twimg.com/profile_images/547283928747241472/EDXRNzlr_bigger.jpeg,https://twitter.com/vingystryker/status/557402597884448768
vineetradhe,http://pbs.twimg.com/profile_images/525928685094707200/k9xbYVDC_bigger.jpeg,https://twitter.com/vineetradhe/status/557399510792425474
vikamni,http://pbs.twimg.com/profile_images/516550208256081920/yiJEeAU7_bigger.jpeg,https://twitter.com/vikamni/status/557399365648519168
vijaysuhith,http://pbs.twimg.com/profile_images/556739094881902592/PLj2jgaa_bigger.jpeg,https://twitter.com/vijaysuhith/status/557397460096528384
vijayanjana,http://pbs.twimg.com/profile_images/557033165181550593/cVrDJsQM_bigger.jpeg,https://twitter.com/vijayanjana/status/557407404254453760
vickastomar,http://pbs.twimg.com/profile_images/555590047282393089/W8dVW6xK_bigger.jpeg,https://twitter.com/vickastomar/status/557405136079687682
verocartier,http://pbs.twimg.com/profile_images/1700043619/Capture_410_bigger.PNG,https://twitter.com/verocartier/status/557400235774050304
varun12,http://pbs.twimg.com/profile_images/468717599237210114/9Xj-l0t2_bigger.jpeg,https://twitter.com/varun12/status/557397773398462464
varun100,http://pbs.twimg.com/profile_images/555027048112979968/4JdeM13Q_bigger.jpeg,https://twitter.com/varun100/status/557398241067536384
vamshi08tweets,http://pbs.twimg.com/profile_images/554210621562961920/4ebNRNL4_bigger.jpeg,https://twitter.com/vamshi08tweets/status/557398923170422784
vakhmal,http://pbs.twimg.com/profile_images/516550684343148545/_56qXD4T_bigger.jpeg,https://twitter.com/vakhmal/status/557399374607564800
vagison,http://pbs.twimg.com/profile_images/535490878060519424/BfytzkB9_bigger.jpeg,https://twitter.com/vagison/status/557397632637628418
vaayamoodu,http://pbs.twimg.com/profile_images/378800000820351470/4038057914ee2fd78920d4954f1b3936_bigger.jpeg,https://twitter.com/vaayamoodu/status/557412923765956608
utshav777,http://pbs.twimg.com/profile_images/378800000213031640/719d58d23ec8b67bc99e5a26734ff8fc_bigger.jpeg,https://twitter.com/utshav777/status/557398963083833344
uRstruLymaNohaR,http://pbs.twimg.com/profile_images/557228818478268416/wZXohysE_bigger.jpeg,https://twitter.com/uRstruLymaNohaR/status/557397806931922945
tumpachinmoy,http://pbs.twimg.com/profile_images/378800000505576238/39d3913352dd6e009f3deb51dd223926_bigger.jpeg,https://twitter.com/tumpachinmoy/status/557399164875591680
tsdheo,http://pbs.twimg.com/profile_images/504152802612871168/_sdGzrTJ_bigger.jpeg,https://twitter.com/tsdheo/status/557397568884203521
tony_debolfo,http://pbs.twimg.com/profile_images/378800000455948182/a0b55714248f1ba9746055f5ea31e057_bigger.jpeg,https://twitter.com/tony_debolfo/status/557407978051993600
tondulkar,http://pbs.twimg.com/profile_images/378800000698999718/3cb0512a7148f499cbc3758e295122f2_bigger.jpeg,https://twitter.com/tondulkar/status/557398233782042624
themanovsteele,http://pbs.twimg.com/profile_images/1501762340/image_bigger.jpg,https://twitter.com/themanovsteele/status/557411546301595649
theAlist2,http://pbs.twimg.com/profile_images/555446965832798208/NOGrq7yR_bigger.jpeg,https://twitter.com/theAlist2/status/557399161856094208
thatdarkcoffee,http://pbs.twimg.com/profile_images/556131875136094209/HxfDvqJL_bigger.jpeg,https://twitter.com/thatdarkcoffee/status/557398737991909376
techie_aman,http://pbs.twimg.com/profile_images/512584097789534208/AH7xZ4CW_bigger.jpeg,https://twitter.com/techie_aman/status/557400844971163649
tarun_0707,http://pbs.twimg.com/profile_images/556811469233213440/OT7G2mbx_bigger.jpeg,https://twitter.com/tarun_0707/status/557412330774876160
tanupriyalove,http://pbs.twimg.com/profile_images/461048717097697280/n3bzdHH7_bigger.jpeg,https://twitter.com/tanupriyalove/status/557399452164444163
suzan_bhattarai,http://pbs.twimg.com/profile_images/486316531341475841/Bab7w8pp_bigger.jpeg,https://twitter.com/suzan_bhattarai/status/557402724950880256
sushilpaudel38,http://pbs.twimg.com/profile_images/550476771489898496/x5loMPdb_bigger.jpeg,https://twitter.com/sushilpaudel38/status/557397106592190464
suryakantpandey,http://pbs.twimg.com/profile_images/476964267317415937/bxiPaKOz_bigger.jpeg,https://twitter.com/suryakantpandey/status/557406127269236738
sunnyvar,http://pbs.twimg.com/profile_images/527748668242153472/1P-9QZRR_bigger.jpeg,https://twitter.com/sunnyvar/status/557415993887031297
sunilrajguru,http://pbs.twimg.com/profile_images/1263734749/Sunil_Rajguru_Picture_bigger.jpg,https://twitter.com/sunilrajguru/status/557414447203893248
sumanthagowda,http://pbs.twimg.com/profile_images/543337473493827586/E9SOBY6H_bigger.jpeg,https://twitter.com/sumanthagowda/status/557400895407681537
suhaiali,http://pbs.twimg.com/profile_images/507788586146476032/C263DQuo_bigger.jpeg,https://twitter.com/suhaiali/status/557404759196327937
sscomp32,http://pbs.twimg.com/profile_images/549981583160012801/eSyDB_uR_bigger.jpeg,https://twitter.com/sscomp32/status/557397584117891072
srijai980,http://pbs.twimg.com/profile_images/550271955388358656/ZUeH-hDS_bigger.jpeg,https://twitter.com/srijai980/status/557402927174656001
sridhardhavala,http://pbs.twimg.com/profile_images/447787425561980928/l8PeF3R5_bigger.jpeg,https://twitter.com/sridhardhavala/status/557405825279348736
sramu,http://pbs.twimg.com/profile_images/460813052007292928/MTPGIRj0_bigger.jpeg,https://twitter.com/sramu/status/557405420638044161
sportsaddaind,http://pbs.twimg.com/profile_images/556818913728557056/ky5FOdRQ_bigger.jpeg,https://twitter.com/sportsaddaind/status/557397368522276864
spandanmohanty,http://pbs.twimg.com/profile_images/520295977945550848/3ckrtq4x_bigger.jpeg,https://twitter.com/spandanmohanty/status/557412763559923712
sm_pf,http://pbs.twimg.com/profile_images/556498897062076417/mmbhGzpS_bigger.jpeg,https://twitter.com/sm_pf/status/557402896825085952
skakad2010,http://pbs.twimg.com/profile_images/543953289801240576/H0ZMLnPR_bigger.jpeg,https://twitter.com/skakad2010/status/557399712727191553
sidhaji,http://pbs.twimg.com/profile_images/557269508054720512/XYDbwvUX_bigger.jpeg,https://twitter.com/sidhaji/status/557416563834232832
siddharthpincha,http://pbs.twimg.com/profile_images/433681527025577984/mTzW1Jw7_bigger.jpeg,https://twitter.com/siddharthpincha/status/557402583292067840
shubh_chintak,http://pbs.twimg.com/profile_images/556837922284904449/95ru9zaI_bigger.jpeg,https://twitter.com/shubh_chintak/status/557398027489394688
shiva_vijayfan,http://pbs.twimg.com/profile_images/557031495802449921/XCHWhIRg_bigger.jpeg,https://twitter.com/shiva_vijayfan/status/557411732537085952
shiva_gautam,http://pbs.twimg.com/profile_images/533547293870284800/Dh5p0kTR_bigger.jpeg,https://twitter.com/shiva_gautam/status/557398396525613056
sharadprasadsc,http://abs.twimg.com/sticky/default_profile_images/default_profile_2_bigger.png,https://twitter.com/sharadprasadsc/status/557405179943739392
shailesh0626,http://pbs.twimg.com/profile_images/557396507662376960/TqjPPzr2_bigger.jpeg,https://twitter.com/shailesh0626/status/557403007512363008
shahryar530,http://pbs.twimg.com/profile_images/549500876646146048/zjTXOFEJ_bigger.jpeg,https://twitter.com/shahryar530/status/557409692838658048
shaanTherex,http://pbs.twimg.com/profile_images/514287889635487745/xhjN3AuV_bigger.jpeg,https://twitter.com/shaanTherex/status/557407040231198720
sethusamudramN,http://pbs.twimg.com/profile_images/449468313010065408/29alggMk_bigger.png,https://twitter.com/sethusamudramN/status/557399999504719873
sayamjain20,http://pbs.twimg.com/profile_images/556082299167461376/IO7ftnPA_bigger.jpeg,https://twitter.com/sayamjain20/status/557397384376774656
sarae_ay,http://pbs.twimg.com/profile_images/554740090627301376/VB0OZNM1_bigger.jpeg,https://twitter.com/sarae_ay/status/557410325432389632
santosssshhh,http://pbs.twimg.com/profile_images/516551902129975296/7mXZoGkA_bigger.jpeg,https://twitter.com/santosssshhh/status/557399407461531648
sanjeevkverma,http://pbs.twimg.com/profile_images/3601500355/3a816dad5210af80b7bbd6e8bf59ea49_bigger.jpeg,https://twitter.com/sanjeevkverma/status/557414272179793920
sanjaydevadiga,http://pbs.twimg.com/profile_images/421889890188406785/tq-V87Mb_bigger.jpeg,https://twitter.com/sanjaydevadiga/status/557412210301882368
samantaniruddha,http://pbs.twimg.com/profile_images/487970103326031872/WzdW4Pez_bigger.jpeg,https://twitter.com/samantaniruddha/status/557397578031964160
sagarsoni9999,http://abs.twimg.com/sticky/default_profile_images/default_profile_2_bigger.png,https://twitter.com/sagarsoni9999/status/557398683797307392
sachinist_kohli,http://pbs.twimg.com/profile_images/533961547219886081/PnK5Exi3_bigger.jpeg,https://twitter.com/sachinist_kohli/status/557406260539424769
rs_lotani,http://abs.twimg.com/sticky/default_profile_images/default_profile_5_bigger.png,https://twitter.com/rs_lotani/status/557398892115787777
rr_only4you,http://pbs.twimg.com/profile_images/451252848332787713/VJfEEx0W_bigger.jpeg,https://twitter.com/rr_only4you/status/557397941908807680
roopmilan,http://pbs.twimg.com/profile_images/556876409063219202/zn5eT1rb_bigger.jpeg,https://twitter.com/roopmilan/status/557408336056836096
roop_nagotra,http://pbs.twimg.com/profile_images/538675114628247553/81_Hu67o_bigger.jpeg,https://twitter.com/roop_nagotra/status/557400230426337280
rmrkravi,http://pbs.twimg.com/profile_images/2173715725/image_bigger.jpg,https://twitter.com/rmrkravi/status/557397620671254530
rjjyotika,http://pbs.twimg.com/profile_images/510708343048904705/unaHzDEH_bigger.jpeg,https://twitter.com/rjjyotika/status/557397187332546561
rjabhimanyu13,http://pbs.twimg.com/profile_images/537070896867864576/93j6So84_bigger.jpeg,https://twitter.com/rjabhimanyu13/status/557408940762206208
riad2076,http://pbs.twimg.com/profile_images/531151805237825536/1Z47Ffie_bigger.jpeg,https://twitter.com/riad2076/status/557398844200079360
revengerthala,http://pbs.twimg.com/profile_images/554893747872215040/qGmDEEpg_bigger.jpeg,https://twitter.com/revengerthala/status/557398955940540417
record_cricinfo,http://pbs.twimg.com/profile_images/546564967378321408/ZYc9oSzH_bigger.png,https://twitter.com/record_cricinfo/status/557406633152622593
ravindhararajan,http://pbs.twimg.com/profile_images/2995702800/da0db8914541652239231963fe1547aa_bigger.jpeg,https://twitter.com/ravindhararajan/status/557398623428685824
rattlesnake28,http://pbs.twimg.com/profile_images/547558269770674176/N5VDgLGl_bigger.jpeg,https://twitter.com/rattlesnake28/status/557408184898301953
rakeshvchandran,http://pbs.twimg.com/profile_images/550459050870050818/SqUdomBO_bigger.jpeg,https://twitter.com/rakeshvchandran/status/557403396563423232
rahmanakon_18,http://pbs.twimg.com/profile_images/487252987962593282/8gUgfG2d_bigger.jpeg,https://twitter.com/rahmanakon_18/status/557399055844646912
raghuvaranpspk,http://pbs.twimg.com/profile_images/556763496612757504/tpYjbYQS_bigger.jpeg,https://twitter.com/raghuvaranpspk/status/557402900540825601
raghudiddigi,http://pbs.twimg.com/profile_images/431466985021374464/xTB93YXf_bigger.jpeg,https://twitter.com/raghudiddigi/status/557399624671956992
rachankamath,http://pbs.twimg.com/profile_images/556078583051862016/Y9mqUino_bigger.jpeg,https://twitter.com/rachankamath/status/557413332706025472
punjab_badshah,http://abs.twimg.com/sticky/default_profile_images/default_profile_1_bigger.png,https://twitter.com/punjab_badshah/status/557399519932194816
ptvscore_tv,http://pbs.twimg.com/profile_images/541889496779071488/sDUDvpwp_bigger.png,https://twitter.com/ptvscore_tv/status/557398798805520384
ptkums,http://pbs.twimg.com/profile_images/557344908730589186/DS8Vo6h2_bigger.jpeg,https://twitter.com/ptkums/status/557398321191350272
pskannabiran,http://pbs.twimg.com/profile_images/551984695487901696/1WtAAYvb_bigger.jpeg,https://twitter.com/pskannabiran/status/557398716248633345
pruth_we,http://pbs.twimg.com/profile_images/546119451519614976/JAKRF25t_bigger.jpeg,https://twitter.com/pruth_we/status/557398854182531072
princeprakhar,http://pbs.twimg.com/profile_images/1563343889/27-09-11-12-05_bigger.jpg,https://twitter.com/princeprakhar/status/557398779050344448
prempiyush,http://pbs.twimg.com/profile_images/555667833074356224/A2Zvw6VQ_bigger.jpeg,https://twitter.com/prempiyush/status/557413617381818368
prekshabapna,http://pbs.twimg.com/profile_images/445583743802032129/CygU_kRE_bigger.jpeg,https://twitter.com/prekshabapna/status/557407279301931009
praveenjammy,http://pbs.twimg.com/profile_images/452828965141348352/n8YTlm5e_bigger.jpeg,https://twitter.com/praveenjammy/status/557397095863169024
prasdbZ,http://pbs.twimg.com/profile_images/550378826622967809/rHHwZ9V9_bigger.jpeg,https://twitter.com/prasdbZ/status/557403227210018816
prasadsunny557,http://pbs.twimg.com/profile_images/553202116336943104/kDaTzWY7_bigger.jpeg,https://twitter.com/prasadsunny557/status/557409014384844800
pras241,http://pbs.twimg.com/profile_images/487487040326344705/qQ1ZehVh_bigger.jpeg,https://twitter.com/pras241/status/557397744671653889
pranavdi,http://pbs.twimg.com/profile_images/539310320074780672/nzXwUo9S_bigger.jpeg,https://twitter.com/pranavdi/status/557397223340658688
piya_kohli,http://pbs.twimg.com/profile_images/556675633414012928/6NH5HG_F_bigger.jpeg,https://twitter.com/piya_kohli/status/557397509912264704
pavanvoice,http://pbs.twimg.com/profile_images/378800000370615090/aab60dc49d55813e10fe3a2da505b3ec_bigger.jpeg,https://twitter.com/pavanvoice/status/557416532272115712
panditiskavi,http://pbs.twimg.com/profile_images/512868653943889920/bRyE9WoI_bigger.jpeg,https://twitter.com/panditiskavi/status/557399183506698240
pak_services,http://pbs.twimg.com/profile_images/554330759356358657/vXRO5MS0_bigger.jpeg,https://twitter.com/pak_services/status/557406603553431553
padmanva,http://abs.twimg.com/sticky/default_profile_images/default_profile_5_bigger.png,https://twitter.com/padmanva/status/557413502801829888
pa1kalyn,http://pbs.twimg.com/profile_images/550556906444447745/lHROyOgC_bigger.jpeg,https://twitter.com/pa1kalyn/status/557412481782411264
p_pradhan76,http://pbs.twimg.com/profile_images/555368993964302336/W2w4FoB5_bigger.jpeg,https://twitter.com/p_pradhan76/status/557402693241561090
owais700,http://pbs.twimg.com/profile_images/527315953663479811/Oxa6kUUr_bigger.jpeg,https://twitter.com/owais700/status/557400911748665344
ousideoffstump,http://pbs.twimg.com/profile_images/500037160834060289/SbCDeLnF_bigger.png,https://twitter.com/ousideoffstump/status/557404749432381441
oldschoolmonk,http://pbs.twimg.com/profile_images/3279137210/65fb9014b582b2cda8124854011f67fa_bigger.png,https://twitter.com/oldschoolmonk/status/557398989604024320
nitin_ps,http://pbs.twimg.com/profile_images/1664380224/1DOB2JUS_bigger,https://twitter.com/nitin_ps/status/557407310364958720
nitin40,http://pbs.twimg.com/profile_images/3333556086/4c3040feba5bc4d9e1c27666e909d78f_bigger.jpeg,https://twitter.com/nitin40/status/557397201987457025
nishad_45,http://pbs.twimg.com/profile_images/442218501223104512/ImcVn-uK_bigger.jpeg,https://twitter.com/nishad_45/status/557404875336982528
niravchaku,http://pbs.twimg.com/profile_images/1791299096/Nirav_Patel_bigger.jpg,https://twitter.com/niravchaku/status/557397550886428672
needful063,http://pbs.twimg.com/profile_images/556657923032494080/J_QyZd93_bigger.jpeg,https://twitter.com/needful063/status/557398249762324480
navashunavashu,http://pbs.twimg.com/profile_images/506657227478806530/KFXgNfUT_bigger.jpeg,https://twitter.com/navashunavashu/status/557402346871726081
namanagrawal_93,http://pbs.twimg.com/profile_images/554119880916496384/H9pGQ_Qf_bigger.jpeg,https://twitter.com/namanagrawal_93/status/557401241299337217
nakskhan27,http://pbs.twimg.com/profile_images/503427386520506368/UKZt6FfE_bigger.jpeg,https://twitter.com/nakskhan27/status/557399452538138624
na1978rendra,http://abs.twimg.com/sticky/default_profile_images/default_profile_3_bigger.png,https://twitter.com/na1978rendra/status/557408320152023041
mpuneet321,http://pbs.twimg.com/profile_images/483198147921854465/T7aBUicY_bigger.jpeg,https://twitter.com/mpuneet321/status/557400967943954433
mkkhedawat,http://pbs.twimg.com/profile_images/547097013431439360/8LYbz0Lm_bigger.jpeg,https://twitter.com/mkkhedawat/status/557415516864651264
mimranptk,http://pbs.twimg.com/profile_images/546636484095139840/l9IRtM91_bigger.jpeg,https://twitter.com/mimranptk/status/557401482488586240
meteethdoctor,http://pbs.twimg.com/profile_images/539399807362547712/tTxNW1Ae_bigger.jpeg,https://twitter.com/meteethdoctor/status/557399731748352000
merin_kumar,http://pbs.twimg.com/profile_images/555300633830371328/jHikfEeb_bigger.jpeg,https://twitter.com/merin_kumar/status/557397886455914497
mechandru,http://pbs.twimg.com/profile_images/547206537341444097/NT_pyVsW_bigger.jpeg,https://twitter.com/mechandru/status/557408502105120768
mazumdarbijay,http://pbs.twimg.com/profile_images/378800000608667065/1c8e5576f0ce168e1f399677e6f3ba5c_bigger.jpeg,https://twitter.com/mazumdarbijay/status/557399144256380929
manoharrgowda,http://pbs.twimg.com/profile_images/498885452573573120/pR1JXyQS_bigger.jpeg,https://twitter.com/manoharrgowda/status/557403439827668992
manangupta4,http://pbs.twimg.com/profile_images/430618418429964288/BTgofgrK_bigger.jpeg,https://twitter.com/manangupta4/status/557397377984630784
mahesh2weets,http://pbs.twimg.com/profile_images/537848206072504320/OEjfyB1s_bigger.jpeg,https://twitter.com/mahesh2weets/status/557397111558635520
localteaparty,http://pbs.twimg.com/profile_images/378800000741775882/381dd79c84d88aedb3f7ffe06a98feaa_bigger.jpeg,https://twitter.com/localteaparty/status/557397332409745409
krbhardwaj,http://pbs.twimg.com/profile_images/505830876106588161/-MzxxPwT_bigger.jpeg,https://twitter.com/krbhardwaj/status/557397968672653312
kohli_jee2_j,http://abs.twimg.com/sticky/default_profile_images/default_profile_2_bigger.png,https://twitter.com/kohli_jee2_j/status/557398186965606400
kohli_arpit,http://pbs.twimg.com/profile_images/527171845082988544/EolWVPZp_bigger.jpeg,https://twitter.com/kohli_arpit/status/557399598507913216
keyresourcing,http://pbs.twimg.com/profile_images/526683907396100096/ruPFOUtW_bigger.jpeg,https://twitter.com/keyresourcing/status/557413520514351104
ketanpatill,http://pbs.twimg.com/profile_images/516549047331459072/lxJx93V5_bigger.jpeg,https://twitter.com/ketanpatill/status/557399347965341697
karthikrks,http://abs.twimg.com/sticky/default_profile_images/default_profile_4_bigger.png,https://twitter.com/karthikrks/status/557406366944354304
kalra_rish,http://pbs.twimg.com/profile_images/501716859016577026/7FsUayCR_bigger.jpeg,https://twitter.com/kalra_rish/status/557412891670745088
jnd583,http://pbs.twimg.com/profile_images/551417369193504768/AMl-idS6_bigger.jpeg,https://twitter.com/jnd583/status/557399778728759299
jigri_log,http://abs.twimg.com/sticky/default_profile_images/default_profile_4_bigger.png,https://twitter.com/jigri_log/status/557403592957513728
jai_ashu,http://pbs.twimg.com/profile_images/529311446039945217/TSUXCMfH_bigger.jpeg,https://twitter.com/jai_ashu/status/557399672197615616
jahidulhoque841,http://abs.twimg.com/sticky/default_profile_images/default_profile_2_bigger.png,https://twitter.com/jahidulhoque841/status/557398163376848896
itsdhruvism,http://pbs.twimg.com/profile_images/557047858486996992/b2WPfk_6_bigger.jpeg,https://twitter.com/itsdhruvism/status/557416183834492928
ishq_bazar,http://abs.twimg.com/sticky/default_profile_images/default_profile_6_bigger.png,https://twitter.com/ishq_bazar/status/557397558625337344
ip23dragoon,http://pbs.twimg.com/profile_images/378800000701206391/55f2df214ff1deb1d340d6691f727d85_bigger.jpeg,https://twitter.com/ip23dragoon/status/557405974030327808
indigokores,http://pbs.twimg.com/profile_images/537368872232312832/wAV_8pNR_bigger.jpeg,https://twitter.com/indigokores/status/557399191379398657
imsharmarahul,http://pbs.twimg.com/profile_images/512094542674145280/cCawJUI2_bigger.jpeg,https://twitter.com/imsharmarahul/status/557405159152553988
imicky143,http://pbs.twimg.com/profile_images/554467021371355137/1agG0HoZ_bigger.jpeg,https://twitter.com/imicky143/status/557397951757041665
imanishs76,http://pbs.twimg.com/profile_images/452467897361649664/sZz6HikE_bigger.jpeg,https://twitter.com/imanishs76/status/557397481323888640
imVKshukla,http://pbs.twimg.com/profile_images/557399495957180416/AQL2Xteh_bigger.jpeg,https://twitter.com/imVKshukla/status/557401577753833472
imMathan18,http://pbs.twimg.com/profile_images/557389283619659776/uleWDjC3_bigger.jpeg,https://twitter.com/imMathan18/status/557397712706863104
imGkhosla,http://pbs.twimg.com/profile_images/557383138339336192/SGNyG4U5_bigger.jpeg,https://twitter.com/imGkhosla/status/557397915962855426
imAbhijeet0803,http://pbs.twimg.com/profile_images/554568559167537152/rjMjf5vX_bigger.jpeg,https://twitter.com/imAbhijeet0803/status/557397460428275712
ibestest,http://pbs.twimg.com/profile_images/550169498846654464/NMujlvAS_bigger.jpeg,https://twitter.com/ibestest/status/557400480855236609
iamsubs,http://pbs.twimg.com/profile_images/472380671076233216/aW-hxBhT_bigger.jpeg,https://twitter.com/iamsubs/status/557399293410410496
iamshreyavkohli,http://pbs.twimg.com/profile_images/557209621190803457/AY0S3OA8_bigger.jpeg,https://twitter.com/iamshreyavkohli/status/557406360359272448
iamjahir,http://pbs.twimg.com/profile_images/557394900493148161/S3Uvqnpl_bigger.jpeg,https://twitter.com/iamjahir/status/557407825471606784
iamjahed99,http://pbs.twimg.com/profile_images/553865458391064577/FYjYP2w7_bigger.jpeg,https://twitter.com/iamjahed99/status/557398168556814337
iamgraphik,http://pbs.twimg.com/profile_images/3349599151/60411a0c7759becd803fe04742f598cf_bigger.jpeg,https://twitter.com/iamgraphik/status/557402114473750529
iam___hole,http://pbs.twimg.com/profile_images/492643006386679808/mzpgbyqV_bigger.jpeg,https://twitter.com/iam___hole/status/557397938872549376
iNikMehta,http://pbs.twimg.com/profile_images/497815324545130497/Emk4Uf_Y_bigger.jpeg,https://twitter.com/iNikMehta/status/557405821387042817
iGauravMahajan,http://pbs.twimg.com/profile_images/3099461031/86a514665321d09dbf6682e2dcc85a67_bigger.jpeg,https://twitter.com/iGauravMahajan/status/557406759925473281
iFurrukh,http://pbs.twimg.com/profile_images/442162665566113793/pLo7Gw6B_bigger.jpeg,https://twitter.com/iFurrukh/status/557398990413516801
iAmSubrato,http://pbs.twimg.com/profile_images/555589207251378176/QjGzx5Ux_bigger.jpeg,https://twitter.com/iAmSubrato/status/557398208608206848
iAhmer,http://pbs.twimg.com/profile_images/553579982388092928/jBBIroRY_bigger.jpeg,https://twitter.com/iAhmer/status/557412962286067714
hrsanjaynegi,http://pbs.twimg.com/profile_images/378800000753150305/31ef771b2b40893fd6d24edc3086380f_bigger.jpeg,https://twitter.com/hrsanjaynegi/status/557412507170516992
hindustani89,http://pbs.twimg.com/profile_images/378800000297544254/a4c8e8ddb99c2125600bd53d8103aed2_bigger.jpeg,https://twitter.com/hindustani89/status/557410132498198528
himanshuwankhe7,http://pbs.twimg.com/profile_images/557210133604741120/U8KrULO2_bigger.jpeg,https://twitter.com/himanshuwankhe7/status/557397941283876864
haricharanreddy,http://pbs.twimg.com/profile_images/378800000797251930/43793e3845681d07153832514beb8dda_bigger.jpeg,https://twitter.com/haricharanreddy/status/557400768949813248
gunaphysics,http://pbs.twimg.com/profile_images/526763631627993088/h9rjbTQP_bigger.jpeg,https://twitter.com/gunaphysics/status/557398489156440064
giravsingh,http://pbs.twimg.com/profile_images/516545972155846657/X1b6-dV2_bigger.jpeg,https://twitter.com/giravsingh/status/557399339740311552
gerrypio,http://pbs.twimg.com/profile_images/523025929216331776/pkn9iF_i_bigger.jpeg,https://twitter.com/gerrypio/status/557397077517279233
geosuperhdtv,http://pbs.twimg.com/profile_images/415372246706688000/aGx3Djx2_bigger.jpeg,https://twitter.com/geosuperhdtv/status/557398305802420224
gauravagg,http://pbs.twimg.com/profile_images/1205853687/gaurav_bigger.jpg,https://twitter.com/gauravagg/status/557402954417045504
fuckamm,http://pbs.twimg.com/profile_images/516556407462576129/ryMyf2pO_bigger.jpeg,https://twitter.com/fuckamm/status/557399436452581376
fly_toaustralia,http://pbs.twimg.com/profile_images/661554409/sydney_opera_house_bigger.jpg,https://twitter.com/fly_toaustralia/status/557398495003693058
feat_gautham,http://pbs.twimg.com/profile_images/551769147948797952/MkzsMAIT_bigger.jpeg,https://twitter.com/feat_gautham/status/557397613402542080
faraazkazi,http://pbs.twimg.com/profile_images/1573872702/299473_211556582243506_100001674969303_585223_2078351385_n_bigger.jpg,https://twitter.com/faraazkazi/status/557402385346068481
fakecelebrityCK,http://pbs.twimg.com/profile_images/554495632518311936/QVB7EGis_bigger.jpeg,https://twitter.com/fakecelebrityCK/status/557400842844635136
faisalsrkfs,http://pbs.twimg.com/profile_images/555277783538999296/CAfuckC-_bigger.jpeg,https://twitter.com/faisalsrkfs/status/557414695875772416
eyon_berney,http://pbs.twimg.com/profile_images/553727835320631296/N09yPL6X_bigger.jpeg,https://twitter.com/eyon_berney/status/557401632993202176
ecoindiatour,http://pbs.twimg.com/profile_images/2534661783/ecotourism_bigger.png,https://twitter.com/ecoindiatour/status/557408092220956673
dysonblade,http://pbs.twimg.com/profile_images/1753991556/P1000020_bigger.jpg,https://twitter.com/dysonblade/status/557413573627232256
duskymangala,http://pbs.twimg.com/profile_images/418978314292695040/8sBZUrID_bigger.jpeg,https://twitter.com/duskymangala/status/557410543955226624
dp00040,http://pbs.twimg.com/profile_images/488299191643295746/uEigehCh_bigger.jpeg,https://twitter.com/dp00040/status/557397080776663041
doc_arunupreti,http://pbs.twimg.com/profile_images/505630445698940928/yPOlUoTG_bigger.jpeg,https://twitter.com/doc_arunupreti/status/557397729144340481
dna,http://pbs.twimg.com/profile_images/550335868636909568/NL2SSUQN_bigger.jpeg,https://twitter.com/dna/status/557398531145625600
divyaakale,http://pbs.twimg.com/profile_images/512869075588898816/5ANSJqT-_bigger.jpeg,https://twitter.com/divyaakale/status/557399175063552000
dinuwatto4,http://pbs.twimg.com/profile_images/550160228679815170/38L-siN__bigger.jpeg,https://twitter.com/dinuwatto4/status/557398198415659008
dil_2_dil_1_7,http://abs.twimg.com/sticky/default_profile_images/default_profile_0_bigger.png,https://twitter.com/dil_2_dil_1_7/status/557402049651175424
dijarwal,http://pbs.twimg.com/profile_images/554545461395083264/2NIGUAq6_bigger.jpeg,https://twitter.com/dijarwal/status/557399682935447552
dhotedhulwate,http://pbs.twimg.com/profile_images/550540524709355521/6celWGhf_bigger.jpeg,https://twitter.com/dhotedhulwate/status/557404182450163714
dhoom_cricket,http://abs.twimg.com/sticky/default_profile_images/default_profile_2_bigger.png,https://twitter.com/dhoom_cricket/status/557397632067174400
deepakravi81,http://pbs.twimg.com/profile_images/540035494147407872/T8TiP4To_bigger.jpeg,https://twitter.com/deepakravi81/status/557415501056335873
dayapandeji,http://pbs.twimg.com/profile_images/516536273159221248/_QeQcbaU_bigger.jpeg,https://twitter.com/dayapandeji/status/557399265551450113
das_tilak,http://pbs.twimg.com/profile_images/506141116232900609/Cc1nuKQA_bigger.jpeg,https://twitter.com/das_tilak/status/557404846002016256
daggers15,http://pbs.twimg.com/profile_images/545186737849241600/VII5LNOv_bigger.jpeg,https://twitter.com/daggers15/status/557402278668156928
ctholkapiyan,http://pbs.twimg.com/profile_images/554956885770510337/nMtUhbzU_bigger.jpeg,https://twitter.com/ctholkapiyan/status/557401114945916928
csekarkp,http://pbs.twimg.com/profile_images/557151698221678594/AmzHXEO7_bigger.jpeg,https://twitter.com/csekarkp/status/557397208299884545
cricroom2,http://pbs.twimg.com/profile_images/554272791411699713/JJpWHugQ_bigger.png,https://twitter.com/cricroom2/status/557397788321800192
cricketsourabh,http://pbs.twimg.com/profile_images/2528472481/logo_cricket_bigger.jpg,https://twitter.com/cricketsourabh/status/557397262867767297
cricketingview,http://pbs.twimg.com/profile_images/3461958538/d394d179e9346be3e2353d711af7fed5_bigger.jpeg,https://twitter.com/cricketingview/status/557409377653911552
cricadharsh,http://pbs.twimg.com/profile_images/554715924100833282/fpcFNYwj_bigger.jpeg,https://twitter.com/cricadharsh/status/557399134684991488
cric_fever,http://pbs.twimg.com/profile_images/545930085530738688/cOmE6q-r_bigger.jpeg,https://twitter.com/cric_fever/status/557401053990109184
creativerascal,http://pbs.twimg.com/profile_images/544386537861828608/nKj7jcx2_bigger.jpeg,https://twitter.com/creativerascal/status/557413133694676992
coolnavss,http://pbs.twimg.com/profile_images/556465135221362688/WnKDU82K_bigger.jpeg,https://twitter.com/coolnavss/status/557397628908888065
coolnavnit,http://pbs.twimg.com/profile_images/1154422792/23102010983_bigger.jpg,https://twitter.com/coolnavnit/status/557414170627293184
codenameaby,http://pbs.twimg.com/profile_images/551846599458975746/A935YEn7_bigger.jpeg,https://twitter.com/codenameaby/status/557398265235537920
clutchplay,http://pbs.twimg.com/profile_images/549356559491284993/qjHu1u7v_bigger.jpeg,https://twitter.com/clutchplay/status/557404382807855104
choeku_jack,http://pbs.twimg.com/profile_images/544769410695581698/wMivIHjP_bigger.jpeg,https://twitter.com/choeku_jack/status/557399803449982976
chinmay2603,http://pbs.twimg.com/profile_images/528383278361767937/NyHwSJnO_bigger.jpeg,https://twitter.com/chinmay2603/status/557399369863794689
chingam_boy,http://pbs.twimg.com/profile_images/546138501649940481/sbgBVjPU_bigger.png,https://twitter.com/chingam_boy/status/557397600203464706
chidkii,http://pbs.twimg.com/profile_images/447012033381167106/nRuelPYI_bigger.jpeg,https://twitter.com/chidkii/status/557401417921482753
chetanbammi,http://pbs.twimg.com/profile_images/522110452961013760/O79Umsm6_bigger.jpeg,https://twitter.com/chetanbammi/status/557401493473488896
cheers_ss,http://pbs.twimg.com/profile_images/515362615833280512/1BoJ2HpH_bigger.jpeg,https://twitter.com/cheers_ss/status/557403223481282562
captainshanky,http://pbs.twimg.com/profile_images/434616501010567168/4Xf4Dfik_bigger.jpeg,https://twitter.com/captainshanky/status/557416805140951040
caharshitmishra,http://pbs.twimg.com/profile_images/519925633560739840/qlSTfD02_bigger.jpeg,https://twitter.com/caharshitmishra/status/557400256195739648
butt_eesa,http://pbs.twimg.com/profile_images/549487772445069313/IU-xKAAQ_bigger.jpeg,https://twitter.com/butt_eesa/status/557400189896773632
brooke_kohli,http://pbs.twimg.com/profile_images/554851094611103744/6KskzhFs_bigger.jpeg,https://twitter.com/brooke_kohli/status/557397382934323200
boom_boom_ms,http://abs.twimg.com/sticky/default_profile_images/default_profile_4_bigger.png,https://twitter.com/boom_boom_ms/status/557405812616740866
bineetmishra,http://pbs.twimg.com/profile_images/830443566/IMG_0057_bigger.jpg,https://twitter.com/bineetmishra/status/557401585861398528
bidurad,http://pbs.twimg.com/profile_images/552035144282800128/XLqMtKeZ_bigger.jpeg,https://twitter.com/bidurad/status/557400824691691521
bhattkishorr,http://pbs.twimg.com/profile_images/516538404540907521/Fmqh5d_1_bigger.jpeg,https://twitter.com/bhattkishorr/status/557399311881732097
bhanu_tarak9999,http://pbs.twimg.com/profile_images/557220377063981057/uYoBRbcW_bigger.jpeg,https://twitter.com/bhanu_tarak9999/status/557397843686592513
bettiwettiwoo,http://pbs.twimg.com/profile_images/3030047920/65051aace74ae017fb4421ae3c08c4f3_bigger.jpeg,https://twitter.com/bettiwettiwoo/status/557397264046383104
beckh_23,http://pbs.twimg.com/profile_images/556465924253810688/U13OnlrF_bigger.jpeg,https://twitter.com/beckh_23/status/557411342932402177
babar_ahmad,http://pbs.twimg.com/profile_images/549415502506758144/6BMRUDna_bigger.jpeg,https://twitter.com/babar_ahmad/status/557398042056200192
azaad_voice1,http://abs.twimg.com/sticky/default_profile_images/default_profile_1_bigger.png,https://twitter.com/azaad_voice1/status/557398463445356544
ayaz_khan007,http://pbs.twimg.com/profile_images/546700598729400320/mAuRncFX_bigger.jpeg,https://twitter.com/ayaz_khan007/status/557397206588604416
avid__dreamer,http://pbs.twimg.com/profile_images/555618362512789504/biblvFXp_bigger.jpeg,https://twitter.com/avid__dreamer/status/557397562890526722
authentikAli,http://pbs.twimg.com/profile_images/549088518379556864/O6f8ITdj_bigger.jpeg,https://twitter.com/authentikAli/status/557414155431329792
ashrings,http://pbs.twimg.com/profile_images/378800000444775625/efce93f04ecabfe8777a7d3b1f2573ee_bigger.jpeg,https://twitter.com/ashrings/status/557399348556734464
ashok2you,http://pbs.twimg.com/profile_images/557237797291962368/GXpdEvKa_bigger.png,https://twitter.com/ashok2you/status/557398738528788480
ashishitsme,http://pbs.twimg.com/profile_images/557209549401104385/68g49nOe_bigger.jpeg,https://twitter.com/ashishitsme/status/557416415058083841
ashish7s,http://pbs.twimg.com/profile_images/33127102/P9300242_bigger.JPG,https://twitter.com/ashish7s/status/557397861768253440
arpitraha,http://pbs.twimg.com/profile_images/378800000114602162/f15e7469ea3d436506f3d00059da9d79_bigger.jpeg,https://twitter.com/arpitraha/status/557397064087138304
arj_90,http://pbs.twimg.com/profile_images/556981489167237120/sHvZ8Qba_bigger.jpeg,https://twitter.com/arj_90/status/557404527289458690
archnasingh781,http://pbs.twimg.com/profile_images/549463360798879744/S94YOU34_bigger.jpeg,https://twitter.com/archnasingh781/status/557410544353685504
ansarameed,http://pbs.twimg.com/profile_images/535790108234899456/SdlMWkus_bigger.jpeg,https://twitter.com/ansarameed/status/557397161072009216
anothersrkian,http://pbs.twimg.com/profile_images/557407728092475393/iyOjSakY_bigger.jpeg,https://twitter.com/anothersrkian/status/557407833545646080
anoj_rp,http://pbs.twimg.com/profile_images/378800000005651373/c311a0f40cc507946df41f258c09b420_bigger.jpeg,https://twitter.com/anoj_rp/status/557397416719032320
anju_dharshini,http://pbs.twimg.com/profile_images/555732099911528448/Mmmp5TPB_bigger.jpeg,https://twitter.com/anju_dharshini/status/557400278266171393
anish_kohli,http://pbs.twimg.com/profile_images/526364502854348802/XD5St4gX_bigger.jpeg,https://twitter.com/anish_kohli/status/557403646905028608
ani_aks927,http://pbs.twimg.com/profile_images/555678585449488385/L5LNpVAB_bigger.jpeg,https://twitter.com/ani_aks927/status/557399937223127040
an_usa_bar,http://pbs.twimg.com/profile_images/553623492793364480/8bxMeGds_bigger.jpeg,https://twitter.com/an_usa_bar/status/557397740414447617
amrutti,http://pbs.twimg.com/profile_images/437984048581844992/gSXoG0hd_bigger.jpeg,https://twitter.com/amrutti/status/557415061723963394
amolmalu,http://pbs.twimg.com/profile_images/378800000846814727/6a3d49b5701c4f51b1038cb7b7c84516_bigger.jpeg,https://twitter.com/amolmalu/status/557398351914622976
amitmirror,http://pbs.twimg.com/profile_images/429880117/amitgupta_bigger.jpg,https://twitter.com/amitmirror/status/557399751314776064
amitkumarchy,http://pbs.twimg.com/profile_images/513607303308644352/Jk-TYMtF_bigger.jpeg,https://twitter.com/amitkumarchy/status/557411516467523585
amitjain1002,http://pbs.twimg.com/profile_images/553418791497900032/HqhhkDC1_bigger.jpeg,https://twitter.com/amitjain1002/status/557407463016644608
alishagaonkar,http://pbs.twimg.com/profile_images/512864020445941760/OOLjM4yp_bigger.jpeg,https://twitter.com/alishagaonkar/status/557399193724006401
akshay_nepal,http://pbs.twimg.com/profile_images/529553139704135683/-31ZJjYz_bigger.jpeg,https://twitter.com/akshay_nepal/status/557416425846226944
aksharraass,http://pbs.twimg.com/profile_images/516559738511712258/kLJpjQq8_bigger.jpeg,https://twitter.com/aksharraass/status/557399444530790401
ajjuofficial,http://pbs.twimg.com/profile_images/547918892073357312/h11tKsMq_bigger.jpeg,https://twitter.com/ajjuofficial/status/557406805106507776
ajjunrams,http://pbs.twimg.com/profile_images/552046069224181760/t_hlDFdF_bigger.jpeg,https://twitter.com/ajjunrams/status/557399174891569152
airydairy,http://pbs.twimg.com/profile_images/551823590321295361/fLaRnzoB_bigger.jpeg,https://twitter.com/airydairy/status/557397189933400064
adityagund,http://pbs.twimg.com/profile_images/477044306549960704/niOuCs1V_bigger.jpeg,https://twitter.com/adityagund/status/557397153492901888
aditilawand,http://pbs.twimg.com/profile_images/555038608642437121/2SgsKgL0_bigger.jpeg,https://twitter.com/aditilawand/status/557412280208338944
abpnewstv,http://pbs.twimg.com/profile_images/503815421619736576/q-RCGRkh_bigger.png,https://twitter.com/abpnewstv/status/557397231297257472
abhitaliyan,http://pbs.twimg.com/profile_images/545763185618194432/hPr1EBUX_bigger.jpeg,https://twitter.com/abhitaliyan/status/557398193110261761
aaravkmeena,http://pbs.twimg.com/profile_images/550714940386844672/YynbJ9sj_bigger.jpeg,https://twitter.com/aaravkmeena/status/557411814648991744
aadi00703,http://pbs.twimg.com/profile_images/378800000823328453/cfa65ce3f58ed5aa05491d47b5f58f01_bigger.jpeg,https://twitter.com/aadi00703/status/557403402766778369
a1_update,http://abs.twimg.com/sticky/default_profile_images/default_profile_5_bigger.png,https://twitter.com/a1_update/status/557397517059760130
_preethamurugan,http://pbs.twimg.com/profile_images/557054962207698945/4rOKnzBb_bigger.jpeg,https://twitter.com/_preethamurugan/status/557403670963183616
_hafees,http://pbs.twimg.com/profile_images/557206288875024384/EF7XznIR_bigger.jpeg,https://twitter.com/_hafees/status/557398286454108160
_WorldCup2015_,http://pbs.twimg.com/profile_images/554498193090551809/zjTwHYfV_bigger.jpeg,https://twitter.com/_WorldCup2015_/status/557397117015040000
_RedDevils13,http://pbs.twimg.com/profile_images/554194887239663616/nBetfUVj_bigger.jpeg,https://twitter.com/_RedDevils13/status/557403071991394304
_Alisha_Francis,http://pbs.twimg.com/profile_images/549484158733389824/Vk3MU6Yv_bigger.jpeg,https://twitter.com/_Alisha_Francis/status/557416077785714688
ZM_999,http://pbs.twimg.com/profile_images/556276563721723904/puguu138_bigger.jpeg,https://twitter.com/ZM_999/status/557407694005366785
YatinRathod1,http://abs.twimg.com/sticky/default_profile_images/default_profile_2_bigger.png,https://twitter.com/YatinRathod1/status/557398059576229889
YashRodriguez10,http://pbs.twimg.com/profile_images/550586781704261632/J4Q8WgXv_bigger.jpeg,https://twitter.com/YashRodriguez10/status/557401334085738497
YahooIndia,http://pbs.twimg.com/profile_images/378800000414391041/57bea548f168229bfa7233f740ad5bda_bigger.jpeg,https://twitter.com/YahooIndia/status/557397087625940992
YahooCricket,http://pbs.twimg.com/profile_images/378800000428409483/618b25c1de0e3a5d67514c56881765d8_bigger.jpeg,https://twitter.com/YahooCricket/status/557397087210704897
YaaD_mE,http://pbs.twimg.com/profile_images/418006541715775488/wHKCVFwx_bigger.jpeg,https://twitter.com/YaaD_mE/status/557403574125076480
YOGESHBOND,http://pbs.twimg.com/profile_images/494121528741486593/2K80nnWh_bigger.jpeg,https://twitter.com/YOGESHBOND/status/557397404329078784
World_Cu2015,http://pbs.twimg.com/profile_images/556872003840638976/EYiw_Clt_bigger.jpeg,https://twitter.com/World_Cu2015/status/557397326227316737
WorldCup_015,http://abs.twimg.com/sticky/default_profile_images/default_profile_0_bigger.png,https://twitter.com/WorldCup_015/status/557398428121317376
Wcup_ScOrEs,http://pbs.twimg.com/profile_images/539387201722015744/qsa1H1H7_bigger.jpeg,https://twitter.com/Wcup_ScOrEs/status/557399197020737537
WastiOfficial,http://pbs.twimg.com/profile_images/549169281150111744/0HRYAjin_bigger.jpeg,https://twitter.com/WastiOfficial/status/557400280401055744
WC_crkt,http://pbs.twimg.com/profile_images/555149350478041088/aFMP3m-O_bigger.jpeg,https://twitter.com/WC_crkt/status/557397221860073474
VivekGajjala,http://pbs.twimg.com/profile_images/513013002132393984/qHGNEhZa_bigger.jpeg,https://twitter.com/VivekGajjala/status/557397328877719554
ViratsFaithful,http://pbs.twimg.com/profile_images/556716197337518080/CllHHfWi_bigger.jpeg,https://twitter.com/ViratsFaithful/status/557402531849322496
Virat_CricInfo,http://pbs.twimg.com/profile_images/554516481112027137/KljVp64I_bigger.jpeg,https://twitter.com/Virat_CricInfo/status/557397717077721090
VinithaDeshmukh,http://pbs.twimg.com/profile_images/508519269756182528/cOWsbnK2_bigger.jpeg,https://twitter.com/VinithaDeshmukh/status/557399072076595200
Vinita__Sharma,http://pbs.twimg.com/profile_images/507858421140291584/cDqG8n19_bigger.jpeg,https://twitter.com/Vinita__Sharma/status/557398944418766848
Vineetiyer1,http://pbs.twimg.com/profile_images/525929059189284864/paqaz_ke_bigger.jpeg,https://twitter.com/Vineetiyer1/status/557399500809986049
VimarshMunsif,http://pbs.twimg.com/profile_images/489047472577077248/_xOuBtHt_bigger.jpeg,https://twitter.com/VimarshMunsif/status/557402409522036736
VikzzD,http://pbs.twimg.com/profile_images/529290533017890816/Z-CvZQaK_bigger.jpeg,https://twitter.com/VikzzD/status/557399616740528128
ViivekB,http://pbs.twimg.com/profile_images/516536829915328512/twTk87bC_bigger.jpeg,https://twitter.com/ViivekB/status/557399256399486976
Vighrane01,http://pbs.twimg.com/profile_images/465536278759366656/dACUolw4_bigger.jpeg,https://twitter.com/Vighrane01/status/557398127229935616
VickzMUFC,http://pbs.twimg.com/profile_images/546627132340699138/PR22RnM2_bigger.png,https://twitter.com/VickzMUFC/status/557397291636912128
VershaMauryaa,http://pbs.twimg.com/profile_images/507874286007115776/7gSexwJV_bigger.jpeg,https://twitter.com/VershaMauryaa/status/557398857500217344
VartakAmey_,http://pbs.twimg.com/profile_images/507889532683837440/MjL8ovMB_bigger.jpeg,https://twitter.com/VartakAmey_/status/557398817905995777
Vaishu_Vk,http://pbs.twimg.com/profile_images/557161953513066497/BDvvbmk9_bigger.jpeg,https://twitter.com/Vaishu_Vk/status/557413982550515712
VIRAJ5,http://pbs.twimg.com/profile_images/523829862016884736/_-6AkQXv_bigger.jpeg,https://twitter.com/VIRAJ5/status/557397446272102401
UchilRohan,http://pbs.twimg.com/profile_images/518798774886350848/45ASTGT__bigger.jpeg,https://twitter.com/UchilRohan/status/557399519281692672
TweetsNowIn,http://pbs.twimg.com/profile_images/3309745800/9ee81110d44ddcbe50c2c6bdc2a544d5_bigger.png,https://twitter.com/TweetsNowIn/status/557398750000201728
TodayCricKets,http://pbs.twimg.com/profile_images/522702001352634368/GrgjNo-U_bigger.jpeg,https://twitter.com/TodayCricKets/status/557398541698887680
Tim_KohlI,http://pbs.twimg.com/profile_images/515375290671837184/toJr8aqW_bigger.jpeg,https://twitter.com/Tim_KohlI/status/557397742625239040
The_Bapu7,http://pbs.twimg.com/profile_images/557381366505930754/h-kViGtX_bigger.jpeg,https://twitter.com/The_Bapu7/status/557398605880127488
TheTypoOfGod,http://pbs.twimg.com/profile_images/557225380319199232/AVhLF201_bigger.jpeg,https://twitter.com/TheTypoOfGod/status/557398675928788993
TheKpFan,http://pbs.twimg.com/profile_images/554332608109088768/vvVS-nl6_bigger.jpeg,https://twitter.com/TheKpFan/status/557410623894462464
TheDehaati,http://pbs.twimg.com/profile_images/2176162723/Amarimage_0002_Edit001Dfdddm_bigger.jpg,https://twitter.com/TheDehaati/status/557407747528871936
TheBarfiGirl,http://pbs.twimg.com/profile_images/446992381213409282/jq_Dqah4_bigger.jpeg,https://twitter.com/TheBarfiGirl/status/557399336653307905
ThBigBingTheory,http://pbs.twimg.com/profile_images/470577368822603778/wnGQTA41_bigger.jpeg,https://twitter.com/ThBigBingTheory/status/557405206036504576
Tez_ScorePK,http://abs.twimg.com/sticky/default_profile_images/default_profile_1_bigger.png,https://twitter.com/Tez_ScorePK/status/557398347037016064
Tez_PtvSports,http://pbs.twimg.com/profile_images/518455911828819969/pgwPDpUP_bigger.png,https://twitter.com/Tez_PtvSports/status/557397911391457280
TestTubeBaba,http://pbs.twimg.com/profile_images/551763330788896769/1KjuLqE4_bigger.jpeg,https://twitter.com/TestTubeBaba/status/557397738363432960
TarunIrani83,http://pbs.twimg.com/profile_images/508246183802699776/Ah0FL4jq_bigger.jpeg,https://twitter.com/TarunIrani83/status/557399036555042816
Tariq_sss420,http://abs.twimg.com/sticky/default_profile_images/default_profile_6_bigger.png,https://twitter.com/Tariq_sss420/status/557405284176769024
TaniaDaghay,http://pbs.twimg.com/profile_images/512559886916268033/X9vqtZJB_bigger.jpeg,https://twitter.com/TaniaDaghay/status/557398837296259072
TaimoorScore,http://pbs.twimg.com/profile_images/518830451444957184/aNu8KnPw_bigger.jpeg,https://twitter.com/TaimoorScore/status/557413781131628544
TaLasH_Msg,http://pbs.twimg.com/profile_images/514653729966919681/vgN5TJRD_bigger.jpeg,https://twitter.com/TaLasH_Msg/status/557403280477663232
T_hn_,http://abs.twimg.com/sticky/default_profile_images/default_profile_3_bigger.png,https://twitter.com/T_hn_/status/557412388144955392
THAR_SAJAN_News,http://abs.twimg.com/sticky/default_profile_images/default_profile_4_bigger.png,https://twitter.com/THAR_SAJAN_News/status/557405516721565696
TEZ_CRICKET,http://pbs.twimg.com/profile_images/556856594957602817/LNbouZrN_bigger.png,https://twitter.com/TEZ_CRICKET/status/557408789368803328
SwatSportsNews,http://pbs.twimg.com/profile_images/378800000141778140/9a1728d6b7018b064906272befdc8456_bigger.jpeg,https://twitter.com/SwatSportsNews/status/557403344088883203
SuryanSiva,http://abs.twimg.com/sticky/default_profile_images/default_profile_0_bigger.png,https://twitter.com/SuryanSiva/status/557397119209062402
SupportIPL,http://pbs.twimg.com/profile_images/440025865733156864/UBSODp6c_bigger.png,https://twitter.com/SupportIPL/status/557397699310682112
SuperSportScore,http://pbs.twimg.com/profile_images/532729686749491201/uUujz3P0_bigger.jpeg,https://twitter.com/SuperSportScore/status/557397465188401152
SunnysBlueSky,http://pbs.twimg.com/profile_images/536751036828884992/QB3vXzbO_bigger.jpeg,https://twitter.com/SunnysBlueSky/status/557399764120002560
StylishScores,http://pbs.twimg.com/profile_images/545138771126001664/5R0YpPcn_bigger.jpeg,https://twitter.com/StylishScores/status/557400872700100608
Str8tDrive,http://pbs.twimg.com/profile_images/556064784022392836/pCJSQaax_bigger.jpeg,https://twitter.com/Str8tDrive/status/557404952557940736
SrshC,http://pbs.twimg.com/profile_images/424057057889640449/gFrFwhE1_bigger.jpeg,https://twitter.com/SrshC/status/557397570629033984
SriMayank,http://pbs.twimg.com/profile_images/488757747106582528/9battU3Q_bigger.jpeg,https://twitter.com/SriMayank/status/557403014483296256
Special_Asim,http://pbs.twimg.com/profile_images/550415124574765056/9q-t5rZG_bigger.jpeg,https://twitter.com/Special_Asim/status/557405741804318720
Souravsoumbasak,http://pbs.twimg.com/profile_images/3550065057/a7220fdf20414b595b0c753199b18bb8_bigger.jpeg,https://twitter.com/Souravsoumbasak/status/557397977157738496
SonakshiDevi25,http://pbs.twimg.com/profile_images/508217558852333568/r_QgRJPQ_bigger.jpeg,https://twitter.com/SonakshiDevi25/status/557399118046195712
SonOfChoudhary,http://pbs.twimg.com/profile_images/556509358293409793/mIwi0b5h_bigger.jpeg,https://twitter.com/SonOfChoudhary/status/557398297015377920
SnehaTweets_,http://pbs.twimg.com/profile_images/552383538616893442/8A1ZJ2aI_bigger.jpeg,https://twitter.com/SnehaTweets_/status/557399750366867457
SnehaKadam15,http://pbs.twimg.com/profile_images/508227368083664896/q6WtLH6a_bigger.jpeg,https://twitter.com/SnehaKadam15/status/557399108193755136
Smoking_Handle,http://pbs.twimg.com/profile_images/426730039619510272/xDT5ZkSM_bigger.jpeg,https://twitter.com/Smoking_Handle/status/557404413933780992
SmileyTitli,http://pbs.twimg.com/profile_images/554495532064727040/BQ3ePDek_bigger.jpeg,https://twitter.com/SmileyTitli/status/557405914374758400
SkyLiveCricket,http://pbs.twimg.com/profile_images/505758663085420544/5IwPK5nr_bigger.jpeg,https://twitter.com/SkyLiveCricket/status/557415257409609728
SirBinny,http://pbs.twimg.com/profile_images/554898448839749636/10wg3v5h_bigger.jpeg,https://twitter.com/SirBinny/status/557416774954545152
Singhjeevann,http://pbs.twimg.com/profile_images/516540728990638081/lrL810dm_bigger.jpeg,https://twitter.com/Singhjeevann/status/557399320672993280
SinghPramod2784,http://pbs.twimg.com/profile_images/528447262217625600/5yxz5ROu_bigger.jpeg,https://twitter.com/SinghPramod2784/status/557398826060103680
SiddheshSays,http://pbs.twimg.com/profile_images/556381420369608706/TuWWU7A5_bigger.jpeg,https://twitter.com/SiddheshSays/status/557399759858569216
Sickbasturd,http://pbs.twimg.com/profile_images/521890250516230144/WcNi2i0u_bigger.jpeg,https://twitter.com/Sickbasturd/status/557415956486451201
ShubhCricket,http://abs.twimg.com/sticky/default_profile_images/default_profile_5_bigger.png,https://twitter.com/ShubhCricket/status/557400679044882432
ShreyaNair73,http://pbs.twimg.com/profile_images/525928278130188288/Oco0FLg6_bigger.jpeg,https://twitter.com/ShreyaNair73/status/557399569999204352
ShreyaIyer3,http://pbs.twimg.com/profile_images/525926455046193154/nqx6nIzJ_bigger.jpeg,https://twitter.com/ShreyaIyer3/status/557399555977650179
ShortThirdMan,http://pbs.twimg.com/profile_images/545910765023023105/BOXMQSO9_bigger.jpeg,https://twitter.com/ShortThirdMan/status/557403188710891520
ShitGrownupsSay,http://pbs.twimg.com/profile_images/378800000714933740/4eaed4ab37216f4de8ff0e32be0b07b8_bigger.jpeg,https://twitter.com/ShitGrownupsSay/status/557398539421372416
ShibuKumble,http://pbs.twimg.com/profile_images/525926576169308162/_3c2b1vh_bigger.jpeg,https://twitter.com/ShibuKumble/status/557399528148463616
Shanurirish,http://pbs.twimg.com/profile_images/552368764532977664/OMvVxIfL_bigger.jpeg,https://twitter.com/Shanurirish/status/557398700238979072
ShamimSyad,http://pbs.twimg.com/profile_images/418231231285706752/Sv333v8p_bigger.jpeg,https://twitter.com/ShamimSyad/status/557401890044907520
ShakuntalaaB,http://pbs.twimg.com/profile_images/516553427359244288/FuAOztjC_bigger.jpeg,https://twitter.com/ShakuntalaaB/status/557399416445734912
Shabicricket,http://pbs.twimg.com/profile_images/548782643039334400/m6TLz93h_bigger.jpeg,https://twitter.com/Shabicricket/status/557398138986561536
SethRaaunak,http://pbs.twimg.com/profile_images/510326701310492672/IherJtmA_bigger.jpeg,https://twitter.com/SethRaaunak/status/557399135133765632
SenceOfHuman,http://pbs.twimg.com/profile_images/557197748278030336/FebxZkm3_bigger.jpeg,https://twitter.com/SenceOfHuman/status/557402144030994432
SaudarshanN,http://pbs.twimg.com/profile_images/516232091487305728/ZXaZ0l19_bigger.jpeg,https://twitter.com/SaudarshanN/status/557399283956064256
SasaAVS,http://pbs.twimg.com/profile_images/455293250421538816/lGyBWlNt_bigger.jpeg,https://twitter.com/SasaAVS/status/557397070068199424
SardarRishi,http://pbs.twimg.com/profile_images/516231044526125057/xzi2SHFx_bigger.jpeg,https://twitter.com/SardarRishi/status/557399292948643840
Sarathnkasi,http://pbs.twimg.com/profile_images/543826118696914944/mTeSqL2F_bigger.jpeg,https://twitter.com/Sarathnkasi/status/557397812627775488
Santhu1212,http://pbs.twimg.com/profile_images/542180904269905921/72l4pZfB_bigger.png,https://twitter.com/Santhu1212/status/557400601806381056
Sagar_Sports1,http://pbs.twimg.com/profile_images/378800000394468273/c15ec9581f9958e962d02d7c0dbe3dc8_bigger.jpeg,https://twitter.com/Sagar_Sports1/status/557397398105112576
Saeedalainy,http://pbs.twimg.com/profile_images/556795289294475264/8gmw3g97_bigger.jpeg,https://twitter.com/Saeedalainy/status/557398864559222784
S_Ajiz_Ckt,http://pbs.twimg.com/profile_images/549797731556810752/VKymbhoN_bigger.jpeg,https://twitter.com/S_Ajiz_Ckt/status/557397881116585984
S_Afridi_Sixer,http://pbs.twimg.com/profile_images/526290133637529600/MlS76tAn_bigger.jpeg,https://twitter.com/S_Afridi_Sixer/status/557397383193976833
SUBRATOCHAKRAB1,http://pbs.twimg.com/profile_images/532024410048184320/sAe4PnLO_bigger.jpeg,https://twitter.com/SUBRATOCHAKRAB1/status/557401493373210624
SNT_Good,http://pbs.twimg.com/profile_images/552997175081172992/pfLGtMUO_bigger.jpeg,https://twitter.com/SNT_Good/status/557412640763686912
SLTCRICKET,http://pbs.twimg.com/profile_images/448772993104097280/C0-pQFmB_bigger.jpeg,https://twitter.com/SLTCRICKET/status/557415500880568320
SAMPATH_B24,http://pbs.twimg.com/profile_images/556714180317675520/aKwYS7VL_bigger.jpeg,https://twitter.com/SAMPATH_B24/status/557398093709074433
Rodfather73,http://pbs.twimg.com/profile_images/3317092892/f430604d73e3dbebe6929e9e9ca148c8_bigger.jpeg,https://twitter.com/Rodfather73/status/557414440468226048
Rinkalsahu,http://pbs.twimg.com/profile_images/553606963792052224/tMjt8UI4_bigger.jpeg,https://twitter.com/Rinkalsahu/status/557401552449581056
Razicricket,http://pbs.twimg.com/profile_images/550147923070025728/N10szWR2_bigger.jpeg,https://twitter.com/Razicricket/status/557402395450171392
RamUchil,http://pbs.twimg.com/profile_images/525928073439752192/4KBpYyxC_bigger.jpeg,https://twitter.com/RamUchil/status/557399473018523648
Raj_4Prince,http://pbs.twimg.com/profile_images/552767150557913088/ZJvrnLSu_bigger.jpeg,https://twitter.com/Raj_4Prince/status/557413040270749697
RahulRadhe1,http://pbs.twimg.com/profile_images/525927190123139072/YZIfB5tu_bigger.jpeg,https://twitter.com/RahulRadhe1/status/557399463136722944
RahulIyer18,http://pbs.twimg.com/profile_images/525928056838713344/wvc1OMB5_bigger.jpeg,https://twitter.com/RahulIyer18/status/557399455230468097
RahatSr,http://pbs.twimg.com/profile_images/556873157865259010/ZCdvTXpq_bigger.jpeg,https://twitter.com/RahatSr/status/557408229123031041
R_Gautam90,http://pbs.twimg.com/profile_images/519839619181858816/OOMkZlcB_bigger.jpeg,https://twitter.com/R_Gautam90/status/557398220544827392
RSKRao,http://pbs.twimg.com/profile_images/550601814765096960/lKTzocQA_bigger.jpeg,https://twitter.com/RSKRao/status/557397469252702209
RPSCricket,http://pbs.twimg.com/profile_images/533290014856077312/WJ9zrKu8_bigger.jpeg,https://twitter.com/RPSCricket/status/557398113670164480
Pushkarr,http://pbs.twimg.com/profile_images/533476547089268736/FTCDMlQU_bigger.jpeg,https://twitter.com/Pushkarr/status/557411462692352000
Punjaabi_Tadkaa,http://pbs.twimg.com/profile_images/557261061603069952/aw5niZ1__bigger.jpeg,https://twitter.com/Punjaabi_Tadkaa/status/557398528062812161
PrizeWorld82170,http://pbs.twimg.com/profile_images/555579785909260290/ER8uWjZ6_bigger.jpeg,https://twitter.com/PrizeWorld82170/status/557397330022776832
PrizeMe95704,http://pbs.twimg.com/profile_images/555572316378132482/RGSxgIPb_bigger.jpeg,https://twitter.com/PrizeMe95704/status/557406904440197121
PriyankaDave9,http://pbs.twimg.com/profile_images/525926567789092864/vF2bUwfV_bigger.jpeg,https://twitter.com/PriyankaDave9/status/557399546695675905
PrasadAsad,http://pbs.twimg.com/profile_images/548512877766660096/GeUU56Zh_bigger.jpeg,https://twitter.com/PrasadAsad/status/557403857270353920
PrabinKJajodia,http://pbs.twimg.com/profile_images/507871559063572483/OnNjW3jY_bigger.jpeg,https://twitter.com/PrabinKJajodia/status/557398868040495105
PkCreativBoy,http://pbs.twimg.com/profile_images/486125437844586496/75LkNk4S_bigger.jpeg,https://twitter.com/PkCreativBoy/status/557399364587368448
PawanKumarChemi,http://pbs.twimg.com/profile_images/555602329215311872/sJ6rZSVJ_bigger.jpeg,https://twitter.com/PawanKumarChemi/status/557409292777566208
PavyPhmc,http://pbs.twimg.com/profile_images/514449835399716864/PVeoLbM9_bigger.jpeg,https://twitter.com/PavyPhmc/status/557405995324829696
PatilMangal,http://pbs.twimg.com/profile_images/529280057466839041/lr7wbzQX_bigger.jpeg,https://twitter.com/PatilMangal/status/557399586650599424
ParomitaPanja,http://pbs.twimg.com/profile_images/507876182256136193/8K9Kmapf_bigger.jpeg,https://twitter.com/ParomitaPanja/status/557398847274508289
PandeyDabangBoy,http://pbs.twimg.com/profile_images/507895956201689088/ewhJPBLD_bigger.jpeg,https://twitter.com/PandeyDabangBoy/status/557398808821125120
PaalSurinder,http://pbs.twimg.com/profile_images/516541005286232064/pqYe4P4u_bigger.jpeg,https://twitter.com/PaalSurinder/status/557399329984364544
PTV_Sports_Scor,http://abs.twimg.com/sticky/default_profile_images/default_profile_5_bigger.png,https://twitter.com/PTV_Sports_Scor/status/557397856576090112
PTV_CricSports,http://pbs.twimg.com/profile_images/544068809397923840/inmjtGTc_bigger.jpeg,https://twitter.com/PTV_CricSports/status/557399392181702656
PSLCricInfo,http://pbs.twimg.com/profile_images/3611095472/89b2232b9f83d5f77b640bb319c88a78_bigger.jpeg,https://twitter.com/PSLCricInfo/status/557397413586284545
PROUDly_VK_18,http://pbs.twimg.com/profile_images/554535990795042817/GVHIWHsM_bigger.jpeg,https://twitter.com/PROUDly_VK_18/status/557406153467236352
PCB_LiveCuP,http://pbs.twimg.com/profile_images/534882591321489408/QzQcIEG1_bigger.jpeg,https://twitter.com/PCB_LiveCuP/status/557397199256973313
PCB_HD,http://pbs.twimg.com/profile_images/556801840994451457/VW-6_HYg_bigger.jpeg,https://twitter.com/PCB_HD/status/557397984699117568
PCB_Game,http://pbs.twimg.com/profile_images/551086772541607937/CLpJD59l_bigger.jpeg,https://twitter.com/PCB_Game/status/557397460063383553
PCB_Club,http://pbs.twimg.com/profile_images/512135365931446272/rPDz5gr6_bigger.jpeg,https://twitter.com/PCB_Club/status/557397471408566272
PCB_CKTInfo,http://pbs.twimg.com/profile_images/504097399275802625/7_r5z4Kk_bigger.png,https://twitter.com/PCB_CKTInfo/status/557401391304822784
PCBSporTs_U,http://abs.twimg.com/sticky/default_profile_images/default_profile_5_bigger.png,https://twitter.com/PCBSporTs_U/status/557398039845826561
PCBHOME,http://pbs.twimg.com/profile_images/552114003544002562/W1pDk-6U_bigger.jpeg,https://twitter.com/PCBHOME/status/557402516028407808
Oye_Paape,http://pbs.twimg.com/profile_images/555275578375294976/xvQvKC-0_bigger.jpeg,https://twitter.com/Oye_Paape/status/557414837932670976
OnlyUrduSMS,http://pbs.twimg.com/profile_images/548468524801220608/rUaxxqmX_bigger.jpeg,https://twitter.com/OnlyUrduSMS/status/557399394920583168
ONLY_PaK_TeaM,http://pbs.twimg.com/profile_images/555741572629684224/Eis72hX7_bigger.jpeg,https://twitter.com/ONLY_PaK_TeaM/status/557397911508488193
OHay24,http://pbs.twimg.com/profile_images/557378853916524545/vZ966789_bigger.jpeg,https://twitter.com/OHay24/status/557397891849793536
NonFlyingIceman,http://pbs.twimg.com/profile_images/549239183399989250/wWNdQPZF_bigger.jpeg,https://twitter.com/NonFlyingIceman/status/557397828839178240
NewsNationTV,http://pbs.twimg.com/profile_images/481746625648283648/AxgskTKv_bigger.jpeg,https://twitter.com/NewsNationTV/status/557399448725094402
NewsCricket24,http://pbs.twimg.com/profile_images/543831223827566592/J3sb1LIV_bigger.jpeg,https://twitter.com/NewsCricket24/status/557397995382403072
New_CricInfo,http://pbs.twimg.com/profile_images/549061264732078080/uW3k71qq_bigger.jpeg,https://twitter.com/New_CricInfo/status/557397619429761024
NaikChetann,http://pbs.twimg.com/profile_images/516549401859211264/s8cYvSzV_bigger.jpeg,https://twitter.com/NaikChetann/status/557399359952654336
NZ_Sports_Hound,http://pbs.twimg.com/profile_images/452023001509134337/f5hWuTNq_bigger.png,https://twitter.com/NZ_Sports_Hound/status/557403909258375169
NBasabN,http://pbs.twimg.com/profile_images/556810955707785216/AlZ_RFBw_bigger.jpeg,https://twitter.com/NBasabN/status/557397558423605249
NBandhari,http://pbs.twimg.com/profile_images/516551300809371648/KLN-ZRu0_bigger.jpeg,https://twitter.com/NBandhari/status/557399399077146624
MuthuKrish7,http://pbs.twimg.com/profile_images/463705376991375360/wFM1_muc_bigger.png,https://twitter.com/MuthuKrish7/status/557403705289363456
MsDipannitaa,http://pbs.twimg.com/profile_images/508505146553163776/nyCWuE-6_bigger.jpeg,https://twitter.com/MsDipannitaa/status/557398962940821504
MsDHONI_JEE2,http://pbs.twimg.com/profile_images/552076963330789377/7N1J1D_G_bigger.jpeg,https://twitter.com/MsDHONI_JEE2/status/557402496512294912
Mr_iCric,http://pbs.twimg.com/profile_images/541815881597059073/gRyXBKqC_bigger.jpeg,https://twitter.com/Mr_iCric/status/557405548355022848
Mr_Amritesh,http://pbs.twimg.com/profile_images/557077966744604672/VZdnIZOC_bigger.jpeg,https://twitter.com/Mr_Amritesh/status/557398449268592640
MiratTrivedi,http://pbs.twimg.com/profile_images/547633210327191552/uFRpgyCS_bigger.jpeg,https://twitter.com/MiratTrivedi/status/557413765138755585
Michael_Vasanth,http://pbs.twimg.com/profile_images/527750437370220545/rBM0gFas_bigger.jpeg,https://twitter.com/Michael_Vasanth/status/557400021851996160
MeganCrummel,http://pbs.twimg.com/profile_images/549445941569519618/n95XqYv9_bigger.jpeg,https://twitter.com/MeganCrummel/status/557406192763674624
ManojKhull,http://pbs.twimg.com/profile_images/507864028777955328/F4EJE_nA_bigger.jpeg,https://twitter.com/ManojKhull/status/557398898214326272
MadieMelecio,http://pbs.twimg.com/profile_images/470225381908160512/eKZnnwV2_bigger.jpeg,https://twitter.com/MadieMelecio/status/557397926440599553
MaazinoBeckham,http://pbs.twimg.com/profile_images/548931396274618368/fssNcCLG_bigger.jpeg,https://twitter.com/MaazinoBeckham/status/557409128750907393
M_Visht,http://pbs.twimg.com/profile_images/548075341407735808/lEZ2oLlE_bigger.jpeg,https://twitter.com/M_Visht/status/557402562182148096
M_Sharmilan,http://pbs.twimg.com/profile_images/556804631326511104/xVPVQR25_bigger.jpeg,https://twitter.com/M_Sharmilan/status/557399184245260291
MUtdPassion,http://pbs.twimg.com/profile_images/476915663307411456/hwJ1VRt4_bigger.jpeg,https://twitter.com/MUtdPassion/status/557397633971400704
MSDian_Sathya,http://pbs.twimg.com/profile_images/555976860534718464/s1W8xAlW_bigger.jpeg,https://twitter.com/MSDian_Sathya/status/557398021647110144
MSD_Cricbuzz,http://pbs.twimg.com/profile_images/535828583965392897/wZehMRhb_bigger.jpeg,https://twitter.com/MSD_Cricbuzz/status/557397872442753025
MIAN669,http://pbs.twimg.com/profile_images/1208752260/Image005_bigger.jpg,https://twitter.com/MIAN669/status/557413011711725568
Lost__Musician,http://pbs.twimg.com/profile_images/556696076434935809/y4tRIcDh_bigger.jpeg,https://twitter.com/Lost__Musician/status/557397858857414656
LordLabakkuDass,http://pbs.twimg.com/profile_images/555255955592474625/FHbJ18nZ_bigger.jpeg,https://twitter.com/LordLabakkuDass/status/557401576277422081
LondonSAE,http://pbs.twimg.com/profile_images/1908439059/420798_191138274328670_136556186453546_306484_1478221802_n_bigger.jpg,https://twitter.com/LondonSAE/status/557400180753178624
LiveBetsOnline,http://pbs.twimg.com/profile_images/542512791039397890/nZOc4XHZ_bigger.jpeg,https://twitter.com/LiveBetsOnline/status/557397351749271552
Lalitkumarsirvi,http://pbs.twimg.com/profile_images/553480547935072256/jJTe2Yjc_bigger.jpeg,https://twitter.com/Lalitkumarsirvi/status/557416635489730560
LahiruRukshanKu,http://pbs.twimg.com/profile_images/556026856109916160/HD64To-b_bigger.jpeg,https://twitter.com/LahiruRukshanKu/status/557398606278168577
Laar_Update,http://pbs.twimg.com/profile_images/546338991285764096/ZYD6TpA6_bigger.jpeg,https://twitter.com/Laar_Update/status/557397516938149888
LaVanYaVJAddict,http://pbs.twimg.com/profile_images/557414630507552768/AK1AYj09_bigger.jpeg,https://twitter.com/LaVanYaVJAddict/status/557397593135661056
LIVE_SPORTSs,http://abs.twimg.com/sticky/default_profile_images/default_profile_2_bigger.png,https://twitter.com/LIVE_SPORTSs/status/557415261356060674
LION_SAFriDi,http://pbs.twimg.com/profile_images/534889256229945345/o46dEQub_bigger.jpeg,https://twitter.com/LION_SAFriDi/status/557397272816656384
Kushal_BFMV,http://pbs.twimg.com/profile_images/550248866877284352/gpBOYvgi_bigger.jpeg,https://twitter.com/Kushal_BFMV/status/557407180102459392
KunalTheWarrior,http://pbs.twimg.com/profile_images/515914210082299904/3LnSIP___bigger.jpeg,https://twitter.com/KunalTheWarrior/status/557399774778097664
KumbleRam,http://pbs.twimg.com/profile_images/525928369389854722/44SRzqbg_bigger.jpeg,https://twitter.com/KumbleRam/status/557399482384396288
KumblePriyanka,http://pbs.twimg.com/profile_images/525929235522019328/RfcLEktL_bigger.jpeg,https://twitter.com/KumblePriyanka/status/557399538198011904
KishaanLal,http://pbs.twimg.com/profile_images/516537917729030145/orxNKfSa_bigger.jpeg,https://twitter.com/KishaanLal/status/557399303170170881
KinjalRaysoni,http://abs.twimg.com/sticky/default_profile_images/default_profile_0_bigger.png,https://twitter.com/KinjalRaysoni/status/557412630474665985
Kiara_Sonam,http://pbs.twimg.com/profile_images/468282519645724672/OG-cLkGG_bigger.jpeg,https://twitter.com/Kiara_Sonam/status/557412910964551680
Khaya_EM,http://pbs.twimg.com/profile_images/556018078207983616/8dDusRq8_bigger.jpeg,https://twitter.com/Khaya_EM/status/557397257696591872
KhanUmer_URK,http://pbs.twimg.com/profile_images/545125004912758784/-Imw-_Ha_bigger.jpeg,https://twitter.com/KhanUmer_URK/status/557401848320385024
KgcuteeeTrust,http://pbs.twimg.com/profile_images/554255404155146244/0Nq9RBdp_bigger.jpeg,https://twitter.com/KgcuteeeTrust/status/557397521387900928
KeertiSunil,http://pbs.twimg.com/profile_images/508253878161113088/n7EUjLr0_bigger.jpeg,https://twitter.com/KeertiSunil/status/557399019350028288
KashyapPundarik,http://pbs.twimg.com/profile_images/378800000673476985/d36e9df52a51290ec577f54d0c536d2f_bigger.jpeg,https://twitter.com/KashyapPundarik/status/557399119304466432
Karmavish,http://pbs.twimg.com/profile_images/529300439297060864/g2VTDKAW_bigger.jpeg,https://twitter.com/Karmavish/status/557399634214014977
Kaduji_Faisal,http://pbs.twimg.com/profile_images/537665617667448832/LduqBggq_bigger.jpeg,https://twitter.com/Kaduji_Faisal/status/557404921431982080
K_kot_ckt,http://pbs.twimg.com/profile_images/437256556048949248/6bF723c3_bigger.jpeg,https://twitter.com/K_kot_ckt/status/557397415934709760
KPK_Cricinfo,http://pbs.twimg.com/profile_images/519752441495973888/gkixvvvW_bigger.jpeg,https://twitter.com/KPK_Cricinfo/status/557397728490430464
KOHLI_WCUP2015,http://pbs.twimg.com/profile_images/534313738501767168/Q5RJUqn7_bigger.jpeg,https://twitter.com/KOHLI_WCUP2015/status/557397272560807936
JoyLobo65,http://pbs.twimg.com/profile_images/507857979295535104/6fTX9lCJ_bigger.jpeg,https://twitter.com/JoyLobo65/status/557399054389235713
JigarPanchall,http://pbs.twimg.com/profile_images/516550966951178241/vvrvRMfx_bigger.jpeg,https://twitter.com/JigarPanchall/status/557399383319121920
Jeetendra89,http://pbs.twimg.com/profile_images/548703607097671681/wzbIchBp_bigger.jpeg,https://twitter.com/Jeetendra89/status/557402079556153345
Jarvis96Chris,http://pbs.twimg.com/profile_images/478846197298245632/LyPmk09J_bigger.jpeg,https://twitter.com/Jarvis96Chris/status/557409927283482625
JainPms,http://pbs.twimg.com/profile_images/556802939478495233/QZAtMmPd_bigger.jpeg,https://twitter.com/JainPms/status/557397580221394944
ItzIshfaq34,http://pbs.twimg.com/profile_images/535855865572499456/PyinN2x2_bigger.jpeg,https://twitter.com/ItzIshfaq34/status/557405762478030848
Its_GN,http://pbs.twimg.com/profile_images/527346690093641728/S8I2irRm_bigger.jpeg,https://twitter.com/Its_GN/status/557406769492656129
ItsAbhi_,http://pbs.twimg.com/profile_images/555448215860817921/tu96hOcG_bigger.jpeg,https://twitter.com/ItsAbhi_/status/557409793824919552
IshwarM7,http://pbs.twimg.com/profile_images/556488835391963137/iRvbcEqB_bigger.jpeg,https://twitter.com/IshwarM7/status/557398554969268225
IndianCricNews,http://pbs.twimg.com/profile_images/464360737565974529/JDkdrdHb_bigger.png,https://twitter.com/IndianCricNews/status/557397436461637632
ImzebaRaina,http://pbs.twimg.com/profile_images/556443876420878336/G9yrgDTj_bigger.jpeg,https://twitter.com/ImzebaRaina/status/557398533972566016
ImranCricinfo,http://pbs.twimg.com/profile_images/545949148659187712/FfUgcc1i_bigger.jpeg,https://twitter.com/ImranCricinfo/status/557406975907332098
Imchamiii,http://pbs.twimg.com/profile_images/547271307042095104/2GohiZxF_bigger.jpeg,https://twitter.com/Imchamiii/status/557397478690291713
Im_Ratish,http://pbs.twimg.com/profile_images/423684457162616832/sppBSnzA_bigger.jpeg,https://twitter.com/Im_Ratish/status/557409875924221952
ImVpatel,http://pbs.twimg.com/profile_images/557381458432503809/VJKUwEsI_bigger.jpeg,https://twitter.com/ImVpatel/status/557405745717600257
ImVjAnand,http://pbs.twimg.com/profile_images/551684542625349633/PpvzjMN7_bigger.jpeg,https://twitter.com/ImVjAnand/status/557397573342732288
ImVKohlisAngel,http://pbs.twimg.com/profile_images/556451429779390465/nt4x7IHZ_bigger.jpeg,https://twitter.com/ImVKohlisAngel/status/557401587723694080
ImSriram_,http://pbs.twimg.com/profile_images/556492274247274496/OuavNnQa_bigger.jpeg,https://twitter.com/ImSriram_/status/557399214393524224
ImKazKohli,http://pbs.twimg.com/profile_images/556629268755939328/nfllYBsw_bigger.jpeg,https://twitter.com/ImKazKohli/status/557404859251826688
ImJagrutThakur,http://pbs.twimg.com/profile_images/461400526161055744/68uDHQ0n_bigger.jpeg,https://twitter.com/ImJagrutThakur/status/557397707745013763
ImHariOmGupta,http://pbs.twimg.com/profile_images/557405104077144064/HLK08tNn_bigger.jpeg,https://twitter.com/ImHariOmGupta/status/557397666296913920
ImDivyaYezdi,http://pbs.twimg.com/profile_images/553210571680514049/SjUq5_64_bigger.jpeg,https://twitter.com/ImDivyaYezdi/status/557398298416263168
ImBebo_727,http://pbs.twimg.com/profile_images/555333684505489408/MreNT5TL_bigger.jpeg,https://twitter.com/ImBebo_727/status/557400481224347648
ImAbhiM,http://pbs.twimg.com/profile_images/553911818922758144/4_j40kHs_bigger.jpeg,https://twitter.com/ImAbhiM/status/557405119139287043
Iamaijazkhan,http://pbs.twimg.com/profile_images/554695796465995776/wZUVwqrd_bigger.jpeg,https://twitter.com/Iamaijazkhan/status/557402210015801344
Iam_Sazzad,http://pbs.twimg.com/profile_images/544194546767122432/Qg82-P-t_bigger.jpeg,https://twitter.com/Iam_Sazzad/status/557398918016032769
IamDumiduNS,http://pbs.twimg.com/profile_images/555374963805278208/9ykZRJkD_bigger.jpeg,https://twitter.com/IamDumiduNS/status/557397426441428992
IamAbhi_8,http://pbs.twimg.com/profile_images/534641967687557120/X4GiYC0M_bigger.jpeg,https://twitter.com/IamAbhi_8/status/557400339876282368
I_Raj13,http://pbs.twimg.com/profile_images/553195648007151616/LfsVJbHO_bigger.jpeg,https://twitter.com/I_Raj13/status/557397265749258240
IPL_Next,http://pbs.twimg.com/profile_images/462808541410390016/GNexbNbU_bigger.jpeg,https://twitter.com/IPL_Next/status/557404272296730627
INSHAFRUL,http://pbs.twimg.com/profile_images/556830818211876867/737Q_rZR_bigger.jpeg,https://twitter.com/INSHAFRUL/status/557398014399356928
ICC_WCP_2015,http://pbs.twimg.com/profile_images/527494860203249664/QlypdI8w_bigger.jpeg,https://twitter.com/ICC_WCP_2015/status/557397367368855552
ICC_TezLive,http://pbs.twimg.com/profile_images/522220718491062272/G8fvyqll_bigger.jpeg,https://twitter.com/ICC_TezLive/status/557405450560602112
ICC_TEZSCORE,http://pbs.twimg.com/profile_images/520172384889085953/4dEInQ38_bigger.jpeg,https://twitter.com/ICC_TEZSCORE/status/557406873108754432
ICC_TEZCRICKET,http://pbs.twimg.com/profile_images/511385235674918912/4vbZYPCn_bigger.jpeg,https://twitter.com/ICC_TEZCRICKET/status/557397202319183873
ICC_POWER,http://pbs.twimg.com/profile_images/378800000792777682/fed716b13cfb73a198dc9a3e33b50cb4_bigger.jpeg,https://twitter.com/ICC_POWER/status/557397204261163008
ICC_Fans,http://abs.twimg.com/sticky/default_profile_images/default_profile_3_bigger.png,https://twitter.com/ICC_Fans/status/557399818516316160
ICC_Crictv,http://pbs.twimg.com/profile_images/552015676333105152/2b43Et8P_bigger.jpeg,https://twitter.com/ICC_Crictv/status/557398872327462912
ICC_Coverage,http://pbs.twimg.com/profile_images/550541484815286272/m5jHZdFk_bigger.jpeg,https://twitter.com/ICC_Coverage/status/557403561030856704
ICC_BIG_3,http://pbs.twimg.com/profile_images/489141817284120576/OtVT2N1I_bigger.jpeg,https://twitter.com/ICC_BIG_3/status/557397214335492096
ICC_BIGSCORE,http://abs.twimg.com/sticky/default_profile_images/default_profile_5_bigger.png,https://twitter.com/ICC_BIGSCORE/status/557399191547564033
ICCW_CUP,http://pbs.twimg.com/profile_images/444494170795671552/F6EG-r7S_bigger.jpeg,https://twitter.com/ICCW_CUP/status/557404994614198272
ICCScore_Tv,http://pbs.twimg.com/profile_images/556372931048394753/b60mHi0__bigger.jpeg,https://twitter.com/ICCScore_Tv/status/557397308220784640
HowzzatUmp,http://pbs.twimg.com/profile_images/378800000840480472/9a0af5732fba42ccd1fc4ab7e0a6264a_bigger.jpeg,https://twitter.com/HowzzatUmp/status/557416462214627328
Himkars,http://pbs.twimg.com/profile_images/550683178805911553/yuuVPreO_bigger.jpeg,https://twitter.com/Himkars/status/557411519856529410
Hero_AFriDi,http://pbs.twimg.com/profile_images/522294245001297920/0Px2dmp0_bigger.jpeg,https://twitter.com/Hero_AFriDi/status/557398480130289664
HereforAjith,http://pbs.twimg.com/profile_images/528728675429404672/gBkcapa2_bigger.jpeg,https://twitter.com/HereforAjith/status/557397207583059968
HattoriHanzodon,http://pbs.twimg.com/profile_images/489356707760316416/TyqJwppl_bigger.jpeg,https://twitter.com/HattoriHanzodon/status/557407203020136449
HariomKhanna,http://pbs.twimg.com/profile_images/529297283381080065/YjKbaFRb_bigger.jpeg,https://twitter.com/HariomKhanna/status/557399625791832064
HaramHey,http://pbs.twimg.com/profile_images/529284356712325120/8Wq7rhBo_bigger.jpeg,https://twitter.com/HaramHey/status/557399598277222400
HammadKhaann,http://pbs.twimg.com/profile_images/556489884672589824/-3qMEacv_bigger.jpeg,https://twitter.com/HammadKhaann/status/557397124728750080
GhoaslP,http://pbs.twimg.com/profile_images/529303388798726144/hLn0Niyi_bigger.jpeg,https://twitter.com/GhoaslP/status/557399644276154369
GhaisasRasika,http://pbs.twimg.com/profile_images/555940508766191616/VCKNl33m_bigger.jpeg,https://twitter.com/GhaisasRasika/status/557400412236439552
Gautaamm,http://pbs.twimg.com/profile_images/520386998931316737/E4gzqn4r_bigger.jpeg,https://twitter.com/Gautaamm/status/557410094250336257
Gaurang192,http://pbs.twimg.com/profile_images/554937038869245952/F9gW2GV__bigger.jpeg,https://twitter.com/Gaurang192/status/557397461216395264
Gampa_cricket,http://pbs.twimg.com/profile_images/2365733368/mmzyrlifefb7sb28a8xc_bigger.jpeg,https://twitter.com/Gampa_cricket/status/557397300062871554
GEO_SPORTS_HD,http://abs.twimg.com/sticky/default_profile_images/default_profile_2_bigger.png,https://twitter.com/GEO_SPORTS_HD/status/557397102523740161
GEO_NEWS23,http://abs.twimg.com/sticky/default_profile_images/default_profile_6_bigger.png,https://twitter.com/GEO_NEWS23/status/557400339515998208
GEOTHATTA,http://pbs.twimg.com/profile_images/522583040787091456/Wx1c3gib_bigger.png,https://twitter.com/GEOTHATTA/status/557400926030274560
FirstpostSports,http://pbs.twimg.com/profile_images/2503138588/lc89nnbhz3tvpkztrxhe_bigger.png,https://twitter.com/FirstpostSports/status/557404402047139840
FaridiHatib,http://pbs.twimg.com/profile_images/556339055151947776/zR3Y5UVU_bigger.jpeg,https://twitter.com/FaridiHatib/status/557399868205846531
ElCrankoPunko,http://pbs.twimg.com/profile_images/556685378124410882/HvmgYVDV_bigger.png,https://twitter.com/ElCrankoPunko/status/557398242325843968
ESPN_WC_2015,http://pbs.twimg.com/profile_images/546944084959846401/5VkH9wmg_bigger.png,https://twitter.com/ESPN_WC_2015/status/557399658368999425
ESPNTezScore,http://pbs.twimg.com/profile_images/532453860636635136/sTFp9xwn_bigger.jpeg,https://twitter.com/ESPNTezScore/status/557413165966049281
ENJOY_WC2015,http://pbs.twimg.com/profile_images/556413452458020864/LUAq6p1u_bigger.jpeg,https://twitter.com/ENJOY_WC2015/status/557397341867503616
DunyaPatel,http://pbs.twimg.com/profile_images/543678310698332161/FykXhjOi_bigger.jpeg,https://twitter.com/DunyaPatel/status/557409834874597376
DreamPriyankaa,http://pbs.twimg.com/profile_images/507859486669697025/gOD6_3w7_bigger.jpeg,https://twitter.com/DreamPriyankaa/status/557398908054142976
DreamBoyRanjan,http://pbs.twimg.com/profile_images/551047929016750081/4l2Yp8H__bigger.jpeg,https://twitter.com/DreamBoyRanjan/status/557404576567926784
DrNaumanNiaz,http://pbs.twimg.com/profile_images/378800000204429397/d7a585ee86c59fd4fd0ad0bffc3b6d2b_bigger.jpeg,https://twitter.com/DrNaumanNiaz/status/557405878089830400
DrNagendra08,http://pbs.twimg.com/profile_images/554973486175645696/9awPUB82_bigger.jpeg,https://twitter.com/DrNagendra08/status/557398815435538433
Doonali_G,http://pbs.twimg.com/profile_images/485350676998795265/SpfYpIIF_bigger.jpeg,https://twitter.com/Doonali_G/status/557397661964177408
DinisuruRodrigo,http://pbs.twimg.com/profile_images/555609637135716353/FBw_Ssfw_bigger.jpeg,https://twitter.com/DinisuruRodrigo/status/557407462048157696
Dhoni_RealCrkt,http://pbs.twimg.com/profile_images/533135422738542592/lLhfxltq_bigger.jpeg,https://twitter.com/Dhoni_RealCrkt/status/557397879862480896
DhivyaDhulki,http://pbs.twimg.com/profile_images/554540332805668864/vLNw6on2_bigger.jpeg,https://twitter.com/DhivyaDhulki/status/557408711614799872
DheapakV,http://pbs.twimg.com/profile_images/555173293649436673/4nJr9Ye0_bigger.jpeg,https://twitter.com/DheapakV/status/557403287641534464
DetectiveBatsy,http://pbs.twimg.com/profile_images/548072303464964096/9k41VHjI_bigger.jpeg,https://twitter.com/DetectiveBatsy/status/557397379209392129
DeenathKesara,http://pbs.twimg.com/profile_images/463705352517607424/FZUeuMAT_bigger.png,https://twitter.com/DeenathKesara/status/557407205045989376
Darooholic,http://pbs.twimg.com/profile_images/466610605231591424/xfVPBvuE_bigger.jpeg,https://twitter.com/Darooholic/status/557411873537015809
DHONI_JEE5,http://pbs.twimg.com/profile_images/535458413912674304/gNm1W9AV_bigger.jpeg,https://twitter.com/DHONI_JEE5/status/557398129901707265
DEKOCK_JEE2,http://pbs.twimg.com/profile_images/378800000289146106/7f8d2914697f9bf4f20f748b436f28a1_bigger.jpeg,https://twitter.com/DEKOCK_JEE2/status/557413466571419649
CuteMaliniYadav,http://pbs.twimg.com/profile_images/508260119138668544/cq1IdDTy_bigger.jpeg,https://twitter.com/CuteMaliniYadav/status/557398991285927936
CustomCricket,http://pbs.twimg.com/profile_images/524496298397806592/6sCF3kXp_bigger.jpeg,https://twitter.com/CustomCricket/status/557397127844741120
CrkT_SpOrTS,http://abs.twimg.com/sticky/default_profile_images/default_profile_2_bigger.png,https://twitter.com/CrkT_SpOrTS/status/557397429243633664
Crikworldcup,http://pbs.twimg.com/profile_images/551641763253739520/HpprOyKF_bigger.png,https://twitter.com/Crikworldcup/status/557399039373623296
Cricrajeshpk,http://pbs.twimg.com/profile_images/556803083762536449/AJJEW5o3_bigger.jpeg,https://twitter.com/Cricrajeshpk/status/557397746307837952
Cricket_news87,http://abs.twimg.com/sticky/default_profile_images/default_profile_6_bigger.png,https://twitter.com/Cricket_news87/status/557397252138745856
CricUniverse,http://pbs.twimg.com/profile_images/3310304501/968a067d0d2d452692b4e508c57e6252_bigger.jpeg,https://twitter.com/CricUniverse/status/557397906375057408
CricCrazyNIKS,http://pbs.twimg.com/profile_images/555295202844217344/iRHKsFPL_bigger.jpeg,https://twitter.com/CricCrazyNIKS/status/557397347609501697
CrazyPusa,http://pbs.twimg.com/profile_images/535455640102002690/mXMVqwt2_bigger.jpeg,https://twitter.com/CrazyPusa/status/557405352472625152
CloudExpertsI,http://pbs.twimg.com/profile_images/502735040258650113/CXjp9rzh_bigger.jpeg,https://twitter.com/CloudExpertsI/status/557397323546763264
CheekuVirat,http://pbs.twimg.com/profile_images/2617211041/y5yjjil20pturl43s8ma_bigger.png,https://twitter.com/CheekuVirat/status/557411003193761792
CheekuV,http://pbs.twimg.com/profile_images/2613574561/bxwanr3ruc5ff8gtnt68_bigger.png,https://twitter.com/CheekuV/status/557411020784672769
CharlieSosa23,http://pbs.twimg.com/profile_images/557410767365226496/qhsPvG4V_bigger.jpeg,https://twitter.com/CharlieSosa23/status/557398769642504192
Captain_Kohli,http://pbs.twimg.com/profile_images/530006028234919936/-28Cr_Ff_bigger.jpeg,https://twitter.com/Captain_Kohli/status/557407219956727808
CWCWatch,http://pbs.twimg.com/profile_images/523497772494757888/bK-cSwPc_bigger.png,https://twitter.com/CWCWatch/status/557397912070914049
CWC15scorecard,http://pbs.twimg.com/profile_images/526400251478163457/SFbFqTMY_bigger.jpeg,https://twitter.com/CWC15scorecard/status/557406801948577793
CSKMaheshPandey,http://pbs.twimg.com/profile_images/508518140431437824/J_01WsIk_bigger.jpeg,https://twitter.com/CSKMaheshPandey/status/557399098773348352
CRIC_WAVES,http://pbs.twimg.com/profile_images/534793164700135424/OCs7GlVc_bigger.jpeg,https://twitter.com/CRIC_WAVES/status/557403273356132352
BushanPatel,http://pbs.twimg.com/profile_images/516535311258509312/3z4kveA7_bigger.jpeg,https://twitter.com/BushanPatel/status/557399276519567360
BulaBilaa,http://pbs.twimg.com/profile_images/529306211863126016/OonUs23N_bigger.jpeg,https://twitter.com/BulaBilaa/status/557399655575584769
BrokenCricket,http://pbs.twimg.com/profile_images/421540188938969089/7ivlpAGf_bigger.jpeg,https://twitter.com/BrokenCricket/status/557397553172324352
BleedBarca,http://pbs.twimg.com/profile_images/556842235744890880/1LWmOHSb_bigger.jpeg,https://twitter.com/BleedBarca/status/557397087025758208
BishamPita,http://pbs.twimg.com/profile_images/516555437940826113/rq8lOIOb_bigger.jpeg,https://twitter.com/BishamPita/status/557399425165697025
Bindaas_Girl1,http://pbs.twimg.com/profile_images/554282838770475008/1d5M7Bb3_bigger.jpeg,https://twitter.com/Bindaas_Girl1/status/557397807875637248
BilalNedman,http://pbs.twimg.com/profile_images/508107996841639937/QsXQOgFn_bigger.jpeg,https://twitter.com/BilalNedman/status/557412145684807680
BilalGunner99,http://pbs.twimg.com/profile_images/556017662837260288/blEFm4kV_bigger.jpeg,https://twitter.com/BilalGunner99/status/557403942498213888
Bhaviz,http://pbs.twimg.com/profile_images/555026504078225409/MrG9Hwtc_bigger.jpeg,https://twitter.com/Bhaviz/status/557397743640256512
Bewafa_Ladki,http://pbs.twimg.com/profile_images/504283597411323904/Z6OmgU8F_bigger.jpeg,https://twitter.com/Bewafa_Ladki/status/557402711323209728
Being_Bilal1992,http://pbs.twimg.com/profile_images/556129783285694464/Czp87w4G_bigger.jpeg,https://twitter.com/Being_Bilal1992/status/557398185560510465
Being_Asad,http://pbs.twimg.com/profile_images/514316462022868992/Am-nk1VX_bigger.jpeg,https://twitter.com/Being_Asad/status/557400366170402816
BeingTali,http://pbs.twimg.com/profile_images/539657372847722496/IGLtHJpI_bigger.jpeg,https://twitter.com/BeingTali/status/557399769698410497
BeingSujAnDahAl,http://pbs.twimg.com/profile_images/551947375216836609/BiOmxBID_bigger.jpeg,https://twitter.com/BeingSujAnDahAl/status/557397073834684416
BeingKaushikRoy,http://pbs.twimg.com/profile_images/550698618907156481/Pmb744RU_bigger.jpeg,https://twitter.com/BeingKaushikRoy/status/557398065267879936
BeingCricketFan,http://pbs.twimg.com/profile_images/477353869689643008/8leboP4v_bigger.jpeg,https://twitter.com/BeingCricketFan/status/557398869043335171
BeingAlokShukla,http://pbs.twimg.com/profile_images/544559934302482432/yHqpYJqk_bigger.jpeg,https://twitter.com/BeingAlokShukla/status/557399741676273664
BeerOholic,http://pbs.twimg.com/profile_images/497650597877653505/zuAYkV70_bigger.jpeg,https://twitter.com/BeerOholic/status/557411539334877185
BaluMahe,http://pbs.twimg.com/profile_images/557209952490504192/HQIjZ3K4_bigger.jpeg,https://twitter.com/BaluMahe/status/557397770303045634
Bahaar_Update,http://abs.twimg.com/sticky/default_profile_images/default_profile_4_bigger.png,https://twitter.com/Bahaar_Update/status/557401149095956481
BadhurPankaj,http://pbs.twimg.com/profile_images/516537358728953857/CFfsYpa6_bigger.jpeg,https://twitter.com/BadhurPankaj/status/557399247985709058
BadhurAjay,http://pbs.twimg.com/profile_images/516537672693608448/saZVC9Yo_bigger.jpeg,https://twitter.com/BadhurAjay/status/557399239051841536
BOM_AFriDi,http://pbs.twimg.com/profile_images/504968055445663744/LIx0I-Ky_bigger.jpeg,https://twitter.com/BOM_AFriDi/status/557398509822152704
BEsT_sMsS,http://pbs.twimg.com/profile_images/542697697543606272/HoeaZa87_bigger.jpeg,https://twitter.com/BEsT_sMsS/status/557407554016268290
AzamYawar,http://pbs.twimg.com/profile_images/546905705945374720/UxYK0Vys_bigger.jpeg,https://twitter.com/AzamYawar/status/557398246528516096
Ayush_SalmanFan,http://pbs.twimg.com/profile_images/507865673486184448/jtrLis4c_bigger.jpeg,https://twitter.com/Ayush_SalmanFan/status/557398876215201793
AwazSPORTS,http://pbs.twimg.com/profile_images/471981855634239488/nnZ5hVUG_bigger.jpeg,https://twitter.com/AwazSPORTS/status/557406164775079936
AtiyaShan,http://pbs.twimg.com/profile_images/529308804421136385/BKHxVqvC_bigger.jpeg,https://twitter.com/AtiyaShan/status/557399576164827136
AsNiceAsYou,http://pbs.twimg.com/profile_images/546625681090551808/hR2Hmj6t_bigger.jpeg,https://twitter.com/AsNiceAsYou/status/557402181276430336
AsMaRa_AFridi,http://pbs.twimg.com/profile_images/554449064792981504/RAmwTJ6M_bigger.jpeg,https://twitter.com/AsMaRa_AFridi/status/557397996099215360
Aruni_Pal,http://pbs.twimg.com/profile_images/529315680449884160/m7dSh51__bigger.jpeg,https://twitter.com/Aruni_Pal/status/557399678753316864
Aruna_Chande,http://pbs.twimg.com/profile_images/529337383733309440/bhS_6KI-_bigger.jpeg,https://twitter.com/Aruna_Chande/status/557399704959348736
Arch_Warrior,http://pbs.twimg.com/profile_images/537495209471258624/f5juYvTS_bigger.jpeg,https://twitter.com/Arch_Warrior/status/557403138592743424
AnuradhaShivam,http://pbs.twimg.com/profile_images/525928130822017024/gISnlBVz_bigger.jpeg,https://twitter.com/AnuradhaShivam/status/557399492706574338
Anupa_Aggarwal,http://pbs.twimg.com/profile_images/529329608605171713/Qofo9JCZ_bigger.jpeg,https://twitter.com/Anupa_Aggarwal/status/557399687016087552
AnukeertanaC,http://pbs.twimg.com/profile_images/529490039181283328/GA7Tr4d1_bigger.jpeg,https://twitter.com/AnukeertanaC/status/557399713654136832
AnubhavvDube,http://pbs.twimg.com/profile_images/510411677192310784/Rb54xvCZ_bigger.jpeg,https://twitter.com/AnubhavvDube/status/557399144369627136
Ankitistic,http://pbs.twimg.com/profile_images/3392212866/7560deb928dc3a235c7c511d11a06c67_bigger.jpeg,https://twitter.com/Ankitistic/status/557398993345335296
AnkithL,http://pbs.twimg.com/profile_images/546680497074880512/uhVdVr8B_bigger.jpeg,https://twitter.com/AnkithL/status/557399529935634434
Anjila75,http://pbs.twimg.com/profile_images/494434210740854784/hVeYPMP6_bigger.jpeg,https://twitter.com/Anjila75/status/557397314835587072
AnimeshKherwar,http://pbs.twimg.com/profile_images/553851871639519232/av-aXFH2_bigger.jpeg,https://twitter.com/AnimeshKherwar/status/557416192382492672
AnanyaManohNair,http://pbs.twimg.com/profile_images/553429348275847168/bGoXpxxW_bigger.jpeg,https://twitter.com/AnanyaManohNair/status/557411549329887233
AmmarAliNaqvi,http://pbs.twimg.com/profile_images/556314583430729728/5PyHoYcz_bigger.jpeg,https://twitter.com/AmmarAliNaqvi/status/557398967894290432
AmitaJaalgaokar,http://pbs.twimg.com/profile_images/512863721190744064/098c44Vp_bigger.jpeg,https://twitter.com/AmitaJaalgaokar/status/557399212409630720
Ambu_Raje,http://pbs.twimg.com/profile_images/529333136388141056/M-pWcqO8_bigger.jpeg,https://twitter.com/Ambu_Raje/status/557399696189054979
Ambar_Nara,http://pbs.twimg.com/profile_images/529491425046429697/X2XOPTHP_bigger.jpeg,https://twitter.com/Ambar_Nara/status/557399723280048128
Alig2x,http://pbs.twimg.com/profile_images/490502098241343488/tca3VEZE_bigger.jpeg,https://twitter.com/Alig2x/status/557399863550541824
AikoAikosato41,http://pbs.twimg.com/profile_images/378800000042665449/eb08fb645e45ef257e91bc65fbdd37c4_bigger.jpeg,https://twitter.com/AikoAikosato41/status/557401325684539392
Afridi_Maqsood,http://pbs.twimg.com/profile_images/510466237428953088/PAtTMgcj_bigger.jpeg,https://twitter.com/Afridi_Maqsood/status/557408351051853825
Adnanasif4490,http://pbs.twimg.com/profile_images/552170210979880960/WDHlfm87_bigger.jpeg,https://twitter.com/Adnanasif4490/status/557410235174772739
Abidmirza16,http://abs.twimg.com/sticky/default_profile_images/default_profile_5_bigger.png,https://twitter.com/Abidmirza16/status/557401386799730688
AbhijeetMukher4,http://pbs.twimg.com/profile_images/548325729553764352/LTW-oqml_bigger.jpeg,https://twitter.com/AbhijeetMukher4/status/557408542194274304
Abhi_rowdy,http://pbs.twimg.com/profile_images/546526661026390016/GhQHEOiM_bigger.jpeg,https://twitter.com/Abhi_rowdy/status/557401184521052161
AbassZack,http://pbs.twimg.com/profile_images/529286694462160898/WJDVAJoZ_bigger.jpeg,https://twitter.com/AbassZack/status/557399607236243456
Aadii_,http://pbs.twimg.com/profile_images/549536791858925568/HY_Yh4xt_bigger.jpeg,https://twitter.com/Aadii_/status/557413691780366336
ASShishism,http://pbs.twimg.com/profile_images/557275682518994944/yFY81ABs_bigger.jpeg,https://twitter.com/ASShishism/status/557405459066273792
ADI_KASHYAP_15,http://abs.twimg.com/sticky/default_profile_images/default_profile_4_bigger.png,https://twitter.com/ADI_KASHYAP_15/status/557409023754915840
6jhmk,http://pbs.twimg.com/profile_images/488658087172001792/lyI8ftb6_bigger.jpeg,https://twitter.com/6jhmk/status/557402650388336640
1uamrit,http://pbs.twimg.com/profile_images/433178113283870720/WVf4PkeW_bigger.jpeg,https://twitter.com/1uamrit/status/557397264373923840
1502amit,http://pbs.twimg.com/profile_images/428503153432993792/uJRxhahb_bigger.jpeg,https://twitter.com/1502amit/status/557400203611754496
