http://pbs.twimg.com/profile_images/536442184015175680/14jdzT5B_bigger.jpeg,LordLouis3,https://twitter.com/LordLouis3,
http://pbs.twimg.com/profile_images/530116564767367168/cY59sWQK_bigger.png,Quien,https://twitter.com/Quien,
http://pbs.twimg.com/profile_images/497416394045407233/QnFnZfgs_bigger.jpeg,RealJamesWoods,https://twitter.com/RealJamesWoods,
http://pbs.twimg.com/profile_images/512360349891592192/-VN-vQGU_bigger.jpeg,ReporteUS,https://twitter.com/ReporteUS,
http://pbs.twimg.com/profile_images/2991680073/6b9716811d3364bee859df752dccb5b9_bigger.jpeg,Mike_Beacham,https://twitter.com/Mike_Beacham,
http://pbs.twimg.com/profile_images/2584414015/bc3xe3krnatciik3q2yk_bigger.jpeg,TerriIvens,https://twitter.com/TerriIvens,
http://pbs.twimg.com/profile_images/2416936259/uirl40qd3x2s0pg1lrot_bigger.jpeg,DrTomMartinPhD,https://twitter.com/DrTomMartinPhD,
http://pbs.twimg.com/profile_images/549442092951687168/xSLqjTi3_bigger.jpeg,NahBabyNah,https://twitter.com/NahBabyNah,
http://pbs.twimg.com/profile_images/491021591069736960/46IxFHz3_bigger.jpeg,SumerSloan,https://twitter.com/SumerSloan,
http://pbs.twimg.com/profile_images/550837419478892545/PO5YgUjA_bigger.jpeg,AmyMek,https://twitter.com/AmyMek,
http://pbs.twimg.com/profile_images/412725620934578176/aVHg-up4_bigger.jpeg,KnowProphet,https://twitter.com/KnowProphet,
http://pbs.twimg.com/profile_images/548558056296939520/gqhhGPXA_bigger.jpeg,thereisawayjose,https://twitter.com/thereisawayjose,
http://pbs.twimg.com/profile_images/3039171866/cc3d7961570960aa86944107ccfccde5_bigger.jpeg,Dark_Red_Hair,https://twitter.com/Dark_Red_Hair,
http://pbs.twimg.com/profile_images/547570053688721408/_5kjYJo9_bigger.jpeg,HowardRoper,https://twitter.com/HowardRoper,
http://pbs.twimg.com/profile_images/749165726/Elizabeth_ICON_bigger.jpg,10thAmendment,https://twitter.com/10thAmendment,
http://pbs.twimg.com/profile_images/546060898066894848/6Y-eZn_q_bigger.jpeg,JoeBillScott,https://twitter.com/JoeBillScott,
http://pbs.twimg.com/profile_images/510523632138059776/Zpi2Wwq__bigger.jpeg,Kerryepp,https://twitter.com/Kerryepp,
http://pbs.twimg.com/profile_images/537118257015054336/fqcV3WZb_bigger.png,Ronc99,https://twitter.com/Ronc99,
http://pbs.twimg.com/profile_images/77063916/logo_bigger.gif,Ranger_Up,https://twitter.com/Ranger_Up,
http://pbs.twimg.com/profile_images/548144227054387200/B9Mlm1yY_bigger.jpeg,02_chikita,https://twitter.com/02_chikita,
http://pbs.twimg.com/profile_images/544446032847728640/dJyA82op_bigger.png,kharyp,https://twitter.com/kharyp,
http://pbs.twimg.com/profile_images/556898919129432064/y0Pu6ODT_bigger.jpeg,USAlivestrong,https://twitter.com/USAlivestrong,
http://pbs.twimg.com/profile_images/459642179736965120/TTSpDOMs_bigger.jpeg,reddogleader01,https://twitter.com/reddogleader01,
http://pbs.twimg.com/profile_images/548499646348132353/ph1CDpoa_bigger.jpeg,hytrekprosiecka,https://twitter.com/hytrekprosiecka,
http://pbs.twimg.com/profile_images/518641265953345536/L8nhJKoa_bigger.jpeg,GMNnews,https://twitter.com/GMNnews,
http://pbs.twimg.com/profile_images/505431474296741888/uAOBuLAt_bigger.jpeg,pitel_tutabueno,https://twitter.com/pitel_tutabueno,
http://pbs.twimg.com/profile_images/1351359394/MeNewPick_bigger.jpg,StCyrlyMe2,https://twitter.com/StCyrlyMe2,
http://pbs.twimg.com/profile_images/554634442149335040/qu1Bm4nd_bigger.jpeg,HanifHaroon,https://twitter.com/HanifHaroon,
http://pbs.twimg.com/profile_images/428239540155711488/zgxTj1Yy_bigger.jpeg,DrJamesPeterson,https://twitter.com/DrJamesPeterson,
http://pbs.twimg.com/profile_images/549684059476348929/xDAmEDxH_bigger.jpeg,SondraDeeMe,https://twitter.com/SondraDeeMe,
http://pbs.twimg.com/profile_images/2260382240/cf80f7a0-ca00-4052-b92d-30046a2b7153_bigger.png,inhuggermugger,https://twitter.com/inhuggermugger,
http://pbs.twimg.com/profile_images/1938676263/Touch_Medium_bigger.jpg,SERGroup1,https://twitter.com/SERGroup1,
http://pbs.twimg.com/profile_images/497650597877653505/zuAYkV70_bigger.jpeg,BeerOholic,https://twitter.com/BeerOholic,
http://pbs.twimg.com/profile_images/476969826187874305/FERZYYug_bigger.jpeg,Realtor_Debbie,https://twitter.com/Realtor_Debbie,
http://pbs.twimg.com/profile_images/535536554555367424/kswt8kUV_bigger.jpeg,BlissTabitha,https://twitter.com/BlissTabitha,
http://pbs.twimg.com/profile_images/537944240420970497/h1QvFlnd_bigger.png,doctoreddie,https://twitter.com/doctoreddie,
http://pbs.twimg.com/profile_images/484117254645108739/tCS1ZKU__bigger.png,OrienteTuyo,https://twitter.com/OrienteTuyo,
http://pbs.twimg.com/profile_images/557405190018457600/ZMTJ_buP_bigger.jpeg,Jami_USA,https://twitter.com/Jami_USA,
http://pbs.twimg.com/profile_images/557409273068523520/aaFU9lav_bigger.jpeg,scdorn,https://twitter.com/scdorn,
http://pbs.twimg.com/profile_images/1858634114/Felix_Headshot_Final_bigger.JPG,FelixNater,https://twitter.com/FelixNater,
http://pbs.twimg.com/profile_images/556617697585147904/peT-4ZzG_bigger.jpeg,sergepamphile,https://twitter.com/sergepamphile,
http://pbs.twimg.com/profile_images/508382733945815040/wEsBpe0H_bigger.jpeg,kathyyak,https://twitter.com/kathyyak,
http://pbs.twimg.com/profile_images/3186880738/7664e9ee3c2b964b3ef4a4e7e3e607fd_bigger.jpeg,BledsoeChuck,https://twitter.com/BledsoeChuck,
http://pbs.twimg.com/profile_images/427947692124168192/YcYq0qjP_bigger.png,inside,https://twitter.com/inside,
http://pbs.twimg.com/profile_images/378800000112778450/74802fcba38e8d69d4c485fc9c008aa4_bigger.png,BuhByeGOP,https://twitter.com/BuhByeGOP,
http://pbs.twimg.com/profile_images/485793362096955392/79YlJOxS_bigger.jpeg,Jessifer,https://twitter.com/Jessifer,
http://pbs.twimg.com/profile_images/378800000068758338/86cd607a5e0603d8b1fcea26729009aa_bigger.png,TallulahStarr,https://twitter.com/TallulahStarr,
http://pbs.twimg.com/profile_images/548335543600164864/kKm9cqCX_bigger.jpeg,1MedicMom,https://twitter.com/1MedicMom,
http://pbs.twimg.com/profile_images/378800000447067176/deebe89621b67fa4e9adfb281b04dd52_bigger.png,Tazmanian5,https://twitter.com/Tazmanian5,
http://pbs.twimg.com/profile_images/556301741981855744/ckNJAGYV_bigger.jpeg,jrstws,https://twitter.com/jrstws,
http://pbs.twimg.com/profile_images/555946738226196482/xRXd7kVK_bigger.jpeg,izzyjsmom,https://twitter.com/izzyjsmom,
http://pbs.twimg.com/profile_images/486410257887801344/LnzBrNN7_bigger.jpeg,TechAndBizNews,https://twitter.com/TechAndBizNews,
http://pbs.twimg.com/profile_images/540415938575613952/8fWJTGkP_bigger.jpeg,JUNIOR_RD15,https://twitter.com/JUNIOR_RD15,
http://pbs.twimg.com/profile_images/554634694906507265/cgTPrVRL_bigger.jpeg,taiping2,https://twitter.com/taiping2,
http://pbs.twimg.com/profile_images/378800000470630779/053e42bc14422182347163bdf9300a5e_bigger.jpeg,Janamejayan,https://twitter.com/Janamejayan,
http://pbs.twimg.com/profile_images/555997220768460800/zZ2Y8J-T_bigger.jpeg,x0x0robinXoXo,https://twitter.com/x0x0robinXoXo,
http://pbs.twimg.com/profile_images/433509969984380928/r-byUO9r_bigger.jpeg,Furiousnurse,https://twitter.com/Furiousnurse,
http://pbs.twimg.com/profile_images/447067137618616320/ZNsal2mS_bigger.png,Conserv_Report,https://twitter.com/Conserv_Report,
http://pbs.twimg.com/profile_images/548513589070295040/yuCEFmM8_bigger.jpeg,rdbrewer4,https://twitter.com/rdbrewer4,
http://pbs.twimg.com/profile_images/2737735634/1d27c6b4a6b2bcdef27c23e05fe5e5f5_bigger.jpeg,DebraPianalto,https://twitter.com/DebraPianalto,
http://pbs.twimg.com/profile_images/1023047518/Dark_Blue_Retouched_bigger.jpg,gentlemanirish,https://twitter.com/gentlemanirish,
http://pbs.twimg.com/profile_images/1872835349/383943_324031037618228_310893508931981_1104866_987846850_n_bigger.jpg,positiveimagep,https://twitter.com/positiveimagep,
http://pbs.twimg.com/profile_images/518922917266980864/yBXUv4_g_bigger.png,chris63414391,https://twitter.com/chris63414391,
http://pbs.twimg.com/profile_images/378800000407162470/d02ba046cab379f5a8298478a62aabb3_bigger.jpeg,Sylvaners,https://twitter.com/Sylvaners,
http://pbs.twimg.com/profile_images/554170797493743617/mohe2UxT_bigger.jpeg,Market_Bull,https://twitter.com/Market_Bull,
http://pbs.twimg.com/profile_images/551848395246424066/Vq76351s_bigger.jpeg,jazminGomez_x20,https://twitter.com/jazminGomez_x20,
http://pbs.twimg.com/profile_images/1026084921/AsifHossain_bigger.JPG,asifintoronto,https://twitter.com/asifintoronto,
http://pbs.twimg.com/profile_images/551564139194490881/qsgKEEkQ_bigger.jpeg,TeamBBN,https://twitter.com/TeamBBN,
http://pbs.twimg.com/profile_images/527532336569942016/4_mZLKGn_bigger.jpeg,La_Ksa_de_atras,https://twitter.com/La_Ksa_de_atras,
http://pbs.twimg.com/profile_images/542846334881890306/Z96OIHoi_bigger.jpeg,CDHill9,https://twitter.com/CDHill9,
http://pbs.twimg.com/profile_images/509963405411614720/gQIClqdQ_bigger.jpeg,TellyStern,https://twitter.com/TellyStern,
http://pbs.twimg.com/profile_images/3044254079/c29adbecd2330a867becd5d05a1c82ec_bigger.jpeg,CMarPA,https://twitter.com/CMarPA,
http://pbs.twimg.com/profile_images/483018383181357056/Ed_Vg7kx_bigger.jpeg,MonclovaRetro,https://twitter.com/MonclovaRetro,
http://pbs.twimg.com/profile_images/1186482171/DSC_0008_edited_1_bigger.jpg,DrAlfOldman,https://twitter.com/DrAlfOldman,
http://pbs.twimg.com/profile_images/557411338935222272/6kROG0Lc_bigger.jpeg,LennaLeprena,https://twitter.com/LennaLeprena,
http://pbs.twimg.com/profile_images/556157004767842305/2Uj0fcJ9_bigger.jpeg,JaeHokes,https://twitter.com/JaeHokes,
http://pbs.twimg.com/profile_images/436654367983169536/7ofGVVKO_bigger.jpeg,RealCheezed,https://twitter.com/RealCheezed,
http://pbs.twimg.com/profile_images/538239050574856193/JjHlcFss_bigger.jpeg,MadameRamotswe,https://twitter.com/MadameRamotswe,
http://pbs.twimg.com/profile_images/3122040652/7902614a74f2f3acacc8d4636e0ce48b_bigger.jpeg,TimJHanrahan,https://twitter.com/TimJHanrahan,
http://pbs.twimg.com/profile_images/557089297602330624/z1SFagOO_bigger.jpeg,BenWilhelm1230,https://twitter.com/BenWilhelm1230,
http://pbs.twimg.com/profile_images/480338234699173889/IUZBg5H0_bigger.jpeg,ideas4thefuture,https://twitter.com/ideas4thefuture,
http://pbs.twimg.com/profile_images/530108216576065537/kGGI_NvA_bigger.jpeg,Misokeiko,https://twitter.com/Misokeiko,
http://pbs.twimg.com/profile_images/2520171229/jzjpe1aww82y97s6f1i3_bigger.gif,upayr,https://twitter.com/upayr,
http://pbs.twimg.com/profile_images/553312700298977283/N-ln_Kjm_bigger.jpeg,jsantelises,https://twitter.com/jsantelises,
http://pbs.twimg.com/profile_images/3609123071/db17a790e65aba8015dd5ee97bbfe2c6_bigger.png,accesshealthusa,https://twitter.com/accesshealthusa,
http://pbs.twimg.com/profile_images/514415696688603137/3O89tpdQ_bigger.jpeg,365USA,https://twitter.com/365USA,
http://pbs.twimg.com/profile_images/486044889025490946/XmTerTF9_bigger.jpeg,atestafyr,https://twitter.com/atestafyr,
http://pbs.twimg.com/profile_images/459317671834578945/HpWYU-RQ_bigger.jpeg,justinvela,https://twitter.com/justinvela,
http://pbs.twimg.com/profile_images/435994378234912769/dnAxslfM_bigger.png,BlueVindication,https://twitter.com/BlueVindication,
http://pbs.twimg.com/profile_images/3076273941/5fb1c953b470e7124969fbdec418f404_bigger.jpeg,doncoombs,https://twitter.com/doncoombs,
http://pbs.twimg.com/profile_images/553538316201492482/c-kmFzhe_bigger.jpeg,JICHOdaDOG,https://twitter.com/JICHOdaDOG,
http://pbs.twimg.com/profile_images/2107962921/GodBlessAmerica_bigger.jpg,bobfox321,https://twitter.com/bobfox321,
http://pbs.twimg.com/profile_images/546468852981178368/6dknoKpg_bigger.jpeg,elliemae0404,https://twitter.com/elliemae0404,
http://pbs.twimg.com/profile_images/1660661895/cactusSunset_bigger.jpg,365Arizona,https://twitter.com/365Arizona,
http://pbs.twimg.com/profile_images/3132063621/e705b6ea905d54aae98c57a9aed42b29_bigger.jpeg,biglugg77,https://twitter.com/biglugg77,
http://pbs.twimg.com/profile_images/511915085166829569/cYmAADbd_bigger.jpeg,Cate_Tweeting,https://twitter.com/Cate_Tweeting,
http://pbs.twimg.com/profile_images/542436220203040769/_6BHdHm3_bigger.jpeg,laxit_parsana,https://twitter.com/laxit_parsana,
http://pbs.twimg.com/profile_images/1676092309/IMG_0002_bigger.jpg,kakeenan,https://twitter.com/kakeenan,
http://pbs.twimg.com/profile_images/547428260096000000/J1BpdpsB_bigger.jpeg,Frekiito_x5,https://twitter.com/Frekiito_x5,
http://pbs.twimg.com/profile_images/555257894354964482/1DGn64BE_bigger.png,_dpaj,https://twitter.com/_dpaj,
http://pbs.twimg.com/profile_images/378800000261236756/73da7c79d266b3413fd874ded0d3933e_bigger.png,Welles19,https://twitter.com/Welles19,
http://pbs.twimg.com/profile_images/539217428103049218/D8G_Sq29_bigger.jpeg,contrarian11,https://twitter.com/contrarian11,
http://pbs.twimg.com/profile_images/423644200018518019/erEIjoz4_bigger.jpeg,ChrisMWu,https://twitter.com/ChrisMWu,
http://pbs.twimg.com/profile_images/515016563330527232/Wzzf4aj__bigger.jpeg,EnigmaNetxx,https://twitter.com/EnigmaNetxx,
http://pbs.twimg.com/profile_images/492564825021485058/bHFBGKJw_bigger.png,Iamkellylong,https://twitter.com/Iamkellylong,
http://pbs.twimg.com/profile_images/468512425126268928/n9Nxwvna_bigger.jpeg,ElyBahiana,https://twitter.com/ElyBahiana,
http://pbs.twimg.com/profile_images/76842577/Kenobi-EpIII_2_bigger.jpg,jomaxx,https://twitter.com/jomaxx,
http://pbs.twimg.com/profile_images/485422059032309764/JQRJsqk6_bigger.png,MinnieBellW,https://twitter.com/MinnieBellW,
http://pbs.twimg.com/profile_images/537173042430877696/z3dNlK1t_bigger.jpeg,LemonZeringue,https://twitter.com/LemonZeringue,
http://pbs.twimg.com/profile_images/552856288002981888/oePPNL67_bigger.jpeg,LibertarianLuke,https://twitter.com/LibertarianLuke,
http://pbs.twimg.com/profile_images/553010938115158017/3G32XQ4D_bigger.jpeg,BlazePhoenix_,https://twitter.com/BlazePhoenix_,
http://pbs.twimg.com/profile_images/1873877627/image_bigger.jpg,TAVSTRA,https://twitter.com/TAVSTRA,
http://pbs.twimg.com/profile_images/471520725648416768/3EZDphsa_bigger.jpeg,RetireTheLeft,https://twitter.com/RetireTheLeft,
http://pbs.twimg.com/profile_images/550139474811031553/1fhuAqfS_bigger.jpeg,TooMarvelously,https://twitter.com/TooMarvelously,
http://pbs.twimg.com/profile_images/531272179569012737/AfylfdLs_bigger.jpeg,kyleraccio,https://twitter.com/kyleraccio,
http://pbs.twimg.com/profile_images/378800000792249580/81b3d4e6573443aaba13f96e90b49a9c_bigger.jpeg,wharftraders,https://twitter.com/wharftraders,
http://pbs.twimg.com/profile_images/547922798065098753/zsrS3LGH_bigger.jpeg,mikepfingston2,https://twitter.com/mikepfingston2,
http://pbs.twimg.com/profile_images/540396609167556608/1epQreGA_bigger.jpeg,RiflemansCreed,https://twitter.com/RiflemansCreed,
http://pbs.twimg.com/profile_images/378800000814086230/e6fc698bb4375c703b61a8c17ca804bd_bigger.jpeg,neo99934,https://twitter.com/neo99934,
http://pbs.twimg.com/profile_images/517704552745664513/ES4Vu_fV_bigger.png,AU4Change,https://twitter.com/AU4Change,
http://pbs.twimg.com/profile_images/550432194821255168/cQSSgYVI_bigger.jpeg,boominator,https://twitter.com/boominator,
http://pbs.twimg.com/profile_images/1511340517/download_bigger,chandigarh_news,https://twitter.com/chandigarh_news,
http://pbs.twimg.com/profile_images/547615851676172288/magFLQYN_bigger.jpeg,Yondeiri__x30,https://twitter.com/Yondeiri__x30,
http://pbs.twimg.com/profile_images/536811546312441856/aVy48ybv_bigger.jpeg,elisamich0422,https://twitter.com/elisamich0422,
http://pbs.twimg.com/profile_images/528184391457968129/FVkze5NL_bigger.png,BlueBirdBoost,https://twitter.com/BlueBirdBoost,
http://pbs.twimg.com/profile_images/552344726066970626/tD_M7f8m_bigger.jpeg,Eat_shit_obama,https://twitter.com/Eat_shit_obama,
http://pbs.twimg.com/profile_images/416552220633464832/zuj0OhBJ_bigger.jpeg,DamianoAvanzini,https://twitter.com/DamianoAvanzini,
http://pbs.twimg.com/profile_images/2394578843/k5rlbhb239aj8gut6xel_bigger.jpeg,lorabruncke,https://twitter.com/lorabruncke,
http://pbs.twimg.com/profile_images/526295359224418304/x2-sVwbk_bigger.png,KarenChestney,https://twitter.com/KarenChestney,
http://pbs.twimg.com/profile_images/378800000461141469/6b952bccbede9734b2e43c985cff7339_bigger.png,jajamaicaca,https://twitter.com/jajamaicaca,
http://pbs.twimg.com/profile_images/448331592520724480/pVKBW66w_bigger.jpeg,MannyBoow_,https://twitter.com/MannyBoow_,
http://pbs.twimg.com/profile_images/519913886716157952/PEO4Vp_T_bigger.png,MsbethmartinezA,https://twitter.com/MsbethmartinezA,
http://pbs.twimg.com/profile_images/556569469276151809/iklNSeb6_bigger.jpeg,SShaymin,https://twitter.com/SShaymin,
http://pbs.twimg.com/profile_images/557284761568563202/sI-r-b5h_bigger.jpeg,_prettypicture,https://twitter.com/_prettypicture,
http://pbs.twimg.com/profile_images/538230772671332352/Kbdf8G0Y_bigger.png,kavn,https://twitter.com/kavn,
http://pbs.twimg.com/profile_images/1494518103/DSCF0137_bigger.JPG,BarryNMooch,https://twitter.com/BarryNMooch,
http://pbs.twimg.com/profile_images/493085746580828160/_u3X7v54_bigger.jpeg,RicaudyVasquez,https://twitter.com/RicaudyVasquez,
http://pbs.twimg.com/profile_images/548991745090809856/nc0p7rYQ_bigger.jpeg,LadyRedEarth,https://twitter.com/LadyRedEarth,
http://pbs.twimg.com/profile_images/378800000696370381/600ef35512d3c7c4bcba40572d712c97_bigger.jpeg,BigKahuna919191,https://twitter.com/BigKahuna919191,
http://pbs.twimg.com/profile_images/3253053021/7f599660569766447e12f5aed34dfbf4_bigger.png,OccuWorld,https://twitter.com/OccuWorld,
http://pbs.twimg.com/profile_images/1643482230/SocialAlmeria-Twitter_bigger.jpg,SocialAlmeria,https://twitter.com/SocialAlmeria,
http://pbs.twimg.com/profile_images/521385297997598720/jUyB-0O9_bigger.jpeg,9975Ts,https://twitter.com/9975Ts,
http://pbs.twimg.com/profile_images/430388471367098368/0iUlbz39_bigger.jpeg,sherifffruitfly,https://twitter.com/sherifffruitfly,
http://pbs.twimg.com/profile_images/378800000326866568/4582ca764a834acceaed53da5a01cf66_bigger.jpeg,AmericanCitize5,https://twitter.com/AmericanCitize5,
http://pbs.twimg.com/profile_images/437749132757696512/7iACHULs_bigger.jpeg,wavetossed,https://twitter.com/wavetossed,
http://pbs.twimg.com/profile_images/2551406188/image_bigger.jpg,VA_Bleek,https://twitter.com/VA_Bleek,
http://pbs.twimg.com/profile_images/447734701457805314/1MHuI-hC_bigger.jpeg,TusharKansal,https://twitter.com/TusharKansal,
http://pbs.twimg.com/profile_images/378800000016258823/9d6806a3c7019f0358c1fa3b0a7fa39a_bigger.jpeg,FinancialPlayer,https://twitter.com/FinancialPlayer,
http://pbs.twimg.com/profile_images/411687659191287808/ofqxYmkQ_bigger.jpeg,Francis50441920,https://twitter.com/Francis50441920,
http://pbs.twimg.com/profile_images/481277126889332736/zixyNENb_bigger.jpeg,VigoteCotizado,https://twitter.com/VigoteCotizado,
http://pbs.twimg.com/profile_images/467113690924187648/c7HWSPQ-_bigger.jpeg,romopar,https://twitter.com/romopar,
http://pbs.twimg.com/profile_images/556795228284542976/7n87-zcO_bigger.jpeg,cikukariuki,https://twitter.com/cikukariuki,
http://pbs.twimg.com/profile_images/378800000635151685/0a164826149b8f91c27e75e6e605dbf9_bigger.jpeg,kentuckyredrose,https://twitter.com/kentuckyredrose,
http://pbs.twimg.com/profile_images/483493682243719168/E2HoiHDZ_bigger.jpeg,KimLafreak,https://twitter.com/KimLafreak,
http://pbs.twimg.com/profile_images/2185916071/LPColorTiny_bigger.jpg,BattleSwarmBlog,https://twitter.com/BattleSwarmBlog,
http://pbs.twimg.com/profile_images/557376947102445569/EFM3Czpk_bigger.jpeg,CalFreedomMom,https://twitter.com/CalFreedomMom,
http://pbs.twimg.com/profile_images/514314268892618752/V4BizlbC_bigger.jpeg,joeyyeo13,https://twitter.com/joeyyeo13,
http://pbs.twimg.com/profile_images/481927524859912192/QF5CNokt_bigger.jpeg,TipMonkey,https://twitter.com/TipMonkey,
http://pbs.twimg.com/profile_images/450930224889225216/93dH7ZbW_bigger.jpeg,AfricaOnMove,https://twitter.com/AfricaOnMove,
http://pbs.twimg.com/profile_images/3216818884/43ad3889f0b9860a813e95a3e838e098_bigger.jpeg,MatthewTwihard,https://twitter.com/MatthewTwihard,
http://pbs.twimg.com/profile_images/550856182219292672/WjzOkSoY_bigger.jpeg,bohnkat,https://twitter.com/bohnkat,
http://pbs.twimg.com/profile_images/557047699975835648/JlHNkbBl_bigger.jpeg,DrKC4,https://twitter.com/DrKC4,
http://pbs.twimg.com/profile_images/447914782327181312/9zdUmo-y_bigger.jpeg,bj95432geemale,https://twitter.com/bj95432geemale,
http://pbs.twimg.com/profile_images/456603621807759360/HiQj9oYh_bigger.jpeg,BethBanne2,https://twitter.com/BethBanne2,
http://pbs.twimg.com/profile_images/502212135754006528/1ZaDqByq_bigger.jpeg,minuteman62,https://twitter.com/minuteman62,
http://pbs.twimg.com/profile_images/554297574987808769/_EYmfvzB_bigger.jpeg,ringo323261,https://twitter.com/ringo323261,
http://pbs.twimg.com/profile_images/2417254527/catboxer_bigger.gif,kitgainer2002,https://twitter.com/kitgainer2002,
http://pbs.twimg.com/profile_images/2535139651/9fcynzki4zjzid678e8r_bigger.jpeg,traficopanama,https://twitter.com/traficopanama,
http://pbs.twimg.com/profile_images/555893361379266562/A6_fFja9_bigger.jpeg,ImPoliticalWill,https://twitter.com/ImPoliticalWill,
http://pbs.twimg.com/profile_images/1826181795/Cowboy-camel_bigger.jpg,TXGOPKuwait,https://twitter.com/TXGOPKuwait,
http://pbs.twimg.com/profile_images/554268865891274754/ZyQZ3G8o_bigger.jpeg,Goti05,https://twitter.com/Goti05,
http://pbs.twimg.com/profile_images/449151308172255233/hZGokHcO_bigger.jpeg,WeedPajOnuu,https://twitter.com/WeedPajOnuu,
http://pbs.twimg.com/profile_images/378800000385686466/5ac43e9bb88e552b5a14b3a7946f6c8a_bigger.png,amagrammie,https://twitter.com/amagrammie,
http://pbs.twimg.com/profile_images/2838930009/a2c9ff3b348972dc7f4f6c035a63edd8_bigger.jpeg,BlueMaze,https://twitter.com/BlueMaze,
http://pbs.twimg.com/profile_images/556026707467964416/ye8vr0cQ_bigger.jpeg,AAP4Nation,https://twitter.com/AAP4Nation,
http://pbs.twimg.com/profile_images/540722794859085824/J3Bo_AAP_bigger.jpeg,csham21,https://twitter.com/csham21,
http://pbs.twimg.com/profile_images/508462511797321728/kTeE2a-9_bigger.jpeg,the_joker30,https://twitter.com/the_joker30,
http://pbs.twimg.com/profile_images/541772335838412800/IuRcS06b_bigger.jpeg,DCiszczon,https://twitter.com/DCiszczon,
http://pbs.twimg.com/profile_images/1525629428/Freedom_bigger.jpg,kwicgov55,https://twitter.com/kwicgov55,
http://pbs.twimg.com/profile_images/412707538891599872/HtkqMQvJ_bigger.jpeg,1001ptsUK,https://twitter.com/1001ptsUK,
http://pbs.twimg.com/profile_images/525777944719794176/4svFZ7zB_bigger.jpeg,luisito2402,https://twitter.com/luisito2402,
http://pbs.twimg.com/profile_images/74458590/Sun_bigger.jpg,WhosGoneGalt,https://twitter.com/WhosGoneGalt,
http://pbs.twimg.com/profile_images/3347745437/297d7071b01fba138b3c5f361d5d1a7a_bigger.jpeg,Poetvix,https://twitter.com/Poetvix,
http://pbs.twimg.com/profile_images/477865443307167744/y3fvA3Tm_bigger.jpeg,Njeeri,https://twitter.com/Njeeri,
http://pbs.twimg.com/profile_images/557382894847406081/y-5UKnPw_bigger.jpeg,Death4Jodi,https://twitter.com/Death4Jodi,
http://pbs.twimg.com/profile_images/484486203131957248/p1Q6pfBG_bigger.jpeg,John_tb,https://twitter.com/John_tb,
http://pbs.twimg.com/profile_images/556015457337999361/QqZRDoVX_bigger.jpeg,sri_ay,https://twitter.com/sri_ay,
http://pbs.twimg.com/profile_images/3211471986/a222fd5141468542ac076752b37e5965_bigger.png,SusanDanzig219,https://twitter.com/SusanDanzig219,
http://pbs.twimg.com/profile_images/467174203901243392/12Li1Jvi_bigger.jpeg,PanamaHashtag,https://twitter.com/PanamaHashtag,
http://pbs.twimg.com/profile_images/3647812215/db51248dc4b4a07f82e176dbc7227be1_bigger.jpeg,TheUsNewz,https://twitter.com/TheUsNewz,
http://pbs.twimg.com/profile_images/2007252012/webcam-toy-photo75_bigger.jpg,LiveEdges,https://twitter.com/LiveEdges,
http://pbs.twimg.com/profile_images/456495474174750720/VWjDzizx_bigger.png,montgomeryzeke,https://twitter.com/montgomeryzeke,
http://pbs.twimg.com/profile_images/482629471875252224/EsjYLRLI_bigger.jpeg,pnpservices,https://twitter.com/pnpservices,
http://pbs.twimg.com/profile_images/531278110763663361/XZ8fj8yd_bigger.jpeg,Maggie4PT,https://twitter.com/Maggie4PT,
http://pbs.twimg.com/profile_images/378800000777058750/c6b8b0e4b02571974e57603efb8faf92_bigger.png,mielewealth,https://twitter.com/mielewealth,
http://pbs.twimg.com/profile_images/520247565263306752/IEsMG4su_bigger.jpeg,SkyNewsFeed,https://twitter.com/SkyNewsFeed,
http://pbs.twimg.com/profile_images/555574328306057216/OHr731ip_bigger.jpeg,Yanna_Ely,https://twitter.com/Yanna_Ely,
http://pbs.twimg.com/profile_images/378800000470584004/6a8ae2c869c1797050e7c699a8295ad9_bigger.png,GreenEagleLib,https://twitter.com/GreenEagleLib,
http://pbs.twimg.com/profile_images/556542060128247808/NVcB_UPW_bigger.jpeg,walker_lourdes,https://twitter.com/walker_lourdes,
http://pbs.twimg.com/profile_images/2678805486/87d103d44c3757d583c0d81e8a913a43_bigger.jpeg,Nightlaser,https://twitter.com/Nightlaser,
http://pbs.twimg.com/profile_images/378800000671430353/419dbb028c97b29d436b6cd94680f65a_bigger.jpeg,MikaAaltola,https://twitter.com/MikaAaltola,
http://pbs.twimg.com/profile_images/378800000618250330/c1d3dd8b6a80357a8eb6eea4a6f1e798_bigger.jpeg,alinatede,https://twitter.com/alinatede,
http://pbs.twimg.com/profile_images/513149389469020160/l8NQrqh6_bigger.jpeg,VGLICIOUS_,https://twitter.com/VGLICIOUS_,
http://pbs.twimg.com/profile_images/1624136169/Me___Chris_Asheville_bigger.JPG,ChrisHolfelder,https://twitter.com/ChrisHolfelder,
http://pbs.twimg.com/profile_images/534189743219953664/0XW1peTF_bigger.jpeg,JustRachx3ll,https://twitter.com/JustRachx3ll,
http://pbs.twimg.com/profile_images/507694242529964032/_Aue_7gT_bigger.jpeg,Niino_Rosario,https://twitter.com/Niino_Rosario,
http://pbs.twimg.com/profile_images/2307776543/3sz2i0j75lzt8a3gl5g5_bigger.jpeg,zengreen,https://twitter.com/zengreen,
http://pbs.twimg.com/profile_images/552836639496474624/6EAIVx6O_bigger.jpeg,APD3109SgtWife,https://twitter.com/APD3109SgtWife,
http://pbs.twimg.com/profile_images/474652131442429953/o53L66PT_bigger.jpeg,Noticortas,https://twitter.com/Noticortas,
http://pbs.twimg.com/profile_images/525840707630559232/3658FIeo_bigger.png,perry1949,https://twitter.com/perry1949,
http://pbs.twimg.com/profile_images/530523075737960448/uer347gq_bigger.jpeg,Blue2thBone,https://twitter.com/Blue2thBone,
http://pbs.twimg.com/profile_images/548348438841020416/7UJLPND2_bigger.jpeg,archangeljf12,https://twitter.com/archangeljf12,
http://pbs.twimg.com/profile_images/1728881030/DSC_0952_bigger.jpg,cesarpazusa,https://twitter.com/cesarpazusa,
http://pbs.twimg.com/profile_images/496494355943673856/gh4o251e_bigger.jpeg,CoffyLady,https://twitter.com/CoffyLady,
http://pbs.twimg.com/profile_images/421073794074046464/4YosSdW-_bigger.jpeg,CPedrocheNews,https://twitter.com/CPedrocheNews,
http://pbs.twimg.com/profile_images/549440713524805632/cKH3zjYW_bigger.jpeg,francor984,https://twitter.com/francor984,
http://pbs.twimg.com/profile_images/557004462674685953/AEFiyUrM_bigger.jpeg,WorldNewsEarth,https://twitter.com/WorldNewsEarth,
http://pbs.twimg.com/profile_images/523649909476429824/f3Gj_JIH_bigger.jpeg,SUCKMYSPIDERDIC,https://twitter.com/SUCKMYSPIDERDIC,
http://pbs.twimg.com/profile_images/2041244376/icon_bigger.jpg,laiq1971,https://twitter.com/laiq1971,
http://pbs.twimg.com/profile_images/548911700380876800/SeArjktQ_bigger.png,Jimbobbarley,https://twitter.com/Jimbobbarley,
http://pbs.twimg.com/profile_images/378800000354636375/6d09c7ada5366bc259b1af02291eb20f_bigger.jpeg,india_breaking,https://twitter.com/india_breaking,
http://pbs.twimg.com/profile_images/2882148467/0b93e298963ae392398f60eaac7524ba_bigger.jpeg,skshtgr11,https://twitter.com/skshtgr11,
http://pbs.twimg.com/profile_images/556644285320151040/hG4SdZ99_bigger.jpeg,KellieTurner,https://twitter.com/KellieTurner,
http://pbs.twimg.com/profile_images/1128812595/2c8b32c_bigger.jpg,paijwar,https://twitter.com/paijwar,
http://pbs.twimg.com/profile_images/557294771924783105/4I8rSjL9_bigger.jpeg,blayne_troy,https://twitter.com/blayne_troy,
http://pbs.twimg.com/profile_images/1863980315/Me_Me_Me_bigger.jpg,Alice_Pink,https://twitter.com/Alice_Pink,
http://pbs.twimg.com/profile_images/556449607790510080/V6hEOWKn_bigger.jpeg,TakeBackIndia,https://twitter.com/TakeBackIndia,
http://pbs.twimg.com/profile_images/544464938719543296/WBz7Xo1z_bigger.png,nowabhijit,https://twitter.com/nowabhijit,
http://pbs.twimg.com/profile_images/449617964183339008/h2gb_543_bigger.jpeg,JediPeaceFrog,https://twitter.com/JediPeaceFrog,
http://pbs.twimg.com/profile_images/556277462175600641/ZGn2HQKE_bigger.jpeg,McCoY_tp,https://twitter.com/McCoY_tp,
http://pbs.twimg.com/profile_images/3186601918/f6fdc0fd6d3f56d59f7902ca705499f1_bigger.png,div4gravity,https://twitter.com/div4gravity,
http://pbs.twimg.com/profile_images/519994340282597376/RHhYTi5q_bigger.jpeg,andrewmatranga,https://twitter.com/andrewmatranga,
http://pbs.twimg.com/profile_images/534404353474297857/sxTTGPyI_bigger.jpeg,geraldericsson,https://twitter.com/geraldericsson,
http://pbs.twimg.com/profile_images/551833243499364352/SRHeLK2d_bigger.jpeg,ChiefanBittyDad,https://twitter.com/ChiefanBittyDad,
http://pbs.twimg.com/profile_images/555137248849440768/yY-bMeuo_bigger.jpeg,manjrn,https://twitter.com/manjrn,
http://pbs.twimg.com/profile_images/555592582949249024/pA16nFlX_bigger.jpeg,abshaww,https://twitter.com/abshaww,
http://pbs.twimg.com/profile_images/474800749998637056/OU1OoZQT_bigger.jpeg,pmeech1,https://twitter.com/pmeech1,
http://pbs.twimg.com/profile_images/546105801564102656/yO31RJBv_bigger.jpeg,UVOnlineMag,https://twitter.com/UVOnlineMag,
http://pbs.twimg.com/profile_images/547721682949910528/QlJLXvik_bigger.jpeg,sexfun0,https://twitter.com/sexfun0,
http://pbs.twimg.com/profile_images/488485860937977856/DYxIyZ0j_bigger.jpeg,randylayogueta,https://twitter.com/randylayogueta,
http://pbs.twimg.com/profile_images/1857838169/AMERICAS_bigger.jpg,WALTSIMS,https://twitter.com/WALTSIMS,
http://pbs.twimg.com/profile_images/540685186938458112/Szeljz9__bigger.jpeg,MannyBoow,https://twitter.com/MannyBoow,
http://pbs.twimg.com/profile_images/537921926090342400/BFC8Ri_o_bigger.jpeg,sergiolopezmir,https://twitter.com/sergiolopezmir,
http://pbs.twimg.com/profile_images/534581602131922945/wsvaD_MK_bigger.jpeg,abbychichi,https://twitter.com/abbychichi,
http://pbs.twimg.com/profile_images/549626843263799296/Olnz30MT_bigger.jpeg,EstebanFerrerTS,https://twitter.com/EstebanFerrerTS,
http://pbs.twimg.com/profile_images/378800000297811451/e9f6f633e42bd8a11e530fb1eaf3a4ea_bigger.png,dgendvil,https://twitter.com/dgendvil,
http://pbs.twimg.com/profile_images/556966926766075905/CxmqVAeQ_bigger.jpeg,SydMEvs,https://twitter.com/SydMEvs,
http://pbs.twimg.com/profile_images/2696593143/fdeacb24c017699d1e82195b6254a8ad_bigger.jpeg,realtybird,https://twitter.com/realtybird,
http://pbs.twimg.com/profile_images/3083780687/66df8b799bc871d44f8bb6ddf684c10f_bigger.jpeg,Polkameister,https://twitter.com/Polkameister,
http://pbs.twimg.com/profile_images/486152856307650560/MojZ0ykG_bigger.jpeg,breezy1_x3,https://twitter.com/breezy1_x3,
http://pbs.twimg.com/profile_images/441562575939960832/bIZgMuGX_bigger.jpeg,Rainiel_RD,https://twitter.com/Rainiel_RD,
http://pbs.twimg.com/profile_images/378800000399490497/6933b337286dd66dc32313e23f37f01a_bigger.jpeg,Nolanelle,https://twitter.com/Nolanelle,
http://pbs.twimg.com/profile_images/511767731080003585/6ad0PPnm_bigger.jpeg,matthewstusick,https://twitter.com/matthewstusick,
http://pbs.twimg.com/profile_images/378800000478061017/2f7b26881566b0dc0d9579868c26831b_bigger.png,chennaivision,https://twitter.com/chennaivision,
http://pbs.twimg.com/profile_images/526695801083265024/XnE9mygd_bigger.jpeg,stegian67,https://twitter.com/stegian67,
http://pbs.twimg.com/profile_images/557409443529252864/7uT1Hl8j_bigger.jpeg,lukes9inchquiff,https://twitter.com/lukes9inchquiff,
http://pbs.twimg.com/profile_images/2588708036/njjh0acyu4j9bb2w2kh6_bigger.jpeg,peoriajournal,https://twitter.com/peoriajournal,
http://pbs.twimg.com/profile_images/482018627646812160/GUdKTOrG_bigger.jpeg,SteveSkojec,https://twitter.com/SteveSkojec,
http://pbs.twimg.com/profile_images/1670225056/SteelBall2_bigger.jpg,Loretta778,https://twitter.com/Loretta778,
http://pbs.twimg.com/profile_images/435416866165506049/KvR5a_yF_bigger.jpeg,piketebow,https://twitter.com/piketebow,
http://pbs.twimg.com/profile_images/549353296591204352/iwH50zB5_bigger.jpeg,KochsRuinedUSA,https://twitter.com/KochsRuinedUSA,
http://pbs.twimg.com/profile_images/542184640048795649/hMEsHQAj_bigger.jpeg,tommulkerin53,https://twitter.com/tommulkerin53,
http://pbs.twimg.com/profile_images/378800000841594233/133bc789440c0523ddb4ce6a8038941a_bigger.png,burghline,https://twitter.com/burghline,
http://pbs.twimg.com/profile_images/432725248681598978/9RZrOSGA_bigger.jpeg,HunTerBoy_x5,https://twitter.com/HunTerBoy_x5,
http://pbs.twimg.com/profile_images/2519287166/Ritchie_and_Jo_on_Boat_bigger.jpg,RitchiePrice,https://twitter.com/RitchiePrice,
http://pbs.twimg.com/profile_images/547036083662245888/oTfoQcp5_bigger.jpeg,US4USA,https://twitter.com/US4USA,
http://pbs.twimg.com/profile_images/526204075763703809/uRYmXsmk_bigger.jpeg,JosephRemiB,https://twitter.com/JosephRemiB,
http://pbs.twimg.com/profile_images/549010903489073152/-DZWKXUI_bigger.jpeg,hatemyfingjob,https://twitter.com/hatemyfingjob,
http://pbs.twimg.com/profile_images/499910109409984512/ao2DYf_X_bigger.jpeg,traceywinbush,https://twitter.com/traceywinbush,
http://abs.twimg.com/sticky/default_profile_images/default_profile_6_bigger.png,Camilian1Sabel,https://twitter.com/Camilian1Sabel,
http://pbs.twimg.com/profile_images/535647969320529920/uJ6r95XR_bigger.png,thaiparampil,https://twitter.com/thaiparampil,
http://pbs.twimg.com/profile_images/506872466489085953/RbO6MXOr_bigger.jpeg,maicollRD,https://twitter.com/maicollRD,
http://pbs.twimg.com/profile_images/493166753275318272/N98jiVZ5_bigger.jpeg,mjfield,https://twitter.com/mjfield,
http://pbs.twimg.com/profile_images/3739318598/6b75036bf9c96ba18ddd0693dec3b6ac_bigger.jpeg,AnonyMiss_,https://twitter.com/AnonyMiss_,
http://pbs.twimg.com/profile_images/507399041802465280/759KsiKu_bigger.jpeg,DrottM,https://twitter.com/DrottM,
http://pbs.twimg.com/profile_images/439623853484941312/PYXMsCZE_bigger.jpeg,ChristineMcC5,https://twitter.com/ChristineMcC5,
http://pbs.twimg.com/profile_images/551483231682707456/l-nUxOyu_bigger.jpeg,StevieRod,https://twitter.com/StevieRod,
http://pbs.twimg.com/profile_images/555626642387640322/MuQoM_71_bigger.jpeg,IMASOONERFAN1,https://twitter.com/IMASOONERFAN1,
http://pbs.twimg.com/profile_images/378800000401720704/18558b8a63e20c617f9fafcc114efadc_bigger.jpeg,DRPECON,https://twitter.com/DRPECON,
http://pbs.twimg.com/profile_images/1070819958/PHOT0643bc_bigger.jpg,erzobe,https://twitter.com/erzobe,
http://pbs.twimg.com/profile_images/554375287048114176/5ejkZitF_bigger.jpeg,WalterGlennLang,https://twitter.com/WalterGlennLang,
http://pbs.twimg.com/profile_images/3031291961/b0181ed7dcaf3f86fc4369a375d614ab_bigger.jpeg,4FatherBeliefs,https://twitter.com/4FatherBeliefs,
http://pbs.twimg.com/profile_images/550437891483369474/LZlDA62K_bigger.jpeg,vegasdude83,https://twitter.com/vegasdude83,
http://pbs.twimg.com/profile_images/517608430920806400/3q3ArfSa_bigger.jpeg,pilloly,https://twitter.com/pilloly,
http://pbs.twimg.com/profile_images/3593184593/b680fb5c07f6418797b9cad2c07b6984_bigger.jpeg,photoshop00000,https://twitter.com/photoshop00000,
http://pbs.twimg.com/profile_images/2062480524/YasAdultAvatarGrn_bigger.jpg,Yasthetwit,https://twitter.com/Yasthetwit,
http://pbs.twimg.com/profile_images/539358136571015168/reJgKCxD_bigger.jpeg,10gatta,https://twitter.com/10gatta,
http://pbs.twimg.com/profile_images/504096475404464128/Duhz19vv_bigger.jpeg,ErickDuran29,https://twitter.com/ErickDuran29,
http://pbs.twimg.com/profile_images/514210023933628416/wjmoHz9s_bigger.jpeg,patrickoech,https://twitter.com/patrickoech,
http://pbs.twimg.com/profile_images/554508347903201280/bVjQrUI2_bigger.jpeg,massimomessina1,https://twitter.com/massimomessina1,
http://pbs.twimg.com/profile_images/494619404907196417/Z2bt_rO8_bigger.jpeg,MedicenYon,https://twitter.com/MedicenYon,
http://pbs.twimg.com/profile_images/540034862648803329/nLWt3UHn_bigger.jpeg,_Chrisjwill,https://twitter.com/_Chrisjwill,
http://pbs.twimg.com/profile_images/378800000475298041/a7c33b73e65809f58466533360272212_bigger.jpeg,wwwboliviacom,https://twitter.com/wwwboliviacom,
http://pbs.twimg.com/profile_images/557390735100497921/kbfkXhfj_bigger.jpeg,zFarbs7,https://twitter.com/zFarbs7,
http://pbs.twimg.com/profile_images/1813504018/logo3_bigger.png,NWPCA,https://twitter.com/NWPCA,
http://pbs.twimg.com/profile_images/553299004541636609/fDOTL_JM_bigger.jpeg,Actioncat7,https://twitter.com/Actioncat7,
http://pbs.twimg.com/profile_images/554054352424296448/VVKE4uNr_bigger.jpeg,f77a9c24c7f9451,https://twitter.com/f77a9c24c7f9451,
http://pbs.twimg.com/profile_images/447496426914713600/axxOrOwM_bigger.jpeg,Yeiron_RD,https://twitter.com/Yeiron_RD,
http://pbs.twimg.com/profile_images/538553873829339136/E25guHpN_bigger.jpeg,IntegralUnity,https://twitter.com/IntegralUnity,
http://pbs.twimg.com/profile_images/516862226142339072/oQwrNFDU_bigger.jpeg,CheetahKing_800,https://twitter.com/CheetahKing_800,
http://pbs.twimg.com/profile_images/538177066114351105/9EIVuldM_bigger.jpeg,SantoLippo_,https://twitter.com/SantoLippo_,
http://pbs.twimg.com/profile_images/551615692374409216/XCQYvzVh_bigger.jpeg,JonathanFarris7,https://twitter.com/JonathanFarris7,
http://pbs.twimg.com/profile_images/557273724907683840/ciA2bA7q_bigger.jpeg,Swallowthesoph,https://twitter.com/Swallowthesoph,
http://pbs.twimg.com/profile_images/533043935200182272/jTKX44cl_bigger.jpeg,Peggitha,https://twitter.com/Peggitha,
http://pbs.twimg.com/profile_images/552015794687987712/2a75jYC7_bigger.jpeg,GangShxt__,https://twitter.com/GangShxt__,
http://pbs.twimg.com/profile_images/423584030223650817/r0IAbhm__bigger.jpeg,Ramos0154,https://twitter.com/Ramos0154,
http://pbs.twimg.com/profile_images/556385672718991360/ES_c57Z0_bigger.jpeg,MsPulane,https://twitter.com/MsPulane,
http://pbs.twimg.com/profile_images/528394488150884355/MMtpKTxh_bigger.jpeg,jerZboyUSA,https://twitter.com/jerZboyUSA,
http://pbs.twimg.com/profile_images/493766981192265728/wO3hGmM0_bigger.jpeg,MoosheeRozay,https://twitter.com/MoosheeRozay,
http://pbs.twimg.com/profile_images/549960492232769536/9_pzYfc1_bigger.jpeg,NotOne2bPC,https://twitter.com/NotOne2bPC,
http://pbs.twimg.com/profile_images/378800000802169475/a755c00010f1ecd938d281bfd40a3b33_bigger.png,VisaoCidade12,https://twitter.com/VisaoCidade12,
http://pbs.twimg.com/profile_images/446364245622394880/mNq_lbuQ_bigger.jpeg,FCgoodnews,https://twitter.com/FCgoodnews,
http://pbs.twimg.com/profile_images/378800000505526680/5cd96b783d8f5c8726ab056560cfb96e_bigger.jpeg,Rosarian4,https://twitter.com/Rosarian4,
http://pbs.twimg.com/profile_images/769851878/Picture_2_bigger.jpg,Gilcoleman,https://twitter.com/Gilcoleman,
http://pbs.twimg.com/profile_images/378800000303374924/5f58185ee8a74ef2cde79d7bf0bc3209_bigger.jpeg,ShelliTriblett,https://twitter.com/ShelliTriblett,
http://pbs.twimg.com/profile_images/491955251964960768/5IVlxOUI_bigger.jpeg,WillordCapulong,https://twitter.com/WillordCapulong,
http://pbs.twimg.com/profile_images/541766561678499840/zHKrVqHj_bigger.jpeg,jalexus_aames,https://twitter.com/jalexus_aames,
http://pbs.twimg.com/profile_images/550822717574766594/6F1noY2g_bigger.jpeg,archristiansen_,https://twitter.com/archristiansen_,
http://pbs.twimg.com/profile_images/551158078347825153/bL8afHE__bigger.jpeg,Flaaaaalala,https://twitter.com/Flaaaaalala,
http://pbs.twimg.com/profile_images/3383970022/3f15fff8fd58823c14b6241cb645fd42_bigger.jpeg,newstalk_LL,https://twitter.com/newstalk_LL,
http://pbs.twimg.com/profile_images/1547495101/imagesCAC4BPS9_bigger.jpg,TitoMakani1234,https://twitter.com/TitoMakani1234,
http://pbs.twimg.com/profile_images/1703911235/GetAttachment.aspx_bigger.jpeg,TJAQUEZH,https://twitter.com/TJAQUEZH,
http://pbs.twimg.com/profile_images/555188281600929792/-d3zkQ8y_bigger.jpeg,tymonilashayy,https://twitter.com/tymonilashayy,
http://pbs.twimg.com/profile_images/843687675/Jorge_Rojas_bigger.jpg,Mapaestrategico,https://twitter.com/Mapaestrategico,
http://pbs.twimg.com/profile_images/2272250301/qlzh9m5h4dgahqc8vnl5_bigger.jpeg,TXMomlaughs,https://twitter.com/TXMomlaughs,
http://pbs.twimg.com/profile_images/556575406531178496/L7HlCurd_bigger.jpeg,_YouurHero,https://twitter.com/_YouurHero,
http://pbs.twimg.com/profile_images/1315016038/Rovegno_LowRes_bigger.jpg,MarineTigerwm,https://twitter.com/MarineTigerwm,
http://pbs.twimg.com/profile_images/547994457841606656/QaO52i8y_bigger.jpeg,IggySole,https://twitter.com/IggySole,
http://pbs.twimg.com/profile_images/517116064191098880/e9h-EKHS_bigger.png,misty_neal,https://twitter.com/misty_neal,
http://pbs.twimg.com/profile_images/553684031389179904/51BSwms4_bigger.jpeg,GuillerminaBel9,https://twitter.com/GuillerminaBel9,
http://pbs.twimg.com/profile_images/535527377816666112/KIaMqFiO_bigger.jpeg,Mbelin1033Mary,https://twitter.com/Mbelin1033Mary,
http://pbs.twimg.com/profile_images/554518415529242624/ECK_ukis_bigger.jpeg,LouiexCartel,https://twitter.com/LouiexCartel,
http://pbs.twimg.com/profile_images/1811881090/Matt_Pro_Picture_bigger.jpg,mpageskincare,https://twitter.com/mpageskincare,
http://pbs.twimg.com/profile_images/459808210648457216/FauJoZfD_bigger.jpeg,ntents,https://twitter.com/ntents,
http://pbs.twimg.com/profile_images/555707674206040065/kgi7S_Mf_bigger.jpeg,GLBisNDC,https://twitter.com/GLBisNDC,
http://pbs.twimg.com/profile_images/378800000644409350/707405cb4a9ef8f23b474d0fb05dcecc_bigger.jpeg,claudioemmanue,https://twitter.com/claudioemmanue,
http://pbs.twimg.com/profile_images/479768319356973057/OwfCge2f_bigger.jpeg,Miguel123Perez,https://twitter.com/Miguel123Perez,
http://abs.twimg.com/sticky/default_profile_images/default_profile_5_bigger.png,JohnCzer1,https://twitter.com/JohnCzer1,
http://pbs.twimg.com/profile_images/414804855622889472/hBUwQFgG_bigger.jpeg,Arquitecto_RD,https://twitter.com/Arquitecto_RD,
http://pbs.twimg.com/profile_images/88826277/irbnlogo_bigger.jpg,radartweets,https://twitter.com/radartweets,
http://pbs.twimg.com/profile_images/549679070813118464/0f65HTB6_bigger.jpeg,edhined,https://twitter.com/edhined,
http://pbs.twimg.com/profile_images/556947782452658176/oo-OmoHr_bigger.jpeg,Bobbynas,https://twitter.com/Bobbynas,
http://pbs.twimg.com/profile_images/378800000226392031/65fcf4b816f4b909fbe27bb02a75f92e_bigger.jpeg,todonoticiasmx,https://twitter.com/todonoticiasmx,
http://pbs.twimg.com/profile_images/550525708473085952/F_nZ_BLu_bigger.jpeg,MilitiaMomma,https://twitter.com/MilitiaMomma,
http://pbs.twimg.com/profile_images/3678847537/20d0485db8c0818e5f689780a38ba039_bigger.jpeg,JimWilemon,https://twitter.com/JimWilemon,
http://pbs.twimg.com/profile_images/554356623158697984/Bu5idbHe_bigger.jpeg,ElQueSab3_,https://twitter.com/ElQueSab3_,
http://pbs.twimg.com/profile_images/532292060586323969/klnH0ShD_bigger.jpeg,MadMax9990,https://twitter.com/MadMax9990,
http://pbs.twimg.com/profile_images/530254291940831232/CrFmkO_V_bigger.jpeg,darmercurio,https://twitter.com/darmercurio,
http://pbs.twimg.com/profile_images/527739005610496000/1guYcswf_bigger.jpeg,tcotvip,https://twitter.com/tcotvip,
http://pbs.twimg.com/profile_images/552225509581402112/NbagV6LC_bigger.jpeg,josscadd,https://twitter.com/josscadd,
http://pbs.twimg.com/profile_images/461013747679502336/M-yNCIQ3_bigger.jpeg,Stefonique,https://twitter.com/Stefonique,
http://pbs.twimg.com/profile_images/551069737312997376/2uQE4faK_bigger.jpeg,Nicole_Tweett,https://twitter.com/Nicole_Tweett,
http://pbs.twimg.com/profile_images/1466700285/jNDsvrV8_bigger,choctawgirl73,https://twitter.com/choctawgirl73,
http://pbs.twimg.com/profile_images/552234370950385664/e5wppMvh_bigger.jpeg,camvazq,https://twitter.com/camvazq,
http://pbs.twimg.com/profile_images/523147502950707201/FLRhbZ0q_bigger.jpeg,steveo62rocks,https://twitter.com/steveo62rocks,
http://pbs.twimg.com/profile_images/2518253402/mjg6f34ipqr1mik3a4td_bigger.jpeg,WillSmirk4Food,https://twitter.com/WillSmirk4Food,
http://pbs.twimg.com/profile_images/557038549267406848/2MkS6t-9_bigger.jpeg,Meli_x15,https://twitter.com/Meli_x15,
http://pbs.twimg.com/profile_images/553794862751825922/-6RlzWlg_bigger.jpeg,KristaLeAnn_,https://twitter.com/KristaLeAnn_,
http://pbs.twimg.com/profile_images/552606041330814977/BP62npWi_bigger.jpeg,portjunn,https://twitter.com/portjunn,
http://pbs.twimg.com/profile_images/552280616440320000/OtpvZErM_bigger.jpeg,alepastt,https://twitter.com/alepastt,
http://abs.twimg.com/sticky/default_profile_images/default_profile_0_bigger.png,emel7168,https://twitter.com/emel7168,
http://pbs.twimg.com/profile_images/1821357103/image_bigger.jpg,GlynetteSimoes,https://twitter.com/GlynetteSimoes,
http://pbs.twimg.com/profile_images/1506888426/Varun_Goel_bigger.jpg,varung123,https://twitter.com/varung123,
http://pbs.twimg.com/profile_images/512422238490857472/zqNlarvW_bigger.jpeg,alexandriahovis,https://twitter.com/alexandriahovis,
http://pbs.twimg.com/profile_images/553410061767573504/ufldVL4q_bigger.jpeg,grace3elmiger,https://twitter.com/grace3elmiger,
http://pbs.twimg.com/profile_images/552588209683570688/0PxQ1wdV_bigger.jpeg,odislug,https://twitter.com/odislug,
http://pbs.twimg.com/profile_images/463520385401491456/0NGw5BQu_bigger.jpeg,SpaceRacer423,https://twitter.com/SpaceRacer423,
http://pbs.twimg.com/profile_images/552264784494600192/Z0quSLsh_bigger.jpeg,ornlart,https://twitter.com/ornlart,
http://pbs.twimg.com/profile_images/3340563033/d12c865352406bf651357f288a778163_bigger.png,JacksDepression,https://twitter.com/JacksDepression,
http://pbs.twimg.com/profile_images/506439769220734976/dwnDPd-3_bigger.jpeg,Paul_Gualtieri,https://twitter.com/Paul_Gualtieri,
http://pbs.twimg.com/profile_images/511338073464909824/gKdDY1G2_bigger.jpeg,frases_music11,https://twitter.com/frases_music11,
http://pbs.twimg.com/profile_images/491077337795289088/z_jKUipj_bigger.jpeg,richdurand77,https://twitter.com/richdurand77,
http://pbs.twimg.com/profile_images/516844938655707136/YrL9PWXw_bigger.jpeg,brownieelfdr,https://twitter.com/brownieelfdr,
http://pbs.twimg.com/profile_images/552598028066906112/d987DJZh_bigger.jpeg,lalvarr,https://twitter.com/lalvarr,
http://pbs.twimg.com/profile_images/555786265275023360/X-aVd0ts_bigger.jpeg,Twitsler,https://twitter.com/Twitsler,
http://pbs.twimg.com/profile_images/551454523504721921/ps3eDIBN_bigger.jpeg,Tyga_x5,https://twitter.com/Tyga_x5,
http://pbs.twimg.com/profile_images/459222578024833024/_Yu7Walt_bigger.jpeg,c_mae37,https://twitter.com/c_mae37,
http://pbs.twimg.com/profile_images/552271902551461888/yxlg-JD6_bigger.jpeg,sabdreaa,https://twitter.com/sabdreaa,
http://pbs.twimg.com/profile_images/378800000803104165/0be398ea1f7d4c8dee8dbc30b17e5031_bigger.jpeg,alanlechusza,https://twitter.com/alanlechusza,
http://pbs.twimg.com/profile_images/552642497931784192/_hjtWW33_bigger.jpeg,tokgerar,https://twitter.com/tokgerar,
http://pbs.twimg.com/profile_images/448094447256236032/RfwqBoVv_bigger.jpeg,nviglesias,https://twitter.com/nviglesias,
http://pbs.twimg.com/profile_images/3381236943/5df0710a36f6a64d5ac5d5002cfa15b9_bigger.jpeg,ajfilipiuk,https://twitter.com/ajfilipiuk,
http://pbs.twimg.com/profile_images/510697413544140800/Rs7iH-Nk_bigger.jpeg,sangarfree,https://twitter.com/sangarfree,
http://pbs.twimg.com/profile_images/514434203698483200/Pz4_bzgs_bigger.jpeg,johnjob16,https://twitter.com/johnjob16,
http://pbs.twimg.com/profile_images/378800000802161853/a755c00010f1ecd938d281bfd40a3b33_bigger.png,visaocidade,https://twitter.com/visaocidade,
http://pbs.twimg.com/profile_images/378800000384893673/362b1a019ab54429d6a80fb44d0ce6e4_bigger.jpeg,TinPotDickTator,https://twitter.com/TinPotDickTator,
http://pbs.twimg.com/profile_images/556513853367152640/IsNsB_S6_bigger.jpeg,HeathNOLA,https://twitter.com/HeathNOLA,
http://pbs.twimg.com/profile_images/2917837121/66f6e63753a5558bcb5c667c29e5450a_bigger.jpeg,MuttMan72,https://twitter.com/MuttMan72,
http://pbs.twimg.com/profile_images/552638617302994944/cndLaEHc_bigger.jpeg,padijorg,https://twitter.com/padijorg,
http://pbs.twimg.com/profile_images/548631596073779201/5yFqAOns_bigger.jpeg,marlenepeaceyo,https://twitter.com/marlenepeaceyo,
http://pbs.twimg.com/profile_images/531162924279017473/vfIUwpbS_bigger.jpeg,_BusinessCorner,https://twitter.com/_BusinessCorner,
http://pbs.twimg.com/profile_images/509022144139771904/2FhMlt82_bigger.jpeg,PamyDFoley,https://twitter.com/PamyDFoley,
http://pbs.twimg.com/profile_images/552592483134095361/IiZOevB0_bigger.jpeg,octavpas,https://twitter.com/octavpas,
http://pbs.twimg.com/profile_images/556280159829905408/Pmq_CRfz_bigger.jpeg,sarrack_obama,https://twitter.com/sarrack_obama,
http://pbs.twimg.com/profile_images/464578912924602368/xx-zQmiC_bigger.jpeg,rangooficial01,https://twitter.com/rangooficial01,
http://pbs.twimg.com/profile_images/448693897967841280/GVeFYXRK_bigger.jpeg,shemo4real,https://twitter.com/shemo4real,
http://pbs.twimg.com/profile_images/378800000050272150/d6593fc3024d05b4d672bffd8f59bd20_bigger.jpeg,dollydeleon,https://twitter.com/dollydeleon,
http://pbs.twimg.com/profile_images/552582253469908992/8ehKNRwy_bigger.jpeg,tedfrankk,https://twitter.com/tedfrankk,
http://pbs.twimg.com/profile_images/552621839348809728/hjAEa0jn_bigger.jpeg,nurther,https://twitter.com/nurther,
http://pbs.twimg.com/profile_images/533234305074356224/ym5A92Uc_bigger.jpeg,RR4900,https://twitter.com/RR4900,
http://pbs.twimg.com/profile_images/3349247558/d6a9e4d82b6937085eda60f0407c9b13_bigger.png,shoutyoursite,https://twitter.com/shoutyoursite,
http://pbs.twimg.com/profile_images/483144476332793858/7j0jIeb8_bigger.jpeg,TheNewsHype,https://twitter.com/TheNewsHype,
http://pbs.twimg.com/profile_images/496177069139968000/mdSx8we2_bigger.jpeg,Maartinbaez,https://twitter.com/Maartinbaez,
http://pbs.twimg.com/profile_images/538611475992940545/3GF_9Ece_bigger.jpeg,Obama_Biden_13,https://twitter.com/Obama_Biden_13,
http://pbs.twimg.com/profile_images/378800000302928191/9b8f5b286b25e25a2c0fd8cdf7043186_bigger.jpeg,cityking9ne,https://twitter.com/cityking9ne,
http://pbs.twimg.com/profile_images/547786640660242432/FcoDUzAk_bigger.png,news_in_summary,https://twitter.com/news_in_summary,
http://pbs.twimg.com/profile_images/3654635830/c6ea2c694936af38892aedd54851be17_bigger.jpeg,mvrossumdc,https://twitter.com/mvrossumdc,
http://pbs.twimg.com/profile_images/557411123700719616/4KFugyMl_bigger.jpeg,jordanmargarete,https://twitter.com/jordanmargarete,
http://pbs.twimg.com/profile_images/378800000231369398/94fbbf0a4f4bcc103f517e9b777bb665_bigger.jpeg,gilmored85,https://twitter.com/gilmored85,
http://pbs.twimg.com/profile_images/554882160948445184/-4618PXN_bigger.jpeg,papa__swag,https://twitter.com/papa__swag,
http://pbs.twimg.com/profile_images/556999186923921408/ZajJTI64_bigger.jpeg,alexcain33,https://twitter.com/alexcain33,
http://pbs.twimg.com/profile_images/472950094455529472/ySiJ5PqF_bigger.jpeg,MaggieStocks22,https://twitter.com/MaggieStocks22,
http://pbs.twimg.com/profile_images/551517320972349441/6IXF6yI1_bigger.jpeg,LaLko60,https://twitter.com/LaLko60,
http://pbs.twimg.com/profile_images/378800000843693191/2dc0890c1eca2460c1a40c34bd0d9499_bigger.jpeg,TheVictoryTour,https://twitter.com/TheVictoryTour,
http://abs.twimg.com/sticky/default_profile_images/default_profile_4_bigger.png,modestexhibitio,https://twitter.com/modestexhibitio,
http://pbs.twimg.com/profile_images/548680820920033280/NUWCIAo7_bigger.png,prezpicsdaily,https://twitter.com/prezpicsdaily,
http://pbs.twimg.com/profile_images/526459294385201152/SNI-n243_bigger.jpeg,ARay556,https://twitter.com/ARay556,
http://pbs.twimg.com/profile_images/515393829135204352/w-D4R4BO_bigger.jpeg,zuri_zuri_,https://twitter.com/zuri_zuri_,
http://pbs.twimg.com/profile_images/442010711321899008/hKLD1lGJ_bigger.jpeg,CitizenDorianS,https://twitter.com/CitizenDorianS,
http://pbs.twimg.com/profile_images/470413455045193728/4TT_-m-A_bigger.jpeg,_Phayes,https://twitter.com/_Phayes,
http://pbs.twimg.com/profile_images/470684880851177473/mwWIMEPy_bigger.jpeg,naugustine,https://twitter.com/naugustine,
http://pbs.twimg.com/profile_images/444318467383361536/HxVjgySs_bigger.jpeg,putiiki11,https://twitter.com/putiiki11,
http://pbs.twimg.com/profile_images/537105922938515456/bDfxPLRJ_bigger.jpeg,saponicheryl,https://twitter.com/saponicheryl,
http://pbs.twimg.com/profile_images/524321067389558784/YBRXDAm7_bigger.jpeg,Mr_Machinn,https://twitter.com/Mr_Machinn,
http://pbs.twimg.com/profile_images/1113355308/Snapshot_of_mikiya_MS_bigger.jpg,mickey228,https://twitter.com/mickey228,
http://pbs.twimg.com/profile_images/550894249248452609/cfh2m3er_bigger.jpeg,nathan28423118,https://twitter.com/nathan28423118,
http://pbs.twimg.com/profile_images/553756868305108992/JCEixspP_bigger.jpeg,mikaaeela_,https://twitter.com/mikaaeela_,
http://pbs.twimg.com/profile_images/2302831312/cujmny58wwbdrx4g1rzz_bigger.jpeg,JeffAdams19,https://twitter.com/JeffAdams19,
http://pbs.twimg.com/profile_images/549650510140407808/E8YTHMuB_bigger.jpeg,shiratorizawas,https://twitter.com/shiratorizawas,
http://pbs.twimg.com/profile_images/551953672683655168/WdMG0l2j_bigger.jpeg,Bsue2L,https://twitter.com/Bsue2L,
http://pbs.twimg.com/profile_images/556782789996318720/7m4c7JBK_bigger.jpeg,mariannyribera,https://twitter.com/mariannyribera,
http://pbs.twimg.com/profile_images/479108096397033472/GFpRxvct_bigger.jpeg,AngellDiice,https://twitter.com/AngellDiice,
http://pbs.twimg.com/profile_images/557357705489547264/04qPMIAN_bigger.jpeg,JivTlkNChoirBoy,https://twitter.com/JivTlkNChoirBoy,
http://pbs.twimg.com/profile_images/480777130901377024/sx__FTnk_bigger.jpeg,liberty_bell76,https://twitter.com/liberty_bell76,
http://pbs.twimg.com/profile_images/552244144039403521/TNVsxxMl_bigger.jpeg,estebbau,https://twitter.com/estebbau,
http://pbs.twimg.com/profile_images/3186024811/386b603a59e0a040bbfc8d2a410fa290_bigger.jpeg,Kiley_Girl,https://twitter.com/Kiley_Girl,
http://pbs.twimg.com/profile_images/541821151509753858/2jM0WikF_bigger.jpeg,addymigs,https://twitter.com/addymigs,
http://pbs.twimg.com/profile_images/546174714130231296/H9D7eqpI_bigger.jpeg,baileybee456,https://twitter.com/baileybee456,
http://abs.twimg.com/sticky/default_profile_images/default_profile_6_bigger.png,alfredoerazo22,https://twitter.com/alfredoerazo22,
http://pbs.twimg.com/profile_images/555177281698545664/djzBjDAv_bigger.jpeg,joaqbell,https://twitter.com/joaqbell,
http://pbs.twimg.com/profile_images/442729878534647809/wPo2MnCQ_bigger.jpeg,PatriciaBundy,https://twitter.com/PatriciaBundy,
http://pbs.twimg.com/profile_images/1722596615/Picture_10_bigger.jpg,DTaft44,https://twitter.com/DTaft44,
http://pbs.twimg.com/profile_images/555158029612490752/doc2iwgR_bigger.jpeg,palgarz,https://twitter.com/palgarz,
http://pbs.twimg.com/profile_images/547971271687147520/hrwYNdBE_bigger.jpeg,michellechenny,https://twitter.com/michellechenny,
http://pbs.twimg.com/profile_images/464866043374997504/JMKDDoW3_bigger.jpeg,MikeyAgemy,https://twitter.com/MikeyAgemy,
http://pbs.twimg.com/profile_images/554517366768283649/g-pJ090c_bigger.jpeg,CinnaRahmani,https://twitter.com/CinnaRahmani,
http://pbs.twimg.com/profile_images/542700878830899201/NV4o-iTX_bigger.jpeg,gypsybill,https://twitter.com/gypsybill,
http://pbs.twimg.com/profile_images/473576786559635456/PCVEdzBj_bigger.jpeg,fericisyhut,https://twitter.com/fericisyhut,
http://pbs.twimg.com/profile_images/554104343318638593/6nnx6kqa_bigger.jpeg,SinjinLanders,https://twitter.com/SinjinLanders,
http://pbs.twimg.com/profile_images/555170378624954368/zSTrIdN5_bigger.jpeg,filisol,https://twitter.com/filisol,
http://pbs.twimg.com/profile_images/522017449214889985/UP7W6swY_bigger.jpeg,Filiponga,https://twitter.com/Filiponga,
http://pbs.twimg.com/profile_images/557333347043524608/x98IOHQQ_bigger.jpeg,10Palcsar,https://twitter.com/10Palcsar,
http://pbs.twimg.com/profile_images/1510968643/24199_1397939431793_1331460434_1077359_398960_n_1__bigger.jpg,LTMPhotos,https://twitter.com/LTMPhotos,
http://pbs.twimg.com/profile_images/549631717301317632/dLeakxiT_bigger.jpeg,UnofficialGuru,https://twitter.com/UnofficialGuru,
http://pbs.twimg.com/profile_images/557295810694508544/wZlRimbo_bigger.jpeg,sianguss,https://twitter.com/sianguss,
http://pbs.twimg.com/profile_images/557412325515206656/fqq65o5t_bigger.jpeg,F33lHi,https://twitter.com/F33lHi,
http://pbs.twimg.com/profile_images/437320537035902976/RUtOm4eE_bigger.jpeg,allen_mcdowell,https://twitter.com/allen_mcdowell,
http://pbs.twimg.com/profile_images/544014028993867776/ln5wDwZt_bigger.jpeg,mclaren_cameron,https://twitter.com/mclaren_cameron,
http://pbs.twimg.com/profile_images/492831539709739010/Q37rnc1v_bigger.jpeg,greatnessvp,https://twitter.com/greatnessvp,
http://pbs.twimg.com/profile_images/424448307658620928/vsv7V-a3_bigger.jpeg,garima_pant,https://twitter.com/garima_pant,
http://pbs.twimg.com/profile_images/3069155282/f213e1767babfc5f76b4027c2ab7e14f_bigger.jpeg,sea329,https://twitter.com/sea329,
http://pbs.twimg.com/profile_images/544192441633341440/qn0ujSWN_bigger.jpeg,LucasAckles,https://twitter.com/LucasAckles,
http://pbs.twimg.com/profile_images/478762209929986048/rxwbv9Hy_bigger.jpeg,Mastishtt,https://twitter.com/Mastishtt,
http://pbs.twimg.com/profile_images/548337568530841600/Dnyjjt2T_bigger.jpeg,shutupCole,https://twitter.com/shutupCole,
http://pbs.twimg.com/profile_images/538197155962716160/GiRcoera_bigger.jpeg,daisywhorette,https://twitter.com/daisywhorette,
http://pbs.twimg.com/profile_images/2160141025/592191_137127716372205_1471746327_q_bigger.jpg,MyGreenGlobeTM,https://twitter.com/MyGreenGlobeTM,
http://pbs.twimg.com/profile_images/542477727601676288/8ncH2ng5_bigger.jpeg,Studio4News,https://twitter.com/Studio4News,
http://pbs.twimg.com/profile_images/378800000018278042/26bf35a8f2d09213d7f44036592e5bb5_bigger.jpeg,JasonStagman,https://twitter.com/JasonStagman,
http://pbs.twimg.com/profile_images/378800000510794909/94f73e088dbeeb0fa682a2649e262ff1_bigger.jpeg,elpuli1011,https://twitter.com/elpuli1011,
http://pbs.twimg.com/profile_images/522200514633949185/eMf6V7YI_bigger.jpeg,pvtharoldmoon,https://twitter.com/pvtharoldmoon,
http://pbs.twimg.com/profile_images/378800000642325690/d7e42a477c519e72967fd82d21b90fc2_bigger.jpeg,janicebeyondlaw,https://twitter.com/janicebeyondlaw,
http://pbs.twimg.com/profile_images/557412428708052992/89t4dDGi_bigger.jpeg,Rock_Nificent,https://twitter.com/Rock_Nificent,
http://pbs.twimg.com/profile_images/551225633364115456/NDWbb0XT_bigger.jpeg,cj95540,https://twitter.com/cj95540,
http://pbs.twimg.com/profile_images/536221955918405632/hPW6kWrS_bigger.jpeg,ambermiaa_,https://twitter.com/ambermiaa_,
http://pbs.twimg.com/profile_images/2431048460/x_c255c9a6_bigger.jpg,albelov09,https://twitter.com/albelov09,
http://pbs.twimg.com/profile_images/557065755758690304/lzg51uWt_bigger.jpeg,nelly4107,https://twitter.com/nelly4107,
http://pbs.twimg.com/profile_images/432601787569168384/ALRdhn8O_bigger.jpeg,LeaTarjeta,https://twitter.com/LeaTarjeta,
http://pbs.twimg.com/profile_images/528810314201325568/PKo-raqG_bigger.jpeg,KirePotter,https://twitter.com/KirePotter,
http://abs.twimg.com/sticky/default_profile_images/default_profile_6_bigger.png,HeeSpicy,https://twitter.com/HeeSpicy,
http://pbs.twimg.com/profile_images/531913693462667265/-zwcpsrI_bigger.jpeg,shiyadshah,https://twitter.com/shiyadshah,
http://pbs.twimg.com/profile_images/419996323614830592/n1X0Kzr3_bigger.jpeg,karol_paulino,https://twitter.com/karol_paulino,
http://pbs.twimg.com/profile_images/2480927797/x_4bfa39ac_bigger.jpg,igkomov,https://twitter.com/igkomov,
http://pbs.twimg.com/profile_images/555079903180496896/HYHLTxHi_bigger.jpeg,JJNebs,https://twitter.com/JJNebs,
http://pbs.twimg.com/profile_images/539412629316308992/SV5OOXKZ_bigger.jpeg,PamakayTaylor,https://twitter.com/PamakayTaylor,
http://pbs.twimg.com/profile_images/1673462633/23492_su_bigger.JPG,tiger5310,https://twitter.com/tiger5310,
http://pbs.twimg.com/profile_images/2626951331/socbgde6czzf7xrqtg5b_bigger.png,ZIONforALL,https://twitter.com/ZIONforALL,
http://pbs.twimg.com/profile_images/427399550404292608/F89cOxwX_bigger.jpeg,magoonair,https://twitter.com/magoonair,
http://pbs.twimg.com/profile_images/547698510402170880/cqEHlttu_bigger.jpeg,makiho_297,https://twitter.com/makiho_297,
http://pbs.twimg.com/profile_images/475399037688893440/kU-rKRlB_bigger.jpeg,fulano_vianca,https://twitter.com/fulano_vianca,
http://pbs.twimg.com/profile_images/556641395105357826/UTXArOJ__bigger.jpeg,Nntt26,https://twitter.com/Nntt26,
http://pbs.twimg.com/profile_images/548892009180958720/QbGv1njA_bigger.jpeg,Danyreyes14,https://twitter.com/Danyreyes14,
http://abs.twimg.com/sticky/default_profile_images/default_profile_6_bigger.png,museoaft,https://twitter.com/museoaft,
http://pbs.twimg.com/profile_images/481663584749907968/yQEmZvD5_bigger.jpeg,MaxEzzatiMD,https://twitter.com/MaxEzzatiMD,
http://pbs.twimg.com/profile_images/551627933899436032/Mpq5TRDp_bigger.jpeg,vickyhpham,https://twitter.com/vickyhpham,
http://pbs.twimg.com/profile_images/505629007778312193/6OqLpl3r_bigger.jpeg,Sanghi_n_Bhakt,https://twitter.com/Sanghi_n_Bhakt,
http://pbs.twimg.com/profile_images/462866039328358400/GGp-_Odq_bigger.jpeg,rkpatel5049,https://twitter.com/rkpatel5049,
http://pbs.twimg.com/profile_images/521091664731852801/AQYNqIlc_bigger.jpeg,nomad33fw,https://twitter.com/nomad33fw,
http://pbs.twimg.com/profile_images/476880583209922561/czZrWwk7_bigger.jpeg,MBuffington,https://twitter.com/MBuffington,
http://pbs.twimg.com/profile_images/554742447566106624/ILUIm3IX_bigger.jpeg,BlowNTrippystix,https://twitter.com/BlowNTrippystix,
http://pbs.twimg.com/profile_images/493852348616171521/PljWclJ9_bigger.jpeg,Tori_Gonzalez_,https://twitter.com/Tori_Gonzalez_,
http://pbs.twimg.com/profile_images/378800000340824295/9eff9e04b64c876afa5edf7fcfe828d3_bigger.jpeg,jarrettweb,https://twitter.com/jarrettweb,
http://pbs.twimg.com/profile_images/536185163357507584/cj0jgLAa_bigger.jpeg,vikrampatil0,https://twitter.com/vikrampatil0,
http://pbs.twimg.com/profile_images/542170766142611456/1ExTKM5a_bigger.jpeg,AlanTurbyfill,https://twitter.com/AlanTurbyfill,
http://abs.twimg.com/sticky/default_profile_images/default_profile_0_bigger.png,JobTipsCo,https://twitter.com/JobTipsCo,
http://pbs.twimg.com/profile_images/549773768680144897/f4yd247l_bigger.jpeg,weidenkatzl,https://twitter.com/weidenkatzl,
http://pbs.twimg.com/profile_images/2543267556/393j92kpks31e6lqan8g_bigger.jpeg,NjiBando,https://twitter.com/NjiBando,
http://pbs.twimg.com/profile_images/554879322100875264/08US1DCx_bigger.jpeg,LoriJackson12,https://twitter.com/LoriJackson12,
http://pbs.twimg.com/profile_images/378800000177291304/81b53d76ac4776a7af6ad538015c19c6_bigger.png,Carlos_RD1,https://twitter.com/Carlos_RD1,
http://pbs.twimg.com/profile_images/215664461/ak_official_bigger.jpg,andrew_kandzuba,https://twitter.com/andrew_kandzuba,
http://pbs.twimg.com/profile_images/1162570203/EU_Logo_New_bigger.jpg,EU_Digest,https://twitter.com/EU_Digest,
http://pbs.twimg.com/profile_images/545845399693840384/UEIf2urE_bigger.jpeg,cuba_agent,https://twitter.com/cuba_agent,
http://pbs.twimg.com/profile_images/504438266662109184/a0iCrjyJ_bigger.jpeg,HURRICANEPAUL,https://twitter.com/HURRICANEPAUL,
http://pbs.twimg.com/profile_images/1181263983/you-cant-handle-the-toothdwayne-johnsonshrinking1_bigger.jpg,binkysurprise,https://twitter.com/binkysurprise,
http://pbs.twimg.com/profile_images/431148150540500992/LJV6Hwgj_bigger.jpeg,jagbbuddy1,https://twitter.com/jagbbuddy1,
http://pbs.twimg.com/profile_images/493462228851376129/QHFvFD48_bigger.jpeg,ElTis_24,https://twitter.com/ElTis_24,
http://pbs.twimg.com/profile_images/1689266337/logona1_bigger.png,QATAR_NEWS,https://twitter.com/QATAR_NEWS,
http://pbs.twimg.com/profile_images/495765526527098880/EDyK7aPy_bigger.png,Canuckafuck,https://twitter.com/Canuckafuck,
http://pbs.twimg.com/profile_images/545840640257323011/RRrQQoKc_bigger.png,superhighmac,https://twitter.com/superhighmac,
http://pbs.twimg.com/profile_images/518757590801870848/l46vG0g3_bigger.jpeg,JDesings_New,https://twitter.com/JDesings_New,
http://pbs.twimg.com/profile_images/525925845810950144/4AojQBca_bigger.jpeg,BrendaRamsey20,https://twitter.com/BrendaRamsey20,
http://pbs.twimg.com/profile_images/526816271414071297/1cKuRsZe_bigger.jpeg,fresita2226,https://twitter.com/fresita2226,
http://pbs.twimg.com/profile_images/532377152478789634/beDgJnm0_bigger.jpeg,miguelitoATR,https://twitter.com/miguelitoATR,
http://pbs.twimg.com/profile_images/557061247464529921/1dpRcBt-_bigger.jpeg,Jus1Nita,https://twitter.com/Jus1Nita,
http://pbs.twimg.com/profile_images/543067850316185601/0ckuQ_2S_bigger.jpeg,nolanira93,https://twitter.com/nolanira93,
http://pbs.twimg.com/profile_images/448401191416762370/36FU8fsL_bigger.jpeg,dotnpixls,https://twitter.com/dotnpixls,
http://pbs.twimg.com/profile_images/2543433329/6ysduxw1vosov2ihua6f_bigger.gif,Majiddong,https://twitter.com/Majiddong,
http://pbs.twimg.com/profile_images/534508874074583041/Cc_GmJZL_bigger.jpeg,_asteezy,https://twitter.com/_asteezy,
http://pbs.twimg.com/profile_images/464573791792680960/ZA6K4voU_bigger.jpeg,raphil_10,https://twitter.com/raphil_10,
http://pbs.twimg.com/profile_images/463699959938686977/pXjIlL9S_bigger.png,St_Mikeal,https://twitter.com/St_Mikeal,
http://pbs.twimg.com/profile_images/453801776894836736/qfsiP5V5_bigger.jpeg,odaravla18,https://twitter.com/odaravla18,
http://pbs.twimg.com/profile_images/552257604974419968/TtpM7N2r_bigger.jpeg,EileenMStepnhes,https://twitter.com/EileenMStepnhes,
http://pbs.twimg.com/profile_images/545518367906344961/O1lwdqU7_bigger.jpeg,LKCyber,https://twitter.com/LKCyber,
http://pbs.twimg.com/profile_images/1616971105/tada_bigger.jpg,Sachin_Bante,https://twitter.com/Sachin_Bante,
http://pbs.twimg.com/profile_images/551601297279811584/k46HboT5_bigger.png,WeLostAmerica,https://twitter.com/WeLostAmerica,
http://pbs.twimg.com/profile_images/734231420/time1_bigger_bigger.jpg,time_svet,https://twitter.com/time_svet,
http://pbs.twimg.com/profile_images/451604116653891584/ZbR98Wue_bigger.jpeg,RotatingFrame,https://twitter.com/RotatingFrame,
http://pbs.twimg.com/profile_images/547440265607139329/YzzQ6E4t_bigger.jpeg,BrindavanExp,https://twitter.com/BrindavanExp,
http://pbs.twimg.com/profile_images/378800000414012181/f9e95cdd37d0d1fbe3ca6d531b4b7123_bigger.jpeg,hvkal,https://twitter.com/hvkal,
http://pbs.twimg.com/profile_images/2771122102/dc7c3a529f92383bb44b0799f9ba4273_bigger.jpeg,NewsFeedJson,https://twitter.com/NewsFeedJson,
http://pbs.twimg.com/profile_images/551697847947513856/XZ0eVbNT_bigger.png,MeeshR85,https://twitter.com/MeeshR85,
http://pbs.twimg.com/profile_images/537243629295644672/JoLK4_cK_bigger.png,nyc_videos,https://twitter.com/nyc_videos,
http://pbs.twimg.com/profile_images/553214830459760640/t8syg3hX_bigger.jpeg,china_879,https://twitter.com/china_879,
http://pbs.twimg.com/profile_images/549849800581992448/egM0YreB_bigger.jpeg,killirac,https://twitter.com/killirac,
http://pbs.twimg.com/profile_images/555298591070101504/4XxwJUT3_bigger.png,Jwrect66,https://twitter.com/Jwrect66,
http://pbs.twimg.com/profile_images/534029894624104448/ruRq_XpE_bigger.jpeg,AAPHarsh1,https://twitter.com/AAPHarsh1,
http://pbs.twimg.com/profile_images/557396072155189248/wQV8VIhu_bigger.jpeg,Teasythabeast,https://twitter.com/Teasythabeast,
http://pbs.twimg.com/profile_images/549710652416077824/TbT6b_Zi_bigger.jpeg,blipmiester3,https://twitter.com/blipmiester3,
http://pbs.twimg.com/profile_images/533528337411346432/UMT3c6Y9_bigger.jpeg,WinterHarley,https://twitter.com/WinterHarley,
http://pbs.twimg.com/profile_images/463747925651095552/fG2eGAba_bigger.jpeg,CAAnuk,https://twitter.com/CAAnuk,
http://pbs.twimg.com/profile_images/550045288996405248/92SzOWN2_bigger.jpeg,1clarez,https://twitter.com/1clarez,
http://pbs.twimg.com/profile_images/552377858069643264/tAQUjI7H_bigger.jpeg,Philm58,https://twitter.com/Philm58,
http://pbs.twimg.com/profile_images/3146586236/ec0c7cda346922b349cebc95d3b30429_bigger.jpeg,Opy1963,https://twitter.com/Opy1963,
http://pbs.twimg.com/profile_images/540401278027722752/nGXNffnD_bigger.jpeg,DarkHors3dotcom,https://twitter.com/DarkHors3dotcom,
http://pbs.twimg.com/profile_images/456124805558054912/l8cR_wyA_bigger.jpeg,El_Toopi_Cruz,https://twitter.com/El_Toopi_Cruz,
http://abs.twimg.com/sticky/default_profile_images/default_profile_0_bigger.png,Pelf1955,https://twitter.com/Pelf1955,
http://pbs.twimg.com/profile_images/552720396399550464/jiProFaC_bigger.jpeg,SuchitraVerma1,https://twitter.com/SuchitraVerma1,
http://pbs.twimg.com/profile_images/480534815985246208/UCMJ_7w9_bigger.jpeg,MichaelCBurns,https://twitter.com/MichaelCBurns,
http://pbs.twimg.com/profile_images/547408354377601025/7h90yCyA_bigger.jpeg,teghanadia,https://twitter.com/teghanadia,
http://pbs.twimg.com/profile_images/378800000650245601/64594503cd80a3698a2db4f18ec39982_bigger.jpeg,gonzalezRashell,https://twitter.com/gonzalezRashell,
http://pbs.twimg.com/profile_images/482564222631419904/GQu6xK9n_bigger.jpeg,tusnoticias24,https://twitter.com/tusnoticias24,
http://pbs.twimg.com/profile_images/426777213837385729/IQ613y6e_bigger.jpeg,140BreakingNews,https://twitter.com/140BreakingNews,
http://pbs.twimg.com/profile_images/465737211774656512/YED5Y1gj_bigger.jpeg,shrikantborse09,https://twitter.com/shrikantborse09,
http://pbs.twimg.com/profile_images/554808017716129792/V_KZRHwM_bigger.jpeg,mami_mermelada,https://twitter.com/mami_mermelada,
http://pbs.twimg.com/profile_images/429035699409403904/eY75PMF8_bigger.jpeg,abshire_gary,https://twitter.com/abshire_gary,
http://pbs.twimg.com/profile_images/553964812032835584/HWCPi4DO_bigger.jpeg,michelleache2,https://twitter.com/michelleache2,
http://pbs.twimg.com/profile_images/1466673243/USA_bigger.gif,amw747,https://twitter.com/amw747,
http://pbs.twimg.com/profile_images/501379277510959104/z120556K_bigger.jpeg,countrygirl4x41,https://twitter.com/countrygirl4x41,
http://pbs.twimg.com/profile_images/520656541037240320/hMP-7XnZ_bigger.jpeg,ecollagecom,https://twitter.com/ecollagecom,
http://pbs.twimg.com/profile_images/378800000726206232/f3662c5caa024ac8af2259198026e01d_bigger.jpeg,fknamicol26,https://twitter.com/fknamicol26,
http://pbs.twimg.com/profile_images/513097330149441536/Te1Ryn0N_bigger.jpeg,MissJoSC,https://twitter.com/MissJoSC,
http://pbs.twimg.com/profile_images/378800000479283700/08fce81e8225c55a56b90489cf5356fd_bigger.jpeg,FreshLo_NYC,https://twitter.com/FreshLo_NYC,
http://abs.twimg.com/sticky/default_profile_images/default_profile_2_bigger.png,SiivoSandre,https://twitter.com/SiivoSandre,
http://pbs.twimg.com/profile_images/555037143114858496/Yu3ruZv5_bigger.jpeg,Muazyenery,https://twitter.com/Muazyenery,
http://pbs.twimg.com/profile_images/466422193174622209/KI0Nep4M_bigger.jpeg,danielguicotize,https://twitter.com/danielguicotize,
http://pbs.twimg.com/profile_images/526911407569502209/DH4Cggx0_bigger.jpeg,RLDeClercq,https://twitter.com/RLDeClercq,
http://pbs.twimg.com/profile_images/464571144222150656/C3SIoon2_bigger.jpeg,ElBattellero,https://twitter.com/ElBattellero,
http://pbs.twimg.com/profile_images/556819233670455297/Vwnf3mIu_bigger.jpeg,Gabrolap,https://twitter.com/Gabrolap,
http://pbs.twimg.com/profile_images/476242891241562113/rNEANkN2_bigger.jpeg,Waverider744,https://twitter.com/Waverider744,
http://pbs.twimg.com/profile_images/449591647350038528/yLp7cRnK_bigger.jpeg,ajinkyasaoji,https://twitter.com/ajinkyasaoji,
http://pbs.twimg.com/profile_images/378800000430947753/4245c2632fcc358d67924efeb29c9e43_bigger.jpeg,Topphnygn,https://twitter.com/Topphnygn,
http://pbs.twimg.com/profile_images/378800000323657945/15e24ced2f298bb1cdd7def1d543da32_bigger.jpeg,janakbhatt16,https://twitter.com/janakbhatt16,
http://pbs.twimg.com/profile_images/378800000785105491/7bbe7ed694c979fb1230af7eede0eda4_bigger.png,JohnWyurij,https://twitter.com/JohnWyurij,
http://pbs.twimg.com/profile_images/553590598343458817/qd8ZGPEV_bigger.jpeg,vicfuckingvega,https://twitter.com/vicfuckingvega,
http://pbs.twimg.com/profile_images/2602026415/liam1lwfrxlkw7x6rgpv_bigger.jpeg,brajeshk12,https://twitter.com/brajeshk12,
http://pbs.twimg.com/profile_images/499602990483775488/7bNI4mCr_bigger.png,Ne11JR,https://twitter.com/Ne11JR,
http://pbs.twimg.com/profile_images/3267955245/1324963ec48f781846b48e65ba9de8d2_bigger.png,liloo_in,https://twitter.com/liloo_in,
http://pbs.twimg.com/profile_images/543391163714396160/X4m2Psv0_bigger.jpeg,atlas_mason,https://twitter.com/atlas_mason,
http://pbs.twimg.com/profile_images/378800000122341699/b3f742eca4e6698a220b27d9b9440d5f_bigger.jpeg,BizzaroMarx,https://twitter.com/BizzaroMarx,
http://pbs.twimg.com/profile_images/2447923088/logo_bigger.jpg,ApNewsCorner,https://twitter.com/ApNewsCorner,
http://pbs.twimg.com/profile_images/430248794177818625/xq_shYSD_bigger.jpeg,Jobius,https://twitter.com/Jobius,
http://pbs.twimg.com/profile_images/531220993864650752/VeEHsKN3_bigger.jpeg,atom58,https://twitter.com/atom58,
http://pbs.twimg.com/profile_images/378800000149642075/2f28c06ba08bae0b0259d10043e5bf5c_bigger.jpeg,OnRoxMaxDaddy,https://twitter.com/OnRoxMaxDaddy,
http://pbs.twimg.com/profile_images/551981643137687552/81baFRUD_bigger.jpeg,chandr_div,https://twitter.com/chandr_div,
http://pbs.twimg.com/profile_images/2485838185/c36q99nnqve07nchxd8z_bigger.jpeg,CFisher96,https://twitter.com/CFisher96,
http://pbs.twimg.com/profile_images/436331717415014400/oL0zxVCc_bigger.png,Roehnan,https://twitter.com/Roehnan,
http://pbs.twimg.com/profile_images/485630722049191938/4skJ1HUs_bigger.jpeg,TanziStrafford,https://twitter.com/TanziStrafford,
http://pbs.twimg.com/profile_images/441836684145991681/kibtPA6Z_bigger.jpeg,kushalchowdhury,https://twitter.com/kushalchowdhury,
http://pbs.twimg.com/profile_images/425135019858726912/2zhwSgMl_bigger.jpeg,GALEGREGORY97,https://twitter.com/GALEGREGORY97,
http://pbs.twimg.com/profile_images/557306431804698625/wcacMaop_bigger.jpeg,ITamudo,https://twitter.com/ITamudo,
http://pbs.twimg.com/profile_images/364060812/faceman_bigger.jpg,cragdakkins,https://twitter.com/cragdakkins,
http://pbs.twimg.com/profile_images/444304107776385025/BwN2Cvxx_bigger.jpeg,MattDC1868ch,https://twitter.com/MattDC1868ch,
http://pbs.twimg.com/profile_images/2972880519/9f700cee2d3ff0c1140e379cb8181316_bigger.jpeg,SnazzySlaxxLorr,https://twitter.com/SnazzySlaxxLorr,
http://pbs.twimg.com/profile_images/465943332422565888/0J1N8vtS_bigger.png,martinvlcek,https://twitter.com/martinvlcek,
http://pbs.twimg.com/profile_images/459954398286716933/ITNZoQTp_bigger.png,Diana_Linares78,https://twitter.com/Diana_Linares78,
http://pbs.twimg.com/profile_images/494387904257331200/FAOWK_uL_bigger.jpeg,LalBiyar,https://twitter.com/LalBiyar,
http://pbs.twimg.com/profile_images/427324736423485440/rzWThcyZ_bigger.jpeg,ROC4mylife,https://twitter.com/ROC4mylife,
http://pbs.twimg.com/profile_images/378800000758515331/948788f8bd6eea0b9ff0770319a823ee_bigger.jpeg,nairelysfrias,https://twitter.com/nairelysfrias,
http://pbs.twimg.com/profile_images/485071028276584448/YY9doYxi_bigger.jpeg,indenil,https://twitter.com/indenil,
http://pbs.twimg.com/profile_images/378800000718900138/725891207757ae0554d7288af427ec60_bigger.jpeg,Anqel_x4,https://twitter.com/Anqel_x4,
http://pbs.twimg.com/profile_images/453574805552246784/Ou6wTS3m_bigger.jpeg,TheDragonMyers,https://twitter.com/TheDragonMyers,
http://pbs.twimg.com/profile_images/496145374180958208/DRWMRZSV_bigger.jpeg,Annjones38,https://twitter.com/Annjones38,
http://pbs.twimg.com/profile_images/453688617559277568/vtRBZfnY_bigger.jpeg,wisedusitn,https://twitter.com/wisedusitn,
http://pbs.twimg.com/profile_images/550138244718145536/kZDgE3DZ_bigger.jpeg,Vlubba,https://twitter.com/Vlubba,
http://pbs.twimg.com/profile_images/527769826865864705/9ytf8mnh_bigger.jpeg,JordanJBBustt,https://twitter.com/JordanJBBustt,
http://pbs.twimg.com/profile_images/427689233600348160/BcThFJ2j_bigger.jpeg,Ghost1COD,https://twitter.com/Ghost1COD,
http://pbs.twimg.com/profile_images/556710638701916160/G3iLDAOc_bigger.png,ZappingMag,https://twitter.com/ZappingMag,
http://abs.twimg.com/sticky/default_profile_images/default_profile_6_bigger.png,coleftaylor1,https://twitter.com/coleftaylor1,
http://pbs.twimg.com/profile_images/514407486510473216/WNYvpwk1_bigger.png,Conservatinized,https://twitter.com/Conservatinized,
http://abs.twimg.com/sticky/default_profile_images/default_profile_1_bigger.png,kazusa_301,https://twitter.com/kazusa_301,
http://abs.twimg.com/sticky/default_profile_images/default_profile_2_bigger.png,spots_alot,https://twitter.com/spots_alot,
http://pbs.twimg.com/profile_images/535997941589094400/jGDWJTXE_bigger.jpeg,macaroniandkei,https://twitter.com/macaroniandkei,
http://pbs.twimg.com/profile_images/445462934727041024/yX8bBUob_bigger.jpeg,ahmadjannesar1,https://twitter.com/ahmadjannesar1,
http://pbs.twimg.com/profile_images/556538674033094657/jgqQAxKp_bigger.jpeg,Moderate_Voices,https://twitter.com/Moderate_Voices,
http://pbs.twimg.com/profile_images/520118159446396928/2eYFQ8KD_bigger.jpeg,bb_tsb,https://twitter.com/bb_tsb,
http://pbs.twimg.com/profile_images/512632936810545152/L-tWFXth_bigger.png,JDstarship,https://twitter.com/JDstarship,
http://pbs.twimg.com/profile_images/378800000311548915/1c9a15f73ef60b218d84d5f5b783844d_bigger.jpeg,Sanjeevkmandal,https://twitter.com/Sanjeevkmandal,
http://pbs.twimg.com/profile_images/494239612991066113/GzTJP4Qg_bigger.png,YouQ_Guru,https://twitter.com/YouQ_Guru,
http://abs.twimg.com/sticky/default_profile_images/default_profile_6_bigger.png,czuk34,https://twitter.com/czuk34,
http://pbs.twimg.com/profile_images/3365577664/b4cacf067ca043d3cc908ff5fc57ec2b_bigger.jpeg,sptech07,https://twitter.com/sptech07,
http://pbs.twimg.com/profile_images/498517994679435266/VMdkOuSB_bigger.png,jerinsmommacita,https://twitter.com/jerinsmommacita,
http://abs.twimg.com/sticky/default_profile_images/default_profile_6_bigger.png,Prom15Warriors,https://twitter.com/Prom15Warriors,
http://abs.twimg.com/sticky/default_profile_images/default_profile_6_bigger.png,PK0878,https://twitter.com/PK0878,
http://pbs.twimg.com/profile_images/378800000784796266/af6e0cd84c299b236ae2284c045e644b_bigger.jpeg,JJpk82,https://twitter.com/JJpk82,
http://pbs.twimg.com/profile_images/528960622835154944/eJ-vnOFF_bigger.png,Awassamarketing,https://twitter.com/Awassamarketing,
http://pbs.twimg.com/profile_images/452775652815409152/TQR57N6a_bigger.jpeg,deepak1q1,https://twitter.com/deepak1q1,
http://pbs.twimg.com/profile_images/477787388669071361/ldNIW4Xf_bigger.jpeg,droidScout,https://twitter.com/droidScout,
http://abs.twimg.com/sticky/default_profile_images/default_profile_6_bigger.png,hemu112233,https://twitter.com/hemu112233,
http://abs.twimg.com/sticky/default_profile_images/default_profile_4_bigger.png,ayume_964,https://twitter.com/ayume_964,
http://pbs.twimg.com/profile_images/378800000253893087/ea6e6bf15d22fb9a9b8675a358e9ee8e_bigger.jpeg,Himansh88464689,https://twitter.com/Himansh88464689,
http://abs.twimg.com/sticky/default_profile_images/default_profile_3_bigger.png,LekhLEKH,https://twitter.com/LekhLEKH,
http://pbs.twimg.com/profile_images/554308932026368000/CovfNdtm_bigger.png,DetroitPost,https://twitter.com/DetroitPost,
http://abs.twimg.com/sticky/default_profile_images/default_profile_5_bigger.png,ze_misterio,https://twitter.com/ze_misterio,
