http://pbs.twimg.com/profile_images/529878723441348608/FpqlUCyl_bigger.jpeg,ibnlive,https://twitter.com/ibnlive,
http://pbs.twimg.com/profile_images/3147363791/e5138de9d37a2ac6e9ace4b3965fb9d6_bigger.png,IndiaToday,https://twitter.com/IndiaToday,
http://pbs.twimg.com/profile_images/552460169443934208/Ym3c-3n4_bigger.jpeg,iamAmyJackson,https://twitter.com/iamAmyJackson,
http://pbs.twimg.com/profile_images/550939300695527424/6q3jH_NP_bigger.jpeg,utvfilms,https://twitter.com/utvfilms,
http://pbs.twimg.com/profile_images/418848443881119744/uV7dEImQ_bigger.png,pinkvilla,https://twitter.com/pinkvilla,
http://pbs.twimg.com/profile_images/378800000264610439/70b322c388ab872f6585d39e3e9e1ebf_bigger.png,YuvaiTV,https://twitter.com/YuvaiTV,
http://pbs.twimg.com/profile_images/506711149924982784/kuUZxqk8_bigger.png,behindwoods,https://twitter.com/behindwoods,
http://pbs.twimg.com/profile_images/292766993/ig-fan_bigger.png,igtamil,https://twitter.com/igtamil,
http://pbs.twimg.com/profile_images/471514313891389440/E6s8G6MP_bigger.jpeg,NewIndianXpress,https://twitter.com/NewIndianXpress,
http://pbs.twimg.com/profile_images/552857530355830784/1Ie7IGx4_bigger.jpeg,chiyaanvikram,https://twitter.com/chiyaanvikram,
http://pbs.twimg.com/profile_images/501594172613087232/uFXCum0m_bigger.jpeg,tamil_films,https://twitter.com/tamil_films,
http://pbs.twimg.com/profile_images/3085488542/af976899465808b22e3d473fc5c63437_bigger.jpeg,OnlyKollywood,https://twitter.com/OnlyKollywood,
http://pbs.twimg.com/profile_images/474432588111552512/_2tM8Mhd_bigger.jpeg,dinamalarweb,https://twitter.com/dinamalarweb,
http://pbs.twimg.com/profile_images/514744876248743936/y7DrTyqx_bigger.jpeg,Heytamilcinema,https://twitter.com/Heytamilcinema,
http://pbs.twimg.com/profile_images/378800000450147822/19319a0f657dbd95c57e9d4b11fc4259_bigger.jpeg,Vikram_Sood,https://twitter.com/Vikram_Sood,
http://pbs.twimg.com/profile_images/3118666957/f62abbbde97dc58fc23509201bdde701_bigger.jpeg,UrsShruthi,https://twitter.com/UrsShruthi,
http://pbs.twimg.com/profile_images/378800000742295282/c7bff6bf70d00e2f735aa11697cf9095_bigger.jpeg,Showbiz_IT,https://twitter.com/Showbiz_IT,
http://pbs.twimg.com/profile_images/549160264755458048/2DCCnuTg_bigger.jpeg,AllenAndUnwin,https://twitter.com/AllenAndUnwin,
http://pbs.twimg.com/profile_images/552837264980852736/mYeR-C8C_bigger.jpeg,AiMovie,https://twitter.com/AiMovie,
http://pbs.twimg.com/profile_images/555787991604408320/CZENLIR-_bigger.jpeg,Aascars,https://twitter.com/Aascars,
http://pbs.twimg.com/profile_images/3482098221/84f5edacdc9cdc577f52a251d2a16440_bigger.png,SRKswarrior1,https://twitter.com/SRKswarrior1,
http://pbs.twimg.com/profile_images/441886623886610433/hLaOOfiE_bigger.jpeg,IBNLiveMovies,https://twitter.com/IBNLiveMovies,
http://pbs.twimg.com/profile_images/876014032/32575_bigger.jpg,LeonardLopate,https://twitter.com/LeonardLopate,
http://pbs.twimg.com/profile_images/501337363482554369/4xMnerN0_bigger.jpeg,filmibeat,https://twitter.com/filmibeat,
http://pbs.twimg.com/profile_images/551340035019001856/b-u0daxA_bigger.jpeg,shashank_rayal,https://twitter.com/shashank_rayal,
http://pbs.twimg.com/profile_images/553136536871370753/MYmLE5j6_bigger.jpeg,Lmkmoviemaniac,https://twitter.com/Lmkmoviemaniac,
http://pbs.twimg.com/profile_images/544828837121380352/RkbArl1P_bigger.jpeg,telugufilmnagar,https://twitter.com/telugufilmnagar,
http://pbs.twimg.com/profile_images/553959010714402816/vP0Gektl_bigger.jpeg,impoornapatel,https://twitter.com/impoornapatel,
http://pbs.twimg.com/profile_images/378800000472381122/7bf4a8970861ab54faf1fea62af28eb2_bigger.jpeg,ChennaiTimesTOI,https://twitter.com/ChennaiTimesTOI,
http://pbs.twimg.com/profile_images/509500910519603200/5-F6Y9Ya_bigger.jpeg,dancintina,https://twitter.com/dancintina,
http://pbs.twimg.com/profile_images/292772794/ig-fan_bigger.png,igtelugu,https://twitter.com/igtelugu,
http://pbs.twimg.com/profile_images/1733905114/kpmg-avatar-india-english-square-512x512_bigger.png,KPMGIndia,https://twitter.com/KPMGIndia,
http://pbs.twimg.com/profile_images/497024883943931904/KzmdHWHF_bigger.png,cinema_lead,https://twitter.com/cinema_lead,
http://pbs.twimg.com/profile_images/556482475069677568/zGfSczfc_bigger.jpeg,ponram1234,https://twitter.com/ponram1234,
http://pbs.twimg.com/profile_images/551725811078660097/KDBtQUqa_bigger.jpeg,oorkkaaran,https://twitter.com/oorkkaaran,
http://pbs.twimg.com/profile_images/554244975999725569/tA5GrSOi_bigger.jpeg,KaneStunts,https://twitter.com/KaneStunts,
http://pbs.twimg.com/profile_images/536869642065559552/jtx_2iM6_bigger.jpeg,Babu_Coimbatore,https://twitter.com/Babu_Coimbatore,
http://pbs.twimg.com/profile_images/527863843767058432/Wxpnr6m4_bigger.jpeg,TrafflineDEL,https://twitter.com/TrafflineDEL,
http://pbs.twimg.com/profile_images/491529936650260480/fOy4WOad_bigger.png,MultiMovies,https://twitter.com/MultiMovies,
http://pbs.twimg.com/profile_images/737212696/biglogo_bigger.jpg,HeyANDHRA4u,https://twitter.com/HeyANDHRA4u,
http://pbs.twimg.com/profile_images/553141788437790722/WRDC3cvo_bigger.jpeg,kbalakumar,https://twitter.com/kbalakumar,
http://pbs.twimg.com/profile_images/1246035065/oneindiatelugu-twitter_bigger.jpg,thatsTelugu,https://twitter.com/thatsTelugu,
http://pbs.twimg.com/profile_images/527865492438937601/du_QFop8_bigger.jpeg,TrafflineHyd,https://twitter.com/TrafflineHyd,
http://pbs.twimg.com/profile_images/506552880032014336/zIUSAfbZ_bigger.jpeg,ChillRadio365,https://twitter.com/ChillRadio365,
http://pbs.twimg.com/profile_images/541764423439106049/eLwo5Nyc_bigger.jpeg,thivakaran_,https://twitter.com/thivakaran_,
http://pbs.twimg.com/profile_images/482086307468832770/KHHFP5MQ_bigger.jpeg,DIPPGOI,https://twitter.com/DIPPGOI,
http://pbs.twimg.com/profile_images/1220859002/41717_544721577_202594_n_bigger.jpg,ShobhaIyerSant,https://twitter.com/ShobhaIyerSant,
http://pbs.twimg.com/profile_images/549986942285123584/jllRNlRO_bigger.jpeg,BollywoodWiki,https://twitter.com/BollywoodWiki,
http://pbs.twimg.com/profile_images/530955459797082112/yPG-lj9S_bigger.jpeg,iParth_,https://twitter.com/iParth_,
http://pbs.twimg.com/profile_images/447713857104904192/pnKplqD0_bigger.jpeg,SanSip,https://twitter.com/SanSip,
http://pbs.twimg.com/profile_images/557434879474794496/RXvXmTOC_bigger.jpeg,japan_raghu,https://twitter.com/japan_raghu,
http://pbs.twimg.com/profile_images/549790086942826496/jXlHsO_4_bigger.jpeg,lovelyPOPZY,https://twitter.com/lovelyPOPZY,
http://pbs.twimg.com/profile_images/523632539278143488/CkSl4TDI_bigger.jpeg,ProudSonaholic,https://twitter.com/ProudSonaholic,
http://pbs.twimg.com/profile_images/557069049641721858/_v7Rvtp2_bigger.jpeg,RDBalaji,https://twitter.com/RDBalaji,
http://pbs.twimg.com/profile_images/443001703382536193/sKsSsOVH_bigger.jpeg,tamilstar,https://twitter.com/tamilstar,
http://pbs.twimg.com/profile_images/554536824542998528/_AOI0LaG_bigger.jpeg,Nelson_Ji,https://twitter.com/Nelson_Ji,
http://pbs.twimg.com/profile_images/556503103306858496/tf6De7An_bigger.jpeg,Mish79144686,https://twitter.com/Mish79144686,
http://pbs.twimg.com/profile_images/3692671406/2dd8be470bb6ecdac9507bcd7704e1f5_bigger.jpeg,tamilcinema24_,https://twitter.com/tamilcinema24_,
http://pbs.twimg.com/profile_images/520530984345686017/B6IPehB2_bigger.jpeg,Saalehaa,https://twitter.com/Saalehaa,
http://pbs.twimg.com/profile_images/551765329047977985/JniWinv__bigger.jpeg,starfishncoffee,https://twitter.com/starfishncoffee,
http://pbs.twimg.com/profile_images/2925827805/610960a47ab8f59ebb4849998cec0251_bigger.png,KOLLYTALK,https://twitter.com/KOLLYTALK,
http://pbs.twimg.com/profile_images/553617118676017152/a3Z4-wCx_bigger.jpeg,Amy_JacksonFC,https://twitter.com/Amy_JacksonFC,
http://pbs.twimg.com/profile_images/556135734248079360/V284NOrV_bigger.jpeg,MovifiedTamil,https://twitter.com/MovifiedTamil,
http://pbs.twimg.com/profile_images/552899742313627648/1K4FHMD3_bigger.jpeg,A_for_Shreya,https://twitter.com/A_for_Shreya,
http://pbs.twimg.com/profile_images/522870991689494528/2340-C_s_bigger.jpeg,atlasdanced,https://twitter.com/atlasdanced,
http://pbs.twimg.com/profile_images/551360755006570496/sF-16qQy_bigger.jpeg,IamMohdKhan,https://twitter.com/IamMohdKhan,
http://pbs.twimg.com/profile_images/539517580717740033/-9PuOayq_bigger.jpeg,gaysifamily,https://twitter.com/gaysifamily,
http://pbs.twimg.com/profile_images/3294961761/ff1c2c71abc475f839ed6b0cfac28ffc_bigger.png,TamilStudios,https://twitter.com/TamilStudios,
http://pbs.twimg.com/profile_images/552783631404376064/m7r-71EX_bigger.jpeg,Naazick,https://twitter.com/Naazick,
http://pbs.twimg.com/profile_images/550892970975576064/_D9oZcc8_bigger.jpeg,PrakashMahadev,https://twitter.com/PrakashMahadev,
http://pbs.twimg.com/profile_images/462831992824803328/yjgOAgi3_bigger.jpeg,Cinenewsworld,https://twitter.com/Cinenewsworld,
http://pbs.twimg.com/profile_images/553812451238477824/thmP6zqp_bigger.jpeg,MovifiedBolly,https://twitter.com/MovifiedBolly,
http://pbs.twimg.com/profile_images/3404210529/ebed3c4f35b9ba6596688b90806adada_bigger.jpeg,MGKANASU,https://twitter.com/MGKANASU,
http://pbs.twimg.com/profile_images/551213673490808832/2QaZCas9_bigger.jpeg,KubrikStanley,https://twitter.com/KubrikStanley,
http://pbs.twimg.com/profile_images/442976199828967424/0lcQa0GP_bigger.jpeg,ibtimesindia1,https://twitter.com/ibtimesindia1,
http://pbs.twimg.com/profile_images/548698046209351682/VfEX5DJt_bigger.jpeg,Jackacedotin,https://twitter.com/Jackacedotin,
http://pbs.twimg.com/profile_images/276296066/pen_bigger.jpg,msuganth,https://twitter.com/msuganth,
http://pbs.twimg.com/profile_images/554467021371355137/1agG0HoZ_bigger.jpeg,imicky143,https://twitter.com/imicky143,
http://pbs.twimg.com/profile_images/556442766649999360/3ss7m0sb_bigger.png,n_shekar,https://twitter.com/n_shekar,
http://pbs.twimg.com/profile_images/554942599505518592/9mvxWSGA_bigger.jpeg,UlagaNayaganFan,https://twitter.com/UlagaNayaganFan,
http://pbs.twimg.com/profile_images/489796461773598721/HAGrttdX_bigger.jpeg,WapingsOfficial,https://twitter.com/WapingsOfficial,
http://pbs.twimg.com/profile_images/550622449046261760/Z_41xTSx_bigger.jpeg,NewTamilCinema,https://twitter.com/NewTamilCinema,
http://pbs.twimg.com/profile_images/550139974440325121/0jsKOkTn_bigger.jpeg,item_boyy,https://twitter.com/item_boyy,
http://pbs.twimg.com/profile_images/3110944548/faaddc209b614eeddb4afe1f1cf75fa0_bigger.jpeg,ssharma68,https://twitter.com/ssharma68,
http://pbs.twimg.com/profile_images/555781521903464449/iSwNxuar_bigger.jpeg,Mukesh3101,https://twitter.com/Mukesh3101,
http://pbs.twimg.com/profile_images/1830918670/lohoo_bigger.jpg,telangaanadaily,https://twitter.com/telangaanadaily,
http://pbs.twimg.com/profile_images/554106311210565632/78HjQb9e_bigger.jpeg,Cvfkerala,https://twitter.com/Cvfkerala,
http://pbs.twimg.com/profile_images/557398974680662016/wDNxUn-C_bigger.jpeg,ramk8059,https://twitter.com/ramk8059,
http://pbs.twimg.com/profile_images/555152352496201728/8G5pbo1s_bigger.jpeg,SidraHere,https://twitter.com/SidraHere,
http://pbs.twimg.com/profile_images/551700620818665472/DuayXV0u_bigger.jpeg,KingsNavas,https://twitter.com/KingsNavas,
http://pbs.twimg.com/profile_images/378800000460218244/cdb231300a9894da4d982aa039edebe6_bigger.jpeg,Kollytube,https://twitter.com/Kollytube,
http://pbs.twimg.com/profile_images/552138731260370945/FSkhPRWe_bigger.jpeg,ShraSai,https://twitter.com/ShraSai,
http://pbs.twimg.com/profile_images/554177665272270848/PG7jAS5T_bigger.jpeg,SmartBarani,https://twitter.com/SmartBarani,
http://pbs.twimg.com/profile_images/557375684872773633/LYZm9CT6_bigger.jpeg,mathun2013,https://twitter.com/mathun2013,
http://pbs.twimg.com/profile_images/556432225839751169/UY4j0yZ-_bigger.jpeg,Eshaaa_xx,https://twitter.com/Eshaaa_xx,
http://pbs.twimg.com/profile_images/556193174603841537/KPHzGYsb_bigger.jpeg,Iam_Hariish,https://twitter.com/Iam_Hariish,
http://pbs.twimg.com/profile_images/3167840341/1c4db186521e5583a4361218564d8c60_bigger.jpeg,mansharamani,https://twitter.com/mansharamani,
http://pbs.twimg.com/profile_images/549832916482551808/nW54fuT8_bigger.jpeg,Addi_Salman,https://twitter.com/Addi_Salman,
http://pbs.twimg.com/profile_images/534337643438276608/_toJ4aBF_bigger.jpeg,Rajarath,https://twitter.com/Rajarath,
http://pbs.twimg.com/profile_images/536953205821685760/6XDtM0qO_bigger.jpeg,tweet2karth,https://twitter.com/tweet2karth,
http://pbs.twimg.com/profile_images/2151003631/creepy_coffins_bigger.jpg,Creepycoffin,https://twitter.com/Creepycoffin,
http://pbs.twimg.com/profile_images/543213524751618048/cun9BJEx_bigger.jpeg,Pradeep4fun,https://twitter.com/Pradeep4fun,
http://pbs.twimg.com/profile_images/556483427059257346/X7lDpmMG_bigger.jpeg,VijayCenaOrton,https://twitter.com/VijayCenaOrton,
http://pbs.twimg.com/profile_images/539299379983552512/IR74rO7t_bigger.jpeg,sevish,https://twitter.com/sevish,
http://pbs.twimg.com/profile_images/498032390757822464/YtItaI-x_bigger.jpeg,tamillcinema,https://twitter.com/tamillcinema,
http://pbs.twimg.com/profile_images/548330043659649028/iy7jneOS_bigger.png,6thstreetyogurt,https://twitter.com/6thstreetyogurt,
http://pbs.twimg.com/profile_images/553831922242027520/38pztfI8_bigger.jpeg,iamvejey,https://twitter.com/iamvejey,
http://pbs.twimg.com/profile_images/550559834710368257/COE2fSuo_bigger.png,arunabin94,https://twitter.com/arunabin94,
http://pbs.twimg.com/profile_images/530014886764744704/IxpAl8Ss_bigger.jpeg,vivekvijay3,https://twitter.com/vivekvijay3,
http://pbs.twimg.com/profile_images/2530509393/7q23j75keu3m5g6gxhxy_bigger.jpeg,kccmagazine,https://twitter.com/kccmagazine,
http://pbs.twimg.com/profile_images/557414630507552768/AK1AYj09_bigger.jpeg,LaVanYaVJAddict,https://twitter.com/LaVanYaVJAddict,
http://pbs.twimg.com/profile_images/557184004063899648/LG2iVm5R_bigger.jpeg,movies369,https://twitter.com/movies369,
http://pbs.twimg.com/profile_images/548866749848752129/-T6l7Bep_bigger.jpeg,dexilsam,https://twitter.com/dexilsam,
http://pbs.twimg.com/profile_images/557033336443383808/DJ7t4syd_bigger.jpeg,Im_Aaru,https://twitter.com/Im_Aaru,
http://pbs.twimg.com/profile_images/557266077898399744/QBn9EwST_bigger.jpeg,IamMushtak,https://twitter.com/IamMushtak,
http://pbs.twimg.com/profile_images/522656487093440512/X7qGa0Zw_bigger.jpeg,Ceenma,https://twitter.com/Ceenma,
http://pbs.twimg.com/profile_images/431640908631531520/Q5wXzAw3_bigger.jpeg,nithiya2014,https://twitter.com/nithiya2014,
http://pbs.twimg.com/profile_images/556312986420125696/emLUazDD_bigger.jpeg,pavithra_angu,https://twitter.com/pavithra_angu,
http://pbs.twimg.com/profile_images/557167267650097155/-ZtW6qim_bigger.jpeg,nishukickK,https://twitter.com/nishukickK,
http://pbs.twimg.com/profile_images/378800000019123597/9c6c009c9ee7a8b58acc9dfcc382b6be_bigger.jpeg,sapangoyal,https://twitter.com/sapangoyal,
http://pbs.twimg.com/profile_images/545832052525117440/RPKk-fG9_bigger.jpeg,Ragmasta,https://twitter.com/Ragmasta,
http://pbs.twimg.com/profile_images/479318003658416128/shd-tQth_bigger.jpeg,Allupdatez,https://twitter.com/Allupdatez,
http://pbs.twimg.com/profile_images/555227879676448768/Cwr8zoTf_bigger.jpeg,WaliGulraiz,https://twitter.com/WaliGulraiz,
http://pbs.twimg.com/profile_images/549433617105944576/kB_meczQ_bigger.jpeg,RCHanoi,https://twitter.com/RCHanoi,
http://pbs.twimg.com/profile_images/552705570377965569/WKsH0iq7_bigger.jpeg,_Rifaf_,https://twitter.com/_Rifaf_,
http://pbs.twimg.com/profile_images/553952945058758656/YXed8uAy_bigger.jpeg,AroonRathore,https://twitter.com/AroonRathore,
http://pbs.twimg.com/profile_images/557163589060935681/F5jR2Bpa_bigger.jpeg,AbishekVjFan,https://twitter.com/AbishekVjFan,
http://pbs.twimg.com/profile_images/2175245345/WHEF_Final_logo_bigger.jpg,WHEForum,https://twitter.com/WHEForum,
http://pbs.twimg.com/profile_images/556166627679420417/fXilPFts_bigger.jpeg,amindsovivid,https://twitter.com/amindsovivid,
http://pbs.twimg.com/profile_images/550193556950745089/z3F1YsQY_bigger.jpeg,tweet_to_raj,https://twitter.com/tweet_to_raj,
http://pbs.twimg.com/profile_images/556843696587436033/_ZeUBi0G_bigger.jpeg,pira_navan,https://twitter.com/pira_navan,
http://pbs.twimg.com/profile_images/556168028782481408/69uFKv6D_bigger.jpeg,RajuSword,https://twitter.com/RajuSword,
http://pbs.twimg.com/profile_images/515488167122595840/u7y0GhNn_bigger.png,PluzmediaIN,https://twitter.com/PluzmediaIN,
http://pbs.twimg.com/profile_images/452988705943216129/ocweExP-_bigger.jpeg,ningarajbjp,https://twitter.com/ningarajbjp,
http://pbs.twimg.com/profile_images/555575649339863040/BN5azckU_bigger.jpeg,RAJ2715,https://twitter.com/RAJ2715,
http://pbs.twimg.com/profile_images/557382506802999296/e6XN8DdX_bigger.jpeg,Balaram_Raju,https://twitter.com/Balaram_Raju,
http://pbs.twimg.com/profile_images/463987830591475712/GjDkI_Il_bigger.jpeg,jain_vikram,https://twitter.com/jain_vikram,
http://pbs.twimg.com/profile_images/551027512562548737/VcmECgQE_bigger.png,Tamil_cine,https://twitter.com/Tamil_cine,
http://pbs.twimg.com/profile_images/556803289451208704/7giEDGUy_bigger.jpeg,chnvaasi,https://twitter.com/chnvaasi,
http://pbs.twimg.com/profile_images/554928168172126210/20h30lw-_bigger.jpeg,TheRockShabbeer,https://twitter.com/TheRockShabbeer,
http://pbs.twimg.com/profile_images/556693035858149376/dCLrCwct_bigger.jpeg,Amrishajith,https://twitter.com/Amrishajith,
http://pbs.twimg.com/profile_images/446349579546406912/m4MJ72dA_bigger.jpeg,lattoo72,https://twitter.com/lattoo72,
http://pbs.twimg.com/profile_images/517221222694662144/MY846ouo_bigger.jpeg,sasthatech,https://twitter.com/sasthatech,
http://pbs.twimg.com/profile_images/1968649209/photo_bigger.jpg,OnlookersMedia,https://twitter.com/OnlookersMedia,
http://pbs.twimg.com/profile_images/540011938420232192/CzSz25sx_bigger.jpeg,arun15516010,https://twitter.com/arun15516010,
http://pbs.twimg.com/profile_images/552889986324787200/zniFc_Am_bigger.jpeg,FloatNSting,https://twitter.com/FloatNSting,
http://pbs.twimg.com/profile_images/550459050870050818/SqUdomBO_bigger.jpeg,rakeshvchandran,https://twitter.com/rakeshvchandran,
http://pbs.twimg.com/profile_images/378800000665872386/6e871329a2ddb30928210d0e2070178f_bigger.jpeg,SimplyChanakya,https://twitter.com/SimplyChanakya,
http://pbs.twimg.com/profile_images/543824572261220352/-lOCRfjm_bigger.jpeg,ShivaKap,https://twitter.com/ShivaKap,
http://pbs.twimg.com/profile_images/557249850148802560/AYTC_UF2_bigger.jpeg,KarthikLawrence,https://twitter.com/KarthikLawrence,
http://pbs.twimg.com/profile_images/557174344204288000/XC85WDSx_bigger.jpeg,iamfariya,https://twitter.com/iamfariya,
http://pbs.twimg.com/profile_images/548689103856730112/kufGKog8_bigger.jpeg,Mokianew,https://twitter.com/Mokianew,
http://pbs.twimg.com/profile_images/2622195813/t99kx08degevh6rkg6l2_bigger.jpeg,kadar_k,https://twitter.com/kadar_k,
http://pbs.twimg.com/profile_images/551981418264264704/77L1b4Gz_bigger.jpeg,_Lxssheni,https://twitter.com/_Lxssheni,
http://pbs.twimg.com/profile_images/556473509946204162/piZlhOwg_bigger.jpeg,Katrinafawad,https://twitter.com/Katrinafawad,
http://pbs.twimg.com/profile_images/554683610373300224/QP60u2Js_bigger.jpeg,Diviforlife,https://twitter.com/Diviforlife,
http://pbs.twimg.com/profile_images/378800000554777987/526af4e13535a09a5e64cfdabb864fba_bigger.jpeg,Kiren_A,https://twitter.com/Kiren_A,
http://pbs.twimg.com/profile_images/553908799661015040/O4Q4QRBx_bigger.jpeg,nirajrambomaxim,https://twitter.com/nirajrambomaxim,
http://pbs.twimg.com/profile_images/557435141362962434/hfiMay7m_bigger.jpeg,sundar_vjy,https://twitter.com/sundar_vjy,
http://pbs.twimg.com/profile_images/552844890166403073/F5afwItf_bigger.jpeg,sureshmylapore,https://twitter.com/sureshmylapore,
http://pbs.twimg.com/profile_images/463994660344451072/M44JlKiA_bigger.jpeg,puththan,https://twitter.com/puththan,
http://pbs.twimg.com/profile_images/552152212638420995/t-zkZJL5_bigger.jpeg,TamilRasigan1,https://twitter.com/TamilRasigan1,
http://pbs.twimg.com/profile_images/557170364568985602/A55LlLYV_bigger.jpeg,Itz_vj,https://twitter.com/Itz_vj,
http://pbs.twimg.com/profile_images/451372115011186689/GGrCRcmj_bigger.png,IAmMrHumorist,https://twitter.com/IAmMrHumorist,
http://pbs.twimg.com/profile_images/557149512230522880/5hwLjvcV_bigger.jpeg,SarwarAysha,https://twitter.com/SarwarAysha,
http://pbs.twimg.com/profile_images/533224274761244672/rHJCmTOs_bigger.jpeg,TataGowdablogs,https://twitter.com/TataGowdablogs,
http://pbs.twimg.com/profile_images/550671656415277056/Rbc5BkAt_bigger.jpeg,dubey_ruchika,https://twitter.com/dubey_ruchika,
http://pbs.twimg.com/profile_images/552710038179966976/4FtDCw-d_bigger.jpeg,aro_1993,https://twitter.com/aro_1993,
http://pbs.twimg.com/profile_images/540891390570270720/Uz2Q6PFQ_bigger.jpeg,kavidass08,https://twitter.com/kavidass08,
http://pbs.twimg.com/profile_images/541259212068638721/sXjZaLPU_bigger.jpeg,__SingleSwAQ__,https://twitter.com/__SingleSwAQ__,
http://pbs.twimg.com/profile_images/553142233478598656/jps8VzY__bigger.jpeg,Benzky,https://twitter.com/Benzky,
http://pbs.twimg.com/profile_images/550123065133113345/mI2PChi9_bigger.jpeg,MAHESH_MANIA007,https://twitter.com/MAHESH_MANIA007,
http://pbs.twimg.com/profile_images/553797478466600960/_BwrZKHD_bigger.jpeg,RNitheez,https://twitter.com/RNitheez,
http://pbs.twimg.com/profile_images/557218959447957505/lAUMV2AZ_bigger.jpeg,Prashanth_MBfan,https://twitter.com/Prashanth_MBfan,
http://pbs.twimg.com/profile_images/557381853951180800/YDr5A0a__bigger.jpeg,Kashif__Awan,https://twitter.com/Kashif__Awan,
http://pbs.twimg.com/profile_images/554109187676860417/-SMz5JAc_bigger.jpeg,movieezz,https://twitter.com/movieezz,
http://pbs.twimg.com/profile_images/540910545033912320/vuErWXAS_bigger.jpeg,poonaikaari,https://twitter.com/poonaikaari,
http://pbs.twimg.com/profile_images/378800000769540762/39ef2c432dc00b9e5d18f9d67750ee45_bigger.png,DailyTamilNews,https://twitter.com/DailyTamilNews,
http://pbs.twimg.com/profile_images/556458763578646528/cC2M0MIK_bigger.jpeg,Ramsicool,https://twitter.com/Ramsicool,
http://pbs.twimg.com/profile_images/538508062022057985/s9mdcmGF_bigger.jpeg,ssshonz,https://twitter.com/ssshonz,
http://pbs.twimg.com/profile_images/2145769200/image_bigger.jpg,AJKelachandra,https://twitter.com/AJKelachandra,
http://pbs.twimg.com/profile_images/378800000331448035/0b4fd7bec5e773b132c995a56d98ee0e_bigger.jpeg,iffirepublic,https://twitter.com/iffirepublic,
http://pbs.twimg.com/profile_images/417158514591535104/vDeCIpeB_bigger.png,tollywoodtv,https://twitter.com/tollywoodtv,
http://pbs.twimg.com/profile_images/554859466298908672/lTxPCgmx_bigger.jpeg,yashinikannu,https://twitter.com/yashinikannu,
http://pbs.twimg.com/profile_images/552851973666390017/whYMMgE3_bigger.jpeg,sathyavijay22,https://twitter.com/sathyavijay22,
http://pbs.twimg.com/profile_images/555662340209647617/Nuc16xzV_bigger.jpeg,maheshsaggammmm,https://twitter.com/maheshsaggammmm,
http://pbs.twimg.com/profile_images/503119947157864448/nZ5IQeKj_bigger.jpeg,bollywoodKhabar,https://twitter.com/bollywoodKhabar,
http://pbs.twimg.com/profile_images/557382526449111040/81j4c1AY_bigger.jpeg,bladenomics,https://twitter.com/bladenomics,
http://pbs.twimg.com/profile_images/481134196937596928/YR6glwEZ_bigger.jpeg,Nitu_23,https://twitter.com/Nitu_23,
http://pbs.twimg.com/profile_images/552861080033435650/misSEVHf_bigger.jpeg,CPAshwin,https://twitter.com/CPAshwin,
http://pbs.twimg.com/profile_images/535405070376902656/Lxs-Vgjd_bigger.jpeg,powerstarvinod,https://twitter.com/powerstarvinod,
http://pbs.twimg.com/profile_images/541666869594177536/L4Zkqzzs_bigger.jpeg,thusmank,https://twitter.com/thusmank,
http://pbs.twimg.com/profile_images/552853753968070656/zmz-9gAS_bigger.jpeg,arunchill87,https://twitter.com/arunchill87,
http://pbs.twimg.com/profile_images/523453307868549120/lVG8wZi-_bigger.png,dinamalarcinema,https://twitter.com/dinamalarcinema,
http://pbs.twimg.com/profile_images/527692225136705536/JZc0K4ii_bigger.jpeg,LoverkatFrgt,https://twitter.com/LoverkatFrgt,
http://pbs.twimg.com/profile_images/461547442744201216/hJw4g-cs_bigger.png,vuinmedia,https://twitter.com/vuinmedia,
http://pbs.twimg.com/profile_images/552853435557494786/VqXoHDP9_bigger.jpeg,ChiyaanNaresh,https://twitter.com/ChiyaanNaresh,
http://pbs.twimg.com/profile_images/556353777926541312/qVgjdQFZ_bigger.jpeg,RtcXroadcolle,https://twitter.com/RtcXroadcolle,
http://pbs.twimg.com/profile_images/501686516607774720/BRat6B8G_bigger.jpeg,Vikram_Tiwari,https://twitter.com/Vikram_Tiwari,
http://pbs.twimg.com/profile_images/554050319122845696/DtZumsik_bigger.jpeg,Ctmishal,https://twitter.com/Ctmishal,
http://pbs.twimg.com/profile_images/502493961768800256/iewZTA11_bigger.jpeg,SunderNagesh,https://twitter.com/SunderNagesh,
http://pbs.twimg.com/profile_images/551438227819622400/2GnnhLi8_bigger.jpeg,Guru_LB,https://twitter.com/Guru_LB,
http://pbs.twimg.com/profile_images/546556686949810176/-kVH246X_bigger.jpeg,Saigane91486690,https://twitter.com/Saigane91486690,
http://pbs.twimg.com/profile_images/544720764407005184/0AgcD26d_bigger.jpeg,ComThalapathy,https://twitter.com/ComThalapathy,
http://pbs.twimg.com/profile_images/555713705149599745/eiDdVDMo_bigger.jpeg,shifali_garg,https://twitter.com/shifali_garg,
http://pbs.twimg.com/profile_images/557390202335801344/_bj3F5mI_bigger.jpeg,stevesteaphen,https://twitter.com/stevesteaphen,
http://pbs.twimg.com/profile_images/463632970658508801/CvWuy0EC_bigger.jpeg,mcashiva,https://twitter.com/mcashiva,
http://pbs.twimg.com/profile_images/547487123721293824/6NFpqNkx_bigger.jpeg,cristiano_bala,https://twitter.com/cristiano_bala,
http://pbs.twimg.com/profile_images/1158582584/4_bigger.jpg,Actressbooks,https://twitter.com/Actressbooks,
http://pbs.twimg.com/profile_images/415836227749687296/ZR2jr86M_bigger.jpeg,myscribblings,https://twitter.com/myscribblings,
http://pbs.twimg.com/profile_images/551730340058783744/RHZFecxf_bigger.png,dineshsn117,https://twitter.com/dineshsn117,
http://pbs.twimg.com/profile_images/552379220958007296/Fh0YCeYJ_bigger.jpeg,koodalingam,https://twitter.com/koodalingam,
http://pbs.twimg.com/profile_images/557219694763970560/jGpA7MWD_bigger.jpeg,RyanBasil98,https://twitter.com/RyanBasil98,
http://pbs.twimg.com/profile_images/540590268513144832/PqjcX2zk_bigger.jpeg,somverma,https://twitter.com/somverma,
http://pbs.twimg.com/profile_images/555574073569202176/xr2J5c7U_bigger.jpeg,SnehithaM5,https://twitter.com/SnehithaM5,
http://pbs.twimg.com/profile_images/551684542625349633/PpvzjMN7_bigger.jpeg,ImVjAnand,https://twitter.com/ImVjAnand,
http://pbs.twimg.com/profile_images/378800000006621004/d617beeabf8e7fd51486b5221f7f8eb8_bigger.jpeg,south365,https://twitter.com/south365,
http://pbs.twimg.com/profile_images/548882285806620672/Hm4quDwp_bigger.jpeg,ThalapathyFan1,https://twitter.com/ThalapathyFan1,
http://pbs.twimg.com/profile_images/553809348494110720/cbJS38BY_bigger.jpeg,Krishragavan,https://twitter.com/Krishragavan,
http://pbs.twimg.com/profile_images/555572893220745216/I_sa62i6_bigger.jpeg,Ck_Mohammed,https://twitter.com/Ck_Mohammed,
http://pbs.twimg.com/profile_images/555754129868337152/knl18d5j_bigger.jpeg,Laali_Pope,https://twitter.com/Laali_Pope,
http://pbs.twimg.com/profile_images/547786640660242432/FcoDUzAk_bigger.png,news_in_summary,https://twitter.com/news_in_summary,
http://pbs.twimg.com/profile_images/554874578128748545/NZfywdsF_bigger.jpeg,PerthTamilMovie,https://twitter.com/PerthTamilMovie,
http://pbs.twimg.com/profile_images/517997907891326977/0IDAAfWG_bigger.jpeg,Ankurgee,https://twitter.com/Ankurgee,
http://pbs.twimg.com/profile_images/556713960557137920/QxeDYCEF_bigger.jpeg,Itsme_Thej,https://twitter.com/Itsme_Thej,
http://pbs.twimg.com/profile_images/531773460163211264/oTJ_oyHF_bigger.jpeg,Indreshviru,https://twitter.com/Indreshviru,
http://pbs.twimg.com/profile_images/512488992013434880/p04vNCZi_bigger.jpeg,BhattArchit,https://twitter.com/BhattArchit,
http://pbs.twimg.com/profile_images/555056294550175744/Lb-Sb1AH_bigger.jpeg,gopi2186,https://twitter.com/gopi2186,
http://pbs.twimg.com/profile_images/556281078697033728/Jg5hNd5H_bigger.jpeg,viluarun,https://twitter.com/viluarun,
http://pbs.twimg.com/profile_images/1982555376/IMG_0665_bigger.jpg,nikhilboorla,https://twitter.com/nikhilboorla,
http://pbs.twimg.com/profile_images/452803372324626432/4rPPdfQv_bigger.jpeg,Deepthish,https://twitter.com/Deepthish,
http://pbs.twimg.com/profile_images/553102048330125312/oeaBPS1x_bigger.jpeg,nani_fanatic,https://twitter.com/nani_fanatic,
http://pbs.twimg.com/profile_images/547508787116924928/NkiB8bBA_bigger.jpeg,deepika_tony68,https://twitter.com/deepika_tony68,
http://pbs.twimg.com/profile_images/549279064981123073/k2XAKF5K_bigger.jpeg,vishakac92,https://twitter.com/vishakac92,
http://pbs.twimg.com/profile_images/557045694096101376/9aO6BkxD_bigger.jpeg,ramviz14,https://twitter.com/ramviz14,
http://pbs.twimg.com/profile_images/554683413601341440/CCM6eRFb_bigger.jpeg,imaheshfan,https://twitter.com/imaheshfan,
http://pbs.twimg.com/profile_images/553424865860931584/yotkRAYx_bigger.jpeg,Rajeesh077,https://twitter.com/Rajeesh077,
http://pbs.twimg.com/profile_images/552849236866244608/z3LVfMdE_bigger.jpeg,Krishna_4,https://twitter.com/Krishna_4,
http://pbs.twimg.com/profile_images/378800000324080311/698f2fca3abfb40edd58d690ca7902f0_bigger.jpeg,Vennillaa,https://twitter.com/Vennillaa,
http://pbs.twimg.com/profile_images/555437068654874624/nWbmBjDK_bigger.jpeg,viks4u,https://twitter.com/viks4u,
http://pbs.twimg.com/profile_images/548814983325175808/3SgvdviV_bigger.jpeg,MenonAjay87,https://twitter.com/MenonAjay87,
http://pbs.twimg.com/profile_images/554970430000230401/HcA3OLRH_bigger.jpeg,sanjay25620445,https://twitter.com/sanjay25620445,
http://pbs.twimg.com/profile_images/2711709444/93e843a879c9cf027910816de67ffe92_bigger.jpeg,Gd_Here,https://twitter.com/Gd_Here,
http://pbs.twimg.com/profile_images/555007849600794625/miUpIRAd_bigger.jpeg,SyedJazir,https://twitter.com/SyedJazir,
http://pbs.twimg.com/profile_images/432844332953911296/EgSJUUSE_bigger.png,arikki87,https://twitter.com/arikki87,
http://pbs.twimg.com/profile_images/549421691667881984/bYKdsJq2_bigger.jpeg,mr_raju007,https://twitter.com/mr_raju007,
http://pbs.twimg.com/profile_images/553215827936174081/cfkoLGBc_bigger.jpeg,krishthepoet,https://twitter.com/krishthepoet,
http://pbs.twimg.com/profile_images/507368385298980864/OVuojVMe_bigger.jpeg,luv_fawad,https://twitter.com/luv_fawad,
http://pbs.twimg.com/profile_images/540165683615506432/tMQPwPc1_bigger.jpeg,jaaffersadiq,https://twitter.com/jaaffersadiq,
http://pbs.twimg.com/profile_images/378800000637232187/779226e968c263d61eceb70b8d594e56_bigger.jpeg,varuncgs,https://twitter.com/varuncgs,
http://pbs.twimg.com/profile_images/555596915979468801/1Ax5Oexo_bigger.jpeg,Pauldhoni7,https://twitter.com/Pauldhoni7,
http://pbs.twimg.com/profile_images/555281984700690432/YUDEGtTx_bigger.jpeg,Magenraja,https://twitter.com/Magenraja,
http://pbs.twimg.com/profile_images/556346159560523776/LcWDOEna_bigger.jpeg,ibrahim167,https://twitter.com/ibrahim167,
http://pbs.twimg.com/profile_images/555917473577316352/Iwvu_hDr_bigger.jpeg,itisnmk,https://twitter.com/itisnmk,
http://pbs.twimg.com/profile_images/546580729413386240/Qfl3Imm5_bigger.jpeg,JohnCvf,https://twitter.com/JohnCvf,
http://pbs.twimg.com/profile_images/533179327068635136/5XlR4xSh_bigger.jpeg,chennai_local,https://twitter.com/chennai_local,
http://pbs.twimg.com/profile_images/450472232284729344/6TBhDKEY_bigger.jpeg,Aravind20037,https://twitter.com/Aravind20037,
http://pbs.twimg.com/profile_images/552399392435486720/VLAQPWxJ_bigger.jpeg,Austininba1,https://twitter.com/Austininba1,
http://pbs.twimg.com/profile_images/554299263547482113/OLn1ZIJn_bigger.jpeg,Sreenu106,https://twitter.com/Sreenu106,
http://pbs.twimg.com/profile_images/3691528075/55774c1a3e80805c7ce702232e5ce482_bigger.jpeg,Tamilcinema24,https://twitter.com/Tamilcinema24,
http://abs.twimg.com/sticky/default_profile_images/default_profile_0_bigger.png,kavita2680,https://twitter.com/kavita2680,
http://pbs.twimg.com/profile_images/555251339970621440/MlQbvBXY_bigger.jpeg,Ammus_Sana,https://twitter.com/Ammus_Sana,
http://pbs.twimg.com/profile_images/464244240751407104/Nwjdu59P_bigger.jpeg,Pandey70Pandey,https://twitter.com/Pandey70Pandey,
http://pbs.twimg.com/profile_images/556691158303129601/h7z5xMZn_bigger.jpeg,MMurhty,https://twitter.com/MMurhty,
http://pbs.twimg.com/profile_images/555482841186725888/RteoSOhs_bigger.jpeg,raaja_zheik,https://twitter.com/raaja_zheik,
http://pbs.twimg.com/profile_images/550327191951527936/i9QfBqQy_bigger.jpeg,ZeeshaanRizwan,https://twitter.com/ZeeshaanRizwan,
http://pbs.twimg.com/profile_images/553834740612997120/bSnbGbSc_bigger.jpeg,kingvivekreddy,https://twitter.com/kingvivekreddy,
http://pbs.twimg.com/profile_images/551446647171846144/2ihqzivI_bigger.jpeg,Rajonline24,https://twitter.com/Rajonline24,
http://pbs.twimg.com/profile_images/555073804787912704/CnIOYmfc_bigger.jpeg,Basitahmad_pti,https://twitter.com/Basitahmad_pti,
http://pbs.twimg.com/profile_images/378800000734191983/5ad24d30f70049235fe0605f9dc55149_bigger.jpeg,Xpress_Life,https://twitter.com/Xpress_Life,
http://pbs.twimg.com/profile_images/538330709996208130/sfi9nzCq_bigger.jpeg,kevkekacom,https://twitter.com/kevkekacom,
http://pbs.twimg.com/profile_images/549625215404081153/uXwS8DvG_bigger.jpeg,Prashou94,https://twitter.com/Prashou94,
http://pbs.twimg.com/profile_images/551073081209286656/I6RO3HWP_bigger.jpeg,vikram_agarwala,https://twitter.com/vikram_agarwala,
http://pbs.twimg.com/profile_images/548279407979139072/whwy44DY_bigger.jpeg,pravinkumar2451,https://twitter.com/pravinkumar2451,
http://pbs.twimg.com/profile_images/550980962603921408/Nj87OzrF_bigger.jpeg,RAJA211113,https://twitter.com/RAJA211113,
http://pbs.twimg.com/profile_images/556428051609686016/-l40Oo4j_bigger.jpeg,manojkumar8129,https://twitter.com/manojkumar8129,
http://pbs.twimg.com/profile_images/555217373410516992/VaLDIAFT_bigger.jpeg,Raaja_Surya,https://twitter.com/Raaja_Surya,
http://pbs.twimg.com/profile_images/541207704178401280/GIgGT3eq_bigger.jpeg,narenk96,https://twitter.com/narenk96,
http://pbs.twimg.com/profile_images/547012922820407296/JvWBlWdI_bigger.png,HittaPhatta,https://twitter.com/HittaPhatta,
http://pbs.twimg.com/profile_images/473773876145438722/0lVHgDuV_bigger.jpeg,ImMathiew,https://twitter.com/ImMathiew,
http://pbs.twimg.com/profile_images/3784792413/6b95e8c288f93f1ac7fec6805edf8c63_bigger.jpeg,Sathish_KT,https://twitter.com/Sathish_KT,
http://pbs.twimg.com/profile_images/2026646472/New_Picture_bigger.jpg,dinamalam,https://twitter.com/dinamalam,
http://pbs.twimg.com/profile_images/555240420507000832/NemoXQWW_bigger.jpeg,Kalyan_kks,https://twitter.com/Kalyan_kks,
http://pbs.twimg.com/profile_images/555780071982497792/0PGXcgqt_bigger.jpeg,ParineetisbaE,https://twitter.com/ParineetisbaE,
http://pbs.twimg.com/profile_images/543796865737560064/c4QlO2hY_bigger.jpeg,Naresh4296,https://twitter.com/Naresh4296,
http://pbs.twimg.com/profile_images/534861441560354816/hpfXiSML_bigger.jpeg,jejasvir,https://twitter.com/jejasvir,
http://pbs.twimg.com/profile_images/556735896741879808/ry22tqFs_bigger.jpeg,TheKiranModi,https://twitter.com/TheKiranModi,
http://pbs.twimg.com/profile_images/555618798707814400/Pj41cDqn_bigger.jpeg,sreebaalajii,https://twitter.com/sreebaalajii,
http://pbs.twimg.com/profile_images/3162169491/806ce715d8ba119204e7fb442969e1e0_bigger.png,LixenTk,https://twitter.com/LixenTk,
http://pbs.twimg.com/profile_images/555830939377360896/0AVHubLw_bigger.jpeg,shanthakumars,https://twitter.com/shanthakumars,
http://pbs.twimg.com/profile_images/550642531986186241/apxKzrEc_bigger.jpeg,SuchitraSaayi,https://twitter.com/SuchitraSaayi,
http://pbs.twimg.com/profile_images/554696145142702080/hYcX3EVT_bigger.jpeg,vijay_1079,https://twitter.com/vijay_1079,
http://pbs.twimg.com/profile_images/552522253221367808/ck5mu74Q_bigger.jpeg,superfan_mahesh,https://twitter.com/superfan_mahesh,
http://pbs.twimg.com/profile_images/539861123667726336/Dcf6p_8Q_bigger.jpeg,mohammedabaan,https://twitter.com/mohammedabaan,
http://pbs.twimg.com/profile_images/553905469941493760/wlqJmpUs_bigger.jpeg,AdityaJadhavCFA,https://twitter.com/AdityaJadhavCFA,
http://pbs.twimg.com/profile_images/550603027229331458/PZmKVcRW_bigger.jpeg,balajeesh,https://twitter.com/balajeesh,
http://pbs.twimg.com/profile_images/552781264114032640/5glZ9DLA_bigger.jpeg,vijayvimal92,https://twitter.com/vijayvimal92,
http://pbs.twimg.com/profile_images/554879395739885568/qtE5H2y4_bigger.jpeg,ash_sound_shiva,https://twitter.com/ash_sound_shiva,
http://pbs.twimg.com/profile_images/527771685030621184/vUfbwaSk_bigger.jpeg,shreya395,https://twitter.com/shreya395,
http://pbs.twimg.com/profile_images/548562715497607169/3ytRvl3G_bigger.jpeg,M2014Senthilr,https://twitter.com/M2014Senthilr,
http://pbs.twimg.com/profile_images/420517217004834818/k_FimNiH_bigger.jpeg,vikram_rocks,https://twitter.com/vikram_rocks,
http://pbs.twimg.com/profile_images/551759388084420609/V8Jkuu9m_bigger.jpeg,sivavj8,https://twitter.com/sivavj8,
http://pbs.twimg.com/profile_images/553961656695279616/w9seeXSB_bigger.jpeg,iamS5J,https://twitter.com/iamS5J,
http://pbs.twimg.com/profile_images/553628204905156609/NXR3_MQA_bigger.jpeg,SwapnaArya,https://twitter.com/SwapnaArya,
http://pbs.twimg.com/profile_images/457568940378443776/8JlXj1Kd_bigger.jpeg,ironepalakka,https://twitter.com/ironepalakka,
http://pbs.twimg.com/profile_images/727936178/photography_bigger.jpg,BradleyNCole,https://twitter.com/BradleyNCole,
http://pbs.twimg.com/profile_images/1856403364/siv_bigger.jpg,avisbliss,https://twitter.com/avisbliss,
http://pbs.twimg.com/profile_images/1057817712/IMG_4949_crop__bigger.jpg,vikram_l,https://twitter.com/vikram_l,
http://pbs.twimg.com/profile_images/510344014239768577/0BiCBt3o_bigger.png,srihari_sr,https://twitter.com/srihari_sr,
http://pbs.twimg.com/profile_images/550587612717543424/i8UE2u24_bigger.jpeg,viki357,https://twitter.com/viki357,
http://pbs.twimg.com/profile_images/555060961627754498/fKIarrxv_bigger.jpeg,gurucool90,https://twitter.com/gurucool90,
http://pbs.twimg.com/profile_images/509208564737392641/eaAENm-M_bigger.jpeg,18Satheesh,https://twitter.com/18Satheesh,
http://pbs.twimg.com/profile_images/533159744786026496/nkouwO4r_bigger.jpeg,shivani_0301,https://twitter.com/shivani_0301,
http://pbs.twimg.com/profile_images/552700430174519296/NmorypoL_bigger.jpeg,Karthic12345,https://twitter.com/Karthic12345,
http://pbs.twimg.com/profile_images/556095036165607424/K6J7za1c_bigger.jpeg,KarthickSelva34,https://twitter.com/KarthickSelva34,
http://pbs.twimg.com/profile_images/514041061505650688/FmIDaR4f_bigger.jpeg,firstreporter,https://twitter.com/firstreporter,
http://pbs.twimg.com/profile_images/378800000682299311/818924ef3a396325d396fd6b2607d43f_bigger.jpeg,newfilmstills,https://twitter.com/newfilmstills,
http://pbs.twimg.com/profile_images/527694125651349505/Qj8UGzAK_bigger.jpeg,jnjprakash,https://twitter.com/jnjprakash,
http://pbs.twimg.com/profile_images/539423537644048386/TfG_Ig8L_bigger.jpeg,aravinthaxon,https://twitter.com/aravinthaxon,
http://pbs.twimg.com/profile_images/553161425363816449/pl2Sj7B__bigger.jpeg,naz_krq,https://twitter.com/naz_krq,
http://pbs.twimg.com/profile_images/543316156732297217/VupPIN9M_bigger.jpeg,abhiatniit,https://twitter.com/abhiatniit,
http://pbs.twimg.com/profile_images/544381433209294848/FgBxEIiP_bigger.jpeg,CinemaAffairs,https://twitter.com/CinemaAffairs,
http://pbs.twimg.com/profile_images/553103894520135680/B_QMaa7e_bigger.jpeg,surya_pact,https://twitter.com/surya_pact,
http://pbs.twimg.com/profile_images/555787240140312577/MXC6lq8X_bigger.jpeg,Mit_rthd143,https://twitter.com/Mit_rthd143,
http://pbs.twimg.com/profile_images/3580154930/433faa4b8a00899cce664a6fe60f893a_bigger.jpeg,vivek_vikram,https://twitter.com/vivek_vikram,
http://pbs.twimg.com/profile_images/557093658332114944/pU_PO2iz_bigger.jpeg,stalin21red,https://twitter.com/stalin21red,
http://pbs.twimg.com/profile_images/528400108551823360/3daiOApv_bigger.jpeg,sarathcan,https://twitter.com/sarathcan,
http://pbs.twimg.com/profile_images/554517366139142144/IHaAYQqI_bigger.jpeg,YOYORAJ7,https://twitter.com/YOYORAJ7,
http://pbs.twimg.com/profile_images/428494755366830080/mXp6EfNO_bigger.jpeg,shambhusinghaa,https://twitter.com/shambhusinghaa,
http://pbs.twimg.com/profile_images/378800000543236216/62fa977b06c70b5664fd5527465f930c_bigger.jpeg,kapsechandra,https://twitter.com/kapsechandra,
http://pbs.twimg.com/profile_images/544821037221687297/SLBW3LXi_bigger.jpeg,praju75,https://twitter.com/praju75,
http://pbs.twimg.com/profile_images/465701225476788224/pjoTMQBE_bigger.jpeg,favassafeer,https://twitter.com/favassafeer,
http://pbs.twimg.com/profile_images/554296225696985088/sRT4kTEm_bigger.jpeg,Vjzealot,https://twitter.com/Vjzealot,
http://pbs.twimg.com/profile_images/496546246476038144/UDSfnWq8_bigger.jpeg,aravinditzme,https://twitter.com/aravinditzme,
http://pbs.twimg.com/profile_images/536117155553484803/nTen4PI0_bigger.jpeg,_Iam_Jana,https://twitter.com/_Iam_Jana,
http://pbs.twimg.com/profile_images/470129025394831360/lEOPNaPo_bigger.jpeg,filmybuzz2013,https://twitter.com/filmybuzz2013,
http://pbs.twimg.com/profile_images/552360948485193728/lgyOi4Ia_bigger.jpeg,SimonRaj_Suria,https://twitter.com/SimonRaj_Suria,
http://pbs.twimg.com/profile_images/556881519260606464/s1xOeitx_bigger.jpeg,ZhakeerKhan,https://twitter.com/ZhakeerKhan,
http://pbs.twimg.com/profile_images/522779907412082688/ApG6g317_bigger.jpeg,sriniprabhu,https://twitter.com/sriniprabhu,
http://pbs.twimg.com/profile_images/532045913745670147/PCk6QBTd_bigger.jpeg,Kunalan_Junior,https://twitter.com/Kunalan_Junior,
http://pbs.twimg.com/profile_images/552451600275361792/VGW66uNj_bigger.jpeg,gopinathan_bas,https://twitter.com/gopinathan_bas,
http://pbs.twimg.com/profile_images/545646450290331648/DANj4rlk_bigger.jpeg,itz_vk,https://twitter.com/itz_vk,
http://pbs.twimg.com/profile_images/501252743390973952/lRMDBgfu_bigger.jpeg,iAmerkhan,https://twitter.com/iAmerkhan,
http://pbs.twimg.com/profile_images/514585592424718336/2xx873cn_bigger.jpeg,WhilerWhoWhiles,https://twitter.com/WhilerWhoWhiles,
http://pbs.twimg.com/profile_images/3494481528/3a5058294ce6ee3959dca9420ec9d8d4_bigger.jpeg,lavineshdude,https://twitter.com/lavineshdude,
http://pbs.twimg.com/profile_images/554210621562961920/4ebNRNL4_bigger.jpeg,vamshi08tweets,https://twitter.com/vamshi08tweets,
http://pbs.twimg.com/profile_images/501319187399458817/zi7oWm7q_bigger.jpeg,chikkooong1,https://twitter.com/chikkooong1,
http://pbs.twimg.com/profile_images/926605030/rfm-logo_bigger.png,daljitkalsi,https://twitter.com/daljitkalsi,
http://pbs.twimg.com/profile_images/476061155526336512/vpuwkC1O_bigger.jpeg,kukki1411,https://twitter.com/kukki1411,
http://pbs.twimg.com/profile_images/552880195028254721/Eq7dO3HB_bigger.jpeg,aswinbm,https://twitter.com/aswinbm,
http://pbs.twimg.com/profile_images/536283879653392384/W2zwgs3j_bigger.jpeg,DhanyaLak,https://twitter.com/DhanyaLak,
http://pbs.twimg.com/profile_images/507092065440653312/cDzLLJ-W_bigger.jpeg,FilmibeatTe,https://twitter.com/FilmibeatTe,
http://pbs.twimg.com/profile_images/3524609090/2aca836ad622c69cbbe3742aae61a11d_bigger.jpeg,Sharma_Vikram,https://twitter.com/Sharma_Vikram,
http://pbs.twimg.com/profile_images/557119496679206912/OYoef_1L_bigger.jpeg,im_das18,https://twitter.com/im_das18,
http://pbs.twimg.com/profile_images/555159055933521920/3-YcPMkc_bigger.jpeg,BBoySathish,https://twitter.com/BBoySathish,
http://pbs.twimg.com/profile_images/479351849641074688/77RYWPG4_bigger.jpeg,pav_pavi,https://twitter.com/pav_pavi,
http://pbs.twimg.com/profile_images/441228488532447232/DiaYuM98_bigger.jpeg,Saffronwing1,https://twitter.com/Saffronwing1,
http://pbs.twimg.com/profile_images/505973753264607233/eaXruZOn_bigger.jpeg,Charan_Arjun4,https://twitter.com/Charan_Arjun4,
http://pbs.twimg.com/profile_images/556019111260475392/-UfygQhp_bigger.jpeg,sathishkravi,https://twitter.com/sathishkravi,
http://pbs.twimg.com/profile_images/552146345390116866/liLrYSxZ_bigger.jpeg,drbabudhanush,https://twitter.com/drbabudhanush,
http://pbs.twimg.com/profile_images/540728343398604800/C_XD1ZI5_bigger.jpeg,innocentsethup1,https://twitter.com/innocentsethup1,
http://pbs.twimg.com/profile_images/550652155749605376/1HewCIO__bigger.jpeg,vdharan4,https://twitter.com/vdharan4,
http://pbs.twimg.com/profile_images/555769824849035264/UK1ZJ5i1_bigger.jpeg,malu_gopal,https://twitter.com/malu_gopal,
http://pbs.twimg.com/profile_images/545626934969778176/6847xK39_bigger.jpeg,senthil_dhil,https://twitter.com/senthil_dhil,
http://pbs.twimg.com/profile_images/550301478301470720/MSQ6Wkdt_bigger.jpeg,Vikram_SZN,https://twitter.com/Vikram_SZN,
http://pbs.twimg.com/profile_images/534994396857372673/R5wnX5P5_bigger.jpeg,KevinKishore2,https://twitter.com/KevinKishore2,
http://pbs.twimg.com/profile_images/378800000313975603/3531a574fd578fc34fa3e9bd8d2424fb_bigger.jpeg,emrozs,https://twitter.com/emrozs,
http://pbs.twimg.com/profile_images/421484934004355072/tYy0lJOV_bigger.jpeg,sangeesat,https://twitter.com/sangeesat,
http://pbs.twimg.com/profile_images/525875461294129153/X0nUWdaz_bigger.jpeg,abirahhhh,https://twitter.com/abirahhhh,
http://pbs.twimg.com/profile_images/542714785087770624/VzhscFkH_bigger.jpeg,KUTTY3D,https://twitter.com/KUTTY3D,
http://pbs.twimg.com/profile_images/550894501233840130/_SARXzG7_bigger.jpeg,dineshk_moorthy,https://twitter.com/dineshk_moorthy,
http://pbs.twimg.com/profile_images/472088164987707392/rnLGrknw_bigger.jpeg,edwardrajbe,https://twitter.com/edwardrajbe,
http://abs.twimg.com/sticky/default_profile_images/default_profile_2_bigger.png,iampartha,https://twitter.com/iampartha,
http://pbs.twimg.com/profile_images/553939593435688960/5E-fxNhN_bigger.jpeg,charliewaale,https://twitter.com/charliewaale,
http://pbs.twimg.com/profile_images/554679510193274880/6OOGA8wO_bigger.jpeg,shobyc7,https://twitter.com/shobyc7,
http://pbs.twimg.com/profile_images/556440085902544897/Fc4YarJq_bigger.jpeg,karishma_team,https://twitter.com/karishma_team,
http://pbs.twimg.com/profile_images/378800000819057226/9d838d5f2f8a22834e7fa3970953fc05_bigger.jpeg,Dpk_Lovely,https://twitter.com/Dpk_Lovely,
http://pbs.twimg.com/profile_images/537266103404462081/HIm1okg8_bigger.jpeg,vimalvarghese,https://twitter.com/vimalvarghese,
http://pbs.twimg.com/profile_images/549118448505077761/it_SqaYX_bigger.jpeg,chiyaanfangokul,https://twitter.com/chiyaanfangokul,
http://pbs.twimg.com/profile_images/3322725598/da6146d643aa7ee32a21b30886df223f_bigger.jpeg,orangetelugu,https://twitter.com/orangetelugu,
http://pbs.twimg.com/profile_images/551192205130354688/yvNdhA63_bigger.jpeg,BikashBeing,https://twitter.com/BikashBeing,
http://pbs.twimg.com/profile_images/556047592769863680/Ydswon_c_bigger.jpeg,Sarath43Krish,https://twitter.com/Sarath43Krish,
http://pbs.twimg.com/profile_images/556825451385982977/3Cgp9nMx_bigger.png,VIPVIGnsh1,https://twitter.com/VIPVIGnsh1,
http://pbs.twimg.com/profile_images/545575502841270272/El09l1Z3_bigger.jpeg,mut_vm,https://twitter.com/mut_vm,
http://pbs.twimg.com/profile_images/378800000714976139/c15a48a33481d20dd6b09dcc0dba7905_bigger.jpeg,Vikram71993,https://twitter.com/Vikram71993,
http://pbs.twimg.com/profile_images/557358902711304192/CQCSGwR7_bigger.jpeg,ProudMaheshian,https://twitter.com/ProudMaheshian,
http://pbs.twimg.com/profile_images/2159227442/share_org_bigger.jpg,VasanBalakrishn,https://twitter.com/VasanBalakrishn,
http://pbs.twimg.com/profile_images/553515548164628480/CwUCrPJ9_bigger.jpeg,pdkfaisal,https://twitter.com/pdkfaisal,
http://pbs.twimg.com/profile_images/557213696439492608/D1N6f15S_bigger.jpeg,sudhaaravind191,https://twitter.com/sudhaaravind191,
http://pbs.twimg.com/profile_images/551982813046530048/MmVTbm8b_bigger.jpeg,Anythng4Vj,https://twitter.com/Anythng4Vj,
http://pbs.twimg.com/profile_images/1382384585/twitter_bigger.jpg,Brandstormer_AM,https://twitter.com/Brandstormer_AM,
http://abs.twimg.com/sticky/default_profile_images/default_profile_0_bigger.png,SarathKarthy,https://twitter.com/SarathKarthy,
http://pbs.twimg.com/profile_images/550817090421002244/ruxDrLFP_bigger.jpeg,troy3189,https://twitter.com/troy3189,
http://pbs.twimg.com/profile_images/515936203724431360/PPomIHYn_bigger.jpeg,jrjrocks,https://twitter.com/jrjrocks,
http://pbs.twimg.com/profile_images/493824127174574082/WetTq1ic_bigger.png,dumbledoretwi,https://twitter.com/dumbledoretwi,
http://pbs.twimg.com/profile_images/512852820760879104/pEcl2Xws_bigger.jpeg,HeadlinestvIn,https://twitter.com/HeadlinestvIn,
http://pbs.twimg.com/profile_images/553455685208256512/1do1AExD_bigger.jpeg,vasudevan5,https://twitter.com/vasudevan5,
http://pbs.twimg.com/profile_images/531070912188014595/jngtp8Zd_bigger.jpeg,ratedsrk,https://twitter.com/ratedsrk,
http://pbs.twimg.com/profile_images/557441089322221569/PFFliTrW_bigger.jpeg,RamAnjanaFan,https://twitter.com/RamAnjanaFan,
http://pbs.twimg.com/profile_images/523523369028046848/Kx7Ivzt3_bigger.jpeg,WiwidSheikh77,https://twitter.com/WiwidSheikh77,
http://pbs.twimg.com/profile_images/551103865446100993/kEKreLDA_bigger.jpeg,thebollywoodfc,https://twitter.com/thebollywoodfc,
http://pbs.twimg.com/profile_images/555054735850356736/-z_qqNFk_bigger.jpeg,Neer4v,https://twitter.com/Neer4v,
http://pbs.twimg.com/profile_images/535015445024083969/IFiTXeFo_bigger.jpeg,ShivaMichaels,https://twitter.com/ShivaMichaels,
http://pbs.twimg.com/profile_images/378800000273878053/79d6194f042bbc258f6ff50a891fb365_bigger.jpeg,pradeevrebel,https://twitter.com/pradeevrebel,
http://pbs.twimg.com/profile_images/541168383215927296/lFCAGJ5-_bigger.jpeg,GANESHGMG,https://twitter.com/GANESHGMG,
http://pbs.twimg.com/profile_images/552098870906191872/QdTocxhw_bigger.jpeg,SwarupPspk,https://twitter.com/SwarupPspk,
http://pbs.twimg.com/profile_images/521390488713064448/gK9gCvS2_bigger.jpeg,ggunalan10,https://twitter.com/ggunalan10,
http://pbs.twimg.com/profile_images/471625376607653888/yeDMut6X_bigger.jpeg,Vikram_Sidhana,https://twitter.com/Vikram_Sidhana,
http://pbs.twimg.com/profile_images/538945252808085504/aJIf-S3W_bigger.jpeg,Kmr_vikram,https://twitter.com/Kmr_vikram,
http://pbs.twimg.com/profile_images/552655173881843712/xpj2LRH8_bigger.jpeg,vikram_vky,https://twitter.com/vikram_vky,
http://pbs.twimg.com/profile_images/542007664478138369/UiTEhYmm_bigger.jpeg,v_bharathkumar,https://twitter.com/v_bharathkumar,
http://pbs.twimg.com/profile_images/510461614504427521/4XPgqkIi_bigger.jpeg,jawahar_vikram,https://twitter.com/jawahar_vikram,
http://pbs.twimg.com/profile_images/557395032282390528/m-kROoVj_bigger.png,vpvsdavid3,https://twitter.com/vpvsdavid3,
http://pbs.twimg.com/profile_images/554978360418656256/ueB6X5NA_bigger.jpeg,tigerzshann,https://twitter.com/tigerzshann,
http://pbs.twimg.com/profile_images/557426419827896321/dcoBZGEH_bigger.jpeg,msuryamsc,https://twitter.com/msuryamsc,
http://pbs.twimg.com/profile_images/504684923999891456/orzAJDYW_bigger.jpeg,97139603b895401,https://twitter.com/97139603b895401,
http://pbs.twimg.com/profile_images/2155831636/206925_207439925940905_100000246967460_760928_5241942_n_bigger.jpg,vikramnvikram,https://twitter.com/vikramnvikram,
http://pbs.twimg.com/profile_images/500156629841485824/x5GgTg4Y_bigger.jpeg,nsdesikan,https://twitter.com/nsdesikan,
http://pbs.twimg.com/profile_images/500310377989562370/2KSZGd5Z_bigger.jpeg,I_am_Also_SRK,https://twitter.com/I_am_Also_SRK,
http://pbs.twimg.com/profile_images/550457400843460609/phkHFL4Z_bigger.jpeg,I10Rathinan,https://twitter.com/I10Rathinan,
http://pbs.twimg.com/profile_images/552054564791148545/sBXWAlFa_bigger.jpeg,Sudharsun7,https://twitter.com/Sudharsun7,
http://abs.twimg.com/sticky/default_profile_images/default_profile_2_bigger.png,mariasimon4306,https://twitter.com/mariasimon4306,
