zoomfortheworld,http://pbs.twimg.com/profile_images/552717440862662656/XQzkzSU8_bigger.jpeg,https://twitter.com/zoomfortheworld/status/555779514543116288
zeppeliniall,http://pbs.twimg.com/profile_images/551592084357283840/WV8R6T02_bigger.jpeg,https://twitter.com/zeppeliniall/status/555216956505456640
zaneology,http://pbs.twimg.com/profile_images/467395345979150336/8KtiT57M_bigger.jpeg,https://twitter.com/zaneology/status/555416844107272193
zakwatersmusic,http://pbs.twimg.com/profile_images/473999655559110656/-OiGPtY-_bigger.jpeg,https://twitter.com/zakwatersmusic/status/555625058693947392
yungliguori,http://pbs.twimg.com/profile_images/555957950531895296/NGAixeld_bigger.jpeg,https://twitter.com/yungliguori/status/555336287918374914
xochitllopez123,http://pbs.twimg.com/profile_images/551304331270426624/RVr5R2ZG_bigger.jpeg,https://twitter.com/xochitllopez123/status/555484902141878272
umunicorniorosa,http://pbs.twimg.com/profile_images/550124375014653952/-zwNxYXp_bigger.jpeg,https://twitter.com/umunicorniorosa/status/555437164868431872
tracylimbu,http://pbs.twimg.com/profile_images/3038316296/56719867029fcbc1291fefd05b1a2e65_bigger.jpeg,https://twitter.com/tracylimbu/status/555628103444467712
thekatzebrosky,http://pbs.twimg.com/profile_images/556935214446821376/beSJD-MU_bigger.jpeg,https://twitter.com/thekatzebrosky/status/555465386896805890
the_serge52,http://pbs.twimg.com/profile_images/429864179734814720/MVEoA9Rg_bigger.jpeg,https://twitter.com/the_serge52/status/556962586864791553
telebabe03,http://pbs.twimg.com/profile_images/500419260871868416/bZnF0waD_bigger.jpeg,https://twitter.com/telebabe03/status/556646534897733632
syamsifarizan,http://pbs.twimg.com/profile_images/532457487383793665/clzRNWJw_bigger.jpeg,https://twitter.com/syamsifarizan/status/555319136033570818
smileyt22,http://pbs.twimg.com/profile_images/555845254645968896/2LHkiyMa_bigger.jpeg,https://twitter.com/smileyt22/status/555097351572828160
rociogarlo,http://pbs.twimg.com/profile_images/458705143299457025/3Ix-Ik51_bigger.jpeg,https://twitter.com/rociogarlo/status/557038665239916545
rick_eichhornr,http://pbs.twimg.com/profile_images/556914835447762944/GhLbbQMK_bigger.jpeg,https://twitter.com/rick_eichhornr/status/555570717820215298
random_weighs,http://pbs.twimg.com/profile_images/548222879088009217/faQEwqws_bigger.jpeg,https://twitter.com/random_weighs/status/555500421851398144
purgatoryfmlive,http://pbs.twimg.com/profile_images/481444262647566337/4kwHSxkf_bigger.png,https://twitter.com/purgatoryfmlive/status/555355435050754048
poulpita,http://pbs.twimg.com/profile_images/529285418651766785/sbNftqJ-_bigger.jpeg,https://twitter.com/poulpita/status/554659576893943812
pir8gold,http://pbs.twimg.com/profile_images/440140635043926016/EOY6A8_r_bigger.jpeg,https://twitter.com/pir8gold/status/557301732359692288
pajuarez87,http://pbs.twimg.com/profile_images/545298198634299392/H9_Q_ytr_bigger.jpeg,https://twitter.com/pajuarez87/status/556260976274964480
owdaise,http://pbs.twimg.com/profile_images/554261977183166464/Y5fKDhaN_bigger.jpeg,https://twitter.com/owdaise/status/556115367458660352
ntalka,http://pbs.twimg.com/profile_images/1123661959/me_bigger.jpg,https://twitter.com/ntalka/status/556557106338603009
noamross,http://pbs.twimg.com/profile_images/557246848625172481/n7rj_Ee4_bigger.png,https://twitter.com/noamross/status/555513407953051648
mxs4ever,http://pbs.twimg.com/profile_images/1841426677/IMG_3738_bigger.JPG,https://twitter.com/mxs4ever/status/555513964839178240
mrunswish,http://pbs.twimg.com/profile_images/496827510592897024/EBguiyWm_bigger.jpeg,https://twitter.com/mrunswish/status/557003997236985857
molsipher,http://pbs.twimg.com/profile_images/554732922847375360/pvm4-K66_bigger.jpeg,https://twitter.com/molsipher/status/554773567540559872
mkibuchis_Mzito,http://pbs.twimg.com/profile_images/529682412670681088/PoecRtGt_bigger.jpeg,https://twitter.com/mkibuchis_Mzito/status/555055256011546624
milusil,http://pbs.twimg.com/profile_images/548907490872922112/ci1xk7i8_bigger.jpeg,https://twitter.com/milusil/status/556709937674723328
memoserrano,http://pbs.twimg.com/profile_images/550325366485950464/lzNQ2CSS_bigger.jpeg,https://twitter.com/memoserrano/status/555839934767304705
meliyakharisma,http://pbs.twimg.com/profile_images/554153116145184768/HZwAWpba_bigger.jpeg,https://twitter.com/meliyakharisma/status/555379356067823617
melainna5,http://pbs.twimg.com/profile_images/521875410599284736/6AgetQiu_bigger.jpeg,https://twitter.com/melainna5/status/557064798534660096
marvinhamlisch,http://pbs.twimg.com/profile_images/2524717334/kafxz13okss1h9nazagt_bigger.jpeg,https://twitter.com/marvinhamlisch/status/554718247736467456
magflyxablau,http://pbs.twimg.com/profile_images/542980646616846336/EvUSbG6J_bigger.jpeg,https://twitter.com/magflyxablau/status/555400443963408385
lesly_alamo,http://pbs.twimg.com/profile_images/557357781939130368/biKG5oOS_bigger.jpeg,https://twitter.com/lesly_alamo/status/556558405343916032
lagunas_cano,http://pbs.twimg.com/profile_images/529131909247668224/51C_45Gy_bigger.jpeg,https://twitter.com/lagunas_cano/status/557055022983544832
kyleferrerrr,http://pbs.twimg.com/profile_images/557117322737897473/ZJkOtXjZ_bigger.jpeg,https://twitter.com/kyleferrerrr/status/556617512561827840
kittenftniall,http://pbs.twimg.com/profile_images/557298911165956097/88nFSR8C_bigger.jpeg,https://twitter.com/kittenftniall/status/555599018781196289
keithportilla,http://pbs.twimg.com/profile_images/554682596437676032/pNjRhPq0_bigger.jpeg,https://twitter.com/keithportilla/status/556643141563195393
jonasoviedo5,http://pbs.twimg.com/profile_images/554866267929055233/fyGiTsmP_bigger.jpeg,https://twitter.com/jonasoviedo5/status/557076262930644992
joemozingo,http://pbs.twimg.com/profile_images/479364279494115329/RFXpTh4D_bigger.jpeg,https://twitter.com/joemozingo/status/556502325724844032
jl_gonzalez_v,http://pbs.twimg.com/profile_images/537324951766700033/_LWZWH9I_bigger.jpeg,https://twitter.com/jl_gonzalez_v/status/557035837226246144
jbarro,http://pbs.twimg.com/profile_images/548235543365304320/AKXjttMz_bigger.jpeg,https://twitter.com/jbarro/status/554692671827353601
j_dece,http://pbs.twimg.com/profile_images/556832678431846400/koGNLWNg_bigger.jpeg,https://twitter.com/j_dece/status/555140164419608577
itzEmcheen,http://pbs.twimg.com/profile_images/556443095727104003/AV_CfzPT_bigger.jpeg,https://twitter.com/itzEmcheen/status/555361583313195008
its_yungshegs,http://pbs.twimg.com/profile_images/555844813992759296/603E58DZ_bigger.jpeg,https://twitter.com/its_yungshegs/status/556628186406977536
its_3lvyz,http://pbs.twimg.com/profile_images/508555405476495360/0D6Ro-a5_bigger.jpeg,https://twitter.com/its_3lvyz/status/556628190118965248
inkedup386,http://pbs.twimg.com/profile_images/515056277383151616/6DuKsw12_bigger.jpeg,https://twitter.com/inkedup386/status/555382059347103746
ikonya71,http://pbs.twimg.com/profile_images/542692950585917442/4cJWM-FR_bigger.jpeg,https://twitter.com/ikonya71/status/555242054285287425
iantdonley,http://pbs.twimg.com/profile_images/3597390484/8d1801aba50ac03258e46e943c33c27f_bigger.jpeg,https://twitter.com/iantdonley/status/556491242389766144
hesoyesus,http://pbs.twimg.com/profile_images/556597685596471297/dOvVv27A_bigger.jpeg,https://twitter.com/hesoyesus/status/556160723630698496
herrerapichardo,http://abs.twimg.com/sticky/default_profile_images/default_profile_0_bigger.png,https://twitter.com/herrerapichardo/status/555036346214285312
hannahizepic,http://pbs.twimg.com/profile_images/454188758040985600/_ovfHsrp_bigger.jpeg,https://twitter.com/hannahizepic/status/554995922745061376
giantroot,http://pbs.twimg.com/profile_images/538643998001205248/JYLH_dIL_bigger.jpeg,https://twitter.com/giantroot/status/557067587117268993
galmluana,http://pbs.twimg.com/profile_images/557330845745553409/VykUlPR3_bigger.jpeg,https://twitter.com/galmluana/status/556601171302178816
franciscar209,http://pbs.twimg.com/profile_images/526078681760792576/QIhAvxNx_bigger.jpeg,https://twitter.com/franciscar209/status/554749803947520000
fiksindakriks,http://pbs.twimg.com/profile_images/554094157044514816/qEw9JVxx_bigger.jpeg,https://twitter.com/fiksindakriks/status/556626878346592256
fernandbaptidta,http://pbs.twimg.com/profile_images/511695674543734784/c_zIbtxC_bigger.jpeg,https://twitter.com/fernandbaptidta/status/554753993885634562
estherblonlec,http://pbs.twimg.com/profile_images/502641122418888706/6_l0C5x0_bigger.jpeg,https://twitter.com/estherblonlec/status/556819890997186561
ersle,http://pbs.twimg.com/profile_images/3275572275/a6674b6abfdea7145c8d619924e7637d_bigger.jpeg,https://twitter.com/ersle/status/554901307434102784
ecs95,http://pbs.twimg.com/profile_images/546086798527459329/BFW10noV_bigger.jpeg,https://twitter.com/ecs95/status/555924946820808704
drykacatarine,http://pbs.twimg.com/profile_images/551894056997904384/90QCCeJC_bigger.jpeg,https://twitter.com/drykacatarine/status/556268999550713857
doc_okereke,http://pbs.twimg.com/profile_images/557302554057773057/C0HI3dh4_bigger.jpeg,https://twitter.com/doc_okereke/status/556234629037174785
djmagia,http://pbs.twimg.com/profile_images/979026879/image_bigger.jpg,https://twitter.com/djmagia/status/555052882920472576
diaz62673066,http://pbs.twimg.com/profile_images/556591935326928896/CBFb-pbA_bigger.jpeg,https://twitter.com/diaz62673066/status/556583208100577280
derekpcole,http://pbs.twimg.com/profile_images/540206014222450688/BntAr14p_bigger.jpeg,https://twitter.com/derekpcole/status/556254815630528512
denisse24223937,http://pbs.twimg.com/profile_images/555637162691948544/XG-5fmcl_bigger.jpeg,https://twitter.com/denisse24223937/status/556352971865600000
daveo33,http://pbs.twimg.com/profile_images/501072325048270848/OOsmiZVp_bigger.jpeg,https://twitter.com/daveo33/status/555277657244729344
cucuruchoguate,http://pbs.twimg.com/profile_images/533320953766236160/ogWSkFqT_bigger.jpeg,https://twitter.com/cucuruchoguate/status/555121769057509377
crazylady1109,http://pbs.twimg.com/profile_images/557237393778954240/j7FK4e2Q_bigger.jpeg,https://twitter.com/crazylady1109/status/557237255786352640
cmoore411,http://pbs.twimg.com/profile_images/485651130160918528/CPgJAjIV_bigger.jpeg,https://twitter.com/cmoore411/status/555930410585047040
cirjar,http://abs.twimg.com/sticky/default_profile_images/default_profile_5_bigger.png,https://twitter.com/cirjar/status/557180478424645632
christprophet,http://pbs.twimg.com/profile_images/548182516478517252/ouMHCm2K_bigger.jpeg,https://twitter.com/christprophet/status/555124639442030593
chapoulougne,http://pbs.twimg.com/profile_images/1118422283/guill_pluie_bigger.jpg,https://twitter.com/chapoulougne/status/554660343608520705
carwizrd,http://pbs.twimg.com/profile_images/555842500665954304/FXvENWXN_bigger.jpeg,https://twitter.com/carwizrd/status/557303734339112960
califonia_dream,http://pbs.twimg.com/profile_images/1211648622/___005_bigger.jpg,https://twitter.com/califonia_dream/status/555145014687596544
califonia_daze,http://pbs.twimg.com/profile_images/543858950513643520/F7dkpGF2_bigger.jpeg,https://twitter.com/califonia_daze/status/554697959498317824
caitlanbc1,http://pbs.twimg.com/profile_images/556772736228655105/YQXgM6F7_bigger.jpeg,https://twitter.com/caitlanbc1/status/557193892324724736
bringerblood,http://pbs.twimg.com/profile_images/429644682419650561/ylvOPyDA_bigger.jpeg,https://twitter.com/bringerblood/status/557055948813254656
bitagtweet,http://pbs.twimg.com/profile_images/556026058294587392/PJiahMa3_bigger.jpeg,https://twitter.com/bitagtweet/status/557017499175104513
beeje99,http://pbs.twimg.com/profile_images/505826779031158785/wTC9k_nG_bigger.jpeg,https://twitter.com/beeje99/status/554664563875258368
audreynapoleon,http://pbs.twimg.com/profile_images/530632742732431360/fxVTXkBw_bigger.jpeg,https://twitter.com/audreynapoleon/status/555500860030320640
auctionoffer2dy,http://pbs.twimg.com/profile_images/535585132493549568/PemJf72k_bigger.jpeg,https://twitter.com/auctionoffer2dy/status/555028890402684928
arianneekirkeyy,http://pbs.twimg.com/profile_images/454007478477275137/lqCP5GG__bigger.jpeg,https://twitter.com/arianneekirkeyy/status/555022987511218178
aprilianascott,http://pbs.twimg.com/profile_images/552400385613496320/1w4kU5xx_bigger.jpeg,https://twitter.com/aprilianascott/status/554869017975201792
anuraagkumar,http://pbs.twimg.com/profile_images/3592176282/41701d378795b28e3e8b4a865a493797_bigger.jpeg,https://twitter.com/anuraagkumar/status/556218104221802497
anitapauls,http://pbs.twimg.com/profile_images/530086067009892353/epZWeHMn_bigger.jpeg,https://twitter.com/anitapauls/status/555398469192384512
andyypants,http://pbs.twimg.com/profile_images/378800000450362433/4b3192ba9c28c3e509dc6b6821f37e95_bigger.jpeg,https://twitter.com/andyypants/status/554772700087205888
alghk11,http://pbs.twimg.com/profile_images/534562797602869248/W2HP07ow_bigger.png,https://twitter.com/alghk11/status/557120114839932928
alberto64,http://pbs.twimg.com/profile_images/3679045420/71d47b944e1b875dffbefc98043b8b11_bigger.jpeg,https://twitter.com/alberto64/status/555077026479345664
aSFOTaxiCab,http://pbs.twimg.com/profile_images/417129530436771841/VqnfVzXD_bigger.jpeg,https://twitter.com/aSFOTaxiCab/status/557268351089926145
_neaux_,http://pbs.twimg.com/profile_images/557047984232226817/5vTcrVbj_bigger.jpeg,https://twitter.com/_neaux_/status/555185620180803586
_catspajamas_,http://pbs.twimg.com/profile_images/321050691/storypadCatPajamas_lg_bigger.jpg,https://twitter.com/_catspajamas_/status/557264581073330176
YuzeName,http://pbs.twimg.com/profile_images/553981808195293184/2uWhYPW4_bigger.jpeg,https://twitter.com/YuzeName/status/555607472040181760
X1MEXIsinPRI,http://pbs.twimg.com/profile_images/525876249441218560/gg9mlpDP_bigger.jpeg,https://twitter.com/X1MEXIsinPRI/status/557035241697968128
Wy00n,http://pbs.twimg.com/profile_images/550495252923289601/Xt1uVXGY_bigger.jpeg,https://twitter.com/Wy00n/status/555898815585075203
Wuigne__Yoaxmu,http://pbs.twimg.com/profile_images/539164529171525632/BNXVd2l3_bigger.jpeg,https://twitter.com/Wuigne__Yoaxmu/status/556140857921777664
Wnicholasgomes,http://pbs.twimg.com/profile_images/483958693902303232/SAYNKMK1_bigger.jpeg,https://twitter.com/Wnicholasgomes/status/554694839951175681
Win_hHua,http://pbs.twimg.com/profile_images/556298598812368896/exVFq5Dn_bigger.jpeg,https://twitter.com/Win_hHua/status/555004894701031424
WakeUpLynda,http://pbs.twimg.com/profile_images/552504014697668609/H3GWYioP_bigger.jpeg,https://twitter.com/WakeUpLynda/status/557279576196669444
Voiceof9jathugs,http://pbs.twimg.com/profile_images/378800000423933647/fdad669c9346f509c72161d09ada7dee_bigger.jpeg,https://twitter.com/Voiceof9jathugs/status/556624753759223808
VictorMonsteer,http://pbs.twimg.com/profile_images/413771429860352001/gaIFpo1c_bigger.jpeg,https://twitter.com/VictorMonsteer/status/556455018573094912
Valentine_SGF,http://pbs.twimg.com/profile_images/495859324787621888/gQRYzwGg_bigger.jpeg,https://twitter.com/Valentine_SGF/status/555247058438086656
Vaahnu__Piurgo,http://pbs.twimg.com/profile_images/544022422786027520/o1tWd6Rs_bigger.jpeg,https://twitter.com/Vaahnu__Piurgo/status/555697262811033602
Uso45,http://pbs.twimg.com/profile_images/378800000515685895/41e6a6088351b9fa7d2c6a04ef4979b5_bigger.jpeg,https://twitter.com/Uso45/status/554729481932668929
UnionSquareShop,http://pbs.twimg.com/profile_images/1685976016/twitter_square_bigger.jpg,https://twitter.com/UnionSquareShop/status/557206771409096705
Twinsgistmag,http://pbs.twimg.com/profile_images/541292991902912512/z_qX-QKq_bigger.jpeg,https://twitter.com/Twinsgistmag/status/556621506499719169
TimeOutNewYork,http://pbs.twimg.com/profile_images/534582454628016128/VHDRLU19_bigger.png,https://twitter.com/TimeOutNewYork/status/555112352866377729
ThiagoNut,http://pbs.twimg.com/profile_images/509515720753823744/kyVOxjwx_bigger.jpeg,https://twitter.com/ThiagoNut/status/555881254491389953
TheSteveLoftus,http://pbs.twimg.com/profile_images/423985116478586880/nFqhsGT2_bigger.jpeg,https://twitter.com/TheSteveLoftus/status/555542594764029952
TheSourceSmJazz,http://pbs.twimg.com/profile_images/3136461830/5ee949004d6fa75274ff7b8eea9d3c6b_bigger.jpeg,https://twitter.com/TheSourceSmJazz/status/555582218362707969
TayLorensium24,http://pbs.twimg.com/profile_images/552057637341102080/__mzdQ-2_bigger.jpeg,https://twitter.com/TayLorensium24/status/556406770218704897
TMarkusTucker,http://pbs.twimg.com/profile_images/554707966394654721/j4Lj3aJb_bigger.jpeg,https://twitter.com/TMarkusTucker/status/555179975318700032
TDSbrettkelman,http://pbs.twimg.com/profile_images/3292620363/bd29c1597b3ccd6863f8930ad2c238a1_bigger.jpeg,https://twitter.com/TDSbrettkelman/status/554696574199402496
TBaria,http://pbs.twimg.com/profile_images/270704283/DSCN2464_bigger.JPG,https://twitter.com/TBaria/status/555097711343841281
SyidinSikma,http://pbs.twimg.com/profile_images/540725172211154944/Op7nSvD__bigger.jpeg,https://twitter.com/SyidinSikma/status/556824448947343360
Suulqe__Meazle,http://pbs.twimg.com/profile_images/536257411942596609/WSw_pzWk_bigger.jpeg,https://twitter.com/Suulqe__Meazle/status/555762877378740225
SurfCityWriter,http://pbs.twimg.com/profile_images/2185135072/Historic_Huntington_-_bikes_with_red_tires_2012_bigger.jpg,https://twitter.com/SurfCityWriter/status/556959578462507008
Southern_Muscle,http://pbs.twimg.com/profile_images/1102210974/SouthernMuscle_Logo_bigger.jpg,https://twitter.com/Southern_Muscle/status/554908524665249794
SittikornC,http://pbs.twimg.com/profile_images/491637709346070530/c61PzQPG_bigger.jpeg,https://twitter.com/SittikornC/status/556605757295439873
Shimniss,http://pbs.twimg.com/profile_images/555334486733225984/HW9d8HNd_bigger.jpeg,https://twitter.com/Shimniss/status/555734427540529155
SethRudetsky,http://pbs.twimg.com/profile_images/525379833551785984/PeFqBz4B_bigger.jpeg,https://twitter.com/SethRudetsky/status/554726741445722112
SeniseMauro,http://pbs.twimg.com/profile_images/492001162665537536/StWtWhAA_bigger.jpeg,https://twitter.com/SeniseMauro/status/554759735271247872
SandraLuzAguirr,http://pbs.twimg.com/profile_images/553384023515348993/qp7vuPiB_bigger.jpeg,https://twitter.com/SandraLuzAguirr/status/555926895775059969
SUPBRASILSHOP,http://pbs.twimg.com/profile_images/3565626449/031b0504e94780ae9aa4bf9e2d6c218f_bigger.jpeg,https://twitter.com/SUPBRASILSHOP/status/555473873471569920
SACoGoing,http://pbs.twimg.com/profile_images/3158332473/0fc3d3137c6176116406f5be40b3de0c_bigger.jpeg,https://twitter.com/SACoGoing/status/557308156598964224
Roohpo__Keipce,http://pbs.twimg.com/profile_images/539523797926154241/aNFatUlu_bigger.jpeg,https://twitter.com/Roohpo__Keipce/status/555807941257748480
Rhicsracine,http://pbs.twimg.com/profile_images/450815342433275905/2GyEv5MX_bigger.jpeg,https://twitter.com/Rhicsracine/status/557062962343849984
RenatoMiura,http://pbs.twimg.com/profile_images/467357322818240512/TTRevB2B_bigger.jpeg,https://twitter.com/RenatoMiura/status/555912161286189056
RemyBreant,http://pbs.twimg.com/profile_images/487211289887113216/8QnE5KPz_bigger.jpeg,https://twitter.com/RemyBreant/status/556953179535851520
RePeat_,http://pbs.twimg.com/profile_images/1401076068/5_bigger.jpg,https://twitter.com/RePeat_/status/555115455690457089
Rancore202,http://pbs.twimg.com/profile_images/550541642042572800/3yOoOQtI_bigger.png,https://twitter.com/Rancore202/status/555586984144412672
RTV8Nu,http://pbs.twimg.com/profile_images/378800000514516761/dc3e34d08980fd2527d1805afaf59cf6_bigger.png,https://twitter.com/RTV8Nu/status/555749018836684800
Puutqu__Roibjo,http://pbs.twimg.com/profile_images/536579641016737792/Ppw57cP0_bigger.jpeg,https://twitter.com/Puutqu__Roibjo/status/555807175130353664
PunkRockAlt,http://pbs.twimg.com/profile_images/555104646780710912/lVVm8NV3_bigger.jpeg,https://twitter.com/PunkRockAlt/status/555103259053268992
Puixti__Riuncu,http://pbs.twimg.com/profile_images/539435302809399296/HMRquhhQ_bigger.jpeg,https://twitter.com/Puixti__Riuncu/status/556070350547480576
Peaclovjoymercy,http://pbs.twimg.com/profile_images/550250913471160320/ryCP5apa_bigger.jpeg,https://twitter.com/Peaclovjoymercy/status/555924762485334017
Paigegh_,http://pbs.twimg.com/profile_images/554706112415809541/eAHGrX3H_bigger.jpeg,https://twitter.com/Paigegh_/status/556190676883632128
POLIGON1963,http://pbs.twimg.com/profile_images/2161232084/EKGGA_bigger.png,https://twitter.com/POLIGON1963/status/555590221329219584
PAULY_CARP,http://pbs.twimg.com/profile_images/531211457493356544/2TnCS9B2_bigger.jpeg,https://twitter.com/PAULY_CARP/status/555782006077136896
OVOZUZ,http://pbs.twimg.com/profile_images/557255411792109569/Zsun2IFt_bigger.jpeg,https://twitter.com/OVOZUZ/status/555142169666015233
NikooAndreani,http://pbs.twimg.com/profile_images/494842090518757376/ck-Jx53m_bigger.jpeg,https://twitter.com/NikooAndreani/status/557338059600297986
NicoJuarezFOB,http://pbs.twimg.com/profile_images/554782045302693888/ypr5ZmGb_bigger.jpeg,https://twitter.com/NicoJuarezFOB/status/555070013301080064
Nicholeallen232,http://pbs.twimg.com/profile_images/555175277643313153/iU8DUO5n_bigger.jpeg,https://twitter.com/Nicholeallen232/status/556390403826798593
Neezpe__Baesda,http://pbs.twimg.com/profile_images/536865329184382976/Kui0HLum_bigger.jpeg,https://twitter.com/Neezpe__Baesda/status/555773095793786882
MoonPieHoran,http://pbs.twimg.com/profile_images/557299620447940608/-B692ncA_bigger.jpeg,https://twitter.com/MoonPieHoran/status/557048107393765376
MomsieFansie,http://pbs.twimg.com/profile_images/542474295377534976/gsdXWXhY_bigger.jpeg,https://twitter.com/MomsieFansie/status/554730361868267525
MokuaWisley,http://pbs.twimg.com/profile_images/531360191263297536/C2QE-oKB_bigger.jpeg,https://twitter.com/MokuaWisley/status/556038550203154432
MisterAK47,http://pbs.twimg.com/profile_images/3560741336/805d349671089eea1e39bf480853d99a_bigger.png,https://twitter.com/MisterAK47/status/556590763589378048
Miritacruz,http://pbs.twimg.com/profile_images/2590790229/image_bigger.jpg,https://twitter.com/Miritacruz/status/555837708523044865
Master2Super,http://abs.twimg.com/sticky/default_profile_images/default_profile_2_bigger.png,https://twitter.com/Master2Super/status/557040294907346945
MaryJDavis007,http://pbs.twimg.com/profile_images/464781783759093761/dYahi5E3_bigger.jpeg,https://twitter.com/MaryJDavis007/status/554792512217686016
MartiniGabe,http://pbs.twimg.com/profile_images/556974000182931456/EbwRxqcW_bigger.jpeg,https://twitter.com/MartiniGabe/status/555989794204188672
Maroon5Land,http://pbs.twimg.com/profile_images/552890173902438400/7s8YwA3W_bigger.png,https://twitter.com/Maroon5Land/status/555678904724107265
MarjaenKo,http://pbs.twimg.com/profile_images/478835671294296064/ovAMyDP-_bigger.jpeg,https://twitter.com/MarjaenKo/status/556938155451244544
MariyaKrasnova2,http://pbs.twimg.com/profile_images/3536698732/642d9cf2707a00b72d81c1c5016b5f6a_bigger.jpeg,https://twitter.com/MariyaKrasnova2/status/554638158605062144
M87galaxy,http://pbs.twimg.com/profile_images/1351493242/WHAT_S_HAPPENING_cropped_bigger.jpg,https://twitter.com/M87galaxy/status/556367620748738561
LuisBoomin,http://pbs.twimg.com/profile_images/548367716885999616/CXsVevav_bigger.jpeg,https://twitter.com/LuisBoomin/status/555928746445012992
LucasKiserian,http://pbs.twimg.com/profile_images/532186028237283329/xeuIm4_k_bigger.jpeg,https://twitter.com/LucasKiserian/status/556163390050037760
Lovisabard,http://pbs.twimg.com/profile_images/442703868586385408/0OgRo6ML_bigger.jpeg,https://twitter.com/Lovisabard/status/554768924127281152
LibraXsque,http://pbs.twimg.com/profile_images/2305668820/95091998_97eaa40d46_bigger.jpg,https://twitter.com/LibraXsque/status/557013061244964864
Leo_Rad,http://pbs.twimg.com/profile_images/556904992423309315/Apkwcs28_bigger.jpeg,https://twitter.com/Leo_Rad/status/557081200893108225
LadyValyTV,http://pbs.twimg.com/profile_images/1305168297/LADY_VALY_smaller_bigger.jpg,https://twitter.com/LadyValyTV/status/555738122412388352
KoolMoeDeep,http://pbs.twimg.com/profile_images/482221567686868993/My2I-3fv_bigger.jpeg,https://twitter.com/KoolMoeDeep/status/555113094566137858
KingGlutenFree,http://pbs.twimg.com/profile_images/378800000078685049/38f0d4c2901ea2b01fb968976187e424_bigger.jpeg,https://twitter.com/KingGlutenFree/status/555023945079205888
KatyCat_Spain,http://pbs.twimg.com/profile_images/551412424214347779/XrzPKl1O_bigger.jpeg,https://twitter.com/KatyCat_Spain/status/555813740185399296
KarenOcamb,http://pbs.twimg.com/profile_images/552314496807497728/MHK56K2S_bigger.jpeg,https://twitter.com/KarenOcamb/status/554708878567292928
JoweeO,http://pbs.twimg.com/profile_images/552462480677408768/mdhclF-F_bigger.jpeg,https://twitter.com/JoweeO/status/556855100522897408
JorgeUgalde100,http://pbs.twimg.com/profile_images/486169685323288576/s620NQeL_bigger.jpeg,https://twitter.com/JorgeUgalde100/status/556980544341569537
JorgeTribaldos,http://pbs.twimg.com/profile_images/547026122702323713/VZlignnD_bigger.jpeg,https://twitter.com/JorgeTribaldos/status/555500695450058753
JimmyVegasLife,http://pbs.twimg.com/profile_images/530560485939085312/OLZ-qrvT_bigger.jpeg,https://twitter.com/JimmyVegasLife/status/555279846436536320
JewcciMane,http://pbs.twimg.com/profile_images/538338439947894784/PvYH3rer_bigger.jpeg,https://twitter.com/JewcciMane/status/555443269015199745
JapLyrics,http://pbs.twimg.com/profile_images/3769491841/e92818eaa2416520421256b294adfa8d_bigger.jpeg,https://twitter.com/JapLyrics/status/555023977525936129
JRoger777,http://pbs.twimg.com/profile_images/532588823016767488/j6UuZK_4_bigger.jpeg,https://twitter.com/JRoger777/status/557302882891227136
JJMallz,http://pbs.twimg.com/profile_images/553945787378331648/FAnlDZxn_bigger.jpeg,https://twitter.com/JJMallz/status/556668402585329664
JBlock49,http://pbs.twimg.com/profile_images/547648444949876736/laOSdTB__bigger.jpeg,https://twitter.com/JBlock49/status/556959534691155968
Hype,http://pbs.twimg.com/profile_images/549438826624454656/RnsEBfXO_bigger.jpeg,https://twitter.com/Hype/status/555791369235480576
Hal_zr,http://abs.twimg.com/sticky/default_profile_images/default_profile_5_bigger.png,https://twitter.com/Hal_zr/status/557039219361976320
HFLAnimals,http://pbs.twimg.com/profile_images/629909674/hfllogo_bigger.gif,https://twitter.com/HFLAnimals/status/554853541584850946
Gunnar56,http://pbs.twimg.com/profile_images/3698754246/e99fd6d2676cedda10f88bed0632a21a_bigger.jpeg,https://twitter.com/Gunnar56/status/556872806328463364
GrungeBoyy,http://pbs.twimg.com/profile_images/548956711709470720/vHzZKMKi_bigger.jpeg,https://twitter.com/GrungeBoyy/status/555187146446090240
GreatBuyitnowP,http://pbs.twimg.com/profile_images/521033502951608320/exf39nAq_bigger.jpeg,https://twitter.com/GreatBuyitnowP/status/555029919882039296
GothenDT,http://pbs.twimg.com/profile_images/555743397143535617/dALCYUDh_bigger.jpeg,https://twitter.com/GothenDT/status/556877705355223042
Gorgeous_Tatee,http://pbs.twimg.com/profile_images/3646603645/2221c75232a6b63a95ba47f5f48aa0c8_bigger.jpeg,https://twitter.com/Gorgeous_Tatee/status/555934643636035584
GoldBarSale,http://pbs.twimg.com/profile_images/378800000655495042/d88fa54472c2c970fd0738890f5323cd_bigger.jpeg,https://twitter.com/GoldBarSale/status/554735473915330560
GirlScoutsSGC,http://pbs.twimg.com/profile_images/1846640124/gslogo_bigger.jpg,https://twitter.com/GirlScoutsSGC/status/556169830454145024
GidiweatherEko,http://pbs.twimg.com/profile_images/378800000581793141/94dfdc38cf07ce5764a4603488c6595d_bigger.jpeg,https://twitter.com/GidiweatherEko/status/555724210447089666
Gidi_Traffic,http://pbs.twimg.com/profile_images/556328485510451200/tDo62ccQ_bigger.jpeg,https://twitter.com/Gidi_Traffic/status/555723586733105153
GSjr777,http://pbs.twimg.com/profile_images/548508124806516737/dtDdzyOm_bigger.jpeg,https://twitter.com/GSjr777/status/556197799725789184
FloeOnTheBeat,http://pbs.twimg.com/profile_images/3515183027/9cb9ba6e0865c411d7704c60c2e72549_bigger.jpeg,https://twitter.com/FloeOnTheBeat/status/555195873404395520
ElenaNosyreva1,http://pbs.twimg.com/profile_images/464634800830050304/Z2FUV3n5_bigger.jpeg,https://twitter.com/ElenaNosyreva1/status/556655339991756801
EfinG94,http://pbs.twimg.com/profile_images/498097709924884483/w8JogRsW_bigger.jpeg,https://twitter.com/EfinG94/status/556063075078402050
EcoKleanCarz,http://pbs.twimg.com/profile_images/1483513265/ECO-Klean-logo_bigger.jpg,https://twitter.com/EcoKleanCarz/status/555929971345338368
DuhKojiHoda995,http://pbs.twimg.com/profile_images/556593320500015107/ulMEJQSx_bigger.jpeg,https://twitter.com/DuhKojiHoda995/status/555024671884972032
Doubllcupshawty,http://pbs.twimg.com/profile_images/502363181272936448/7DBUT5U-_bigger.jpeg,https://twitter.com/Doubllcupshawty/status/556190938662322177
DoeeeJaneee,http://pbs.twimg.com/profile_images/550434897295601665/KXF_81Ie_bigger.jpeg,https://twitter.com/DoeeeJaneee/status/555093416900833280
DherickHalili,http://pbs.twimg.com/profile_images/550985590712197120/YZS4ZhiX_bigger.jpeg,https://twitter.com/DherickHalili/status/555332532481163264
DeionSlanders29,http://pbs.twimg.com/profile_images/555506560978665472/d8aWMfKR_bigger.jpeg,https://twitter.com/DeionSlanders29/status/554776976297570304
DavidOrosco805,http://pbs.twimg.com/profile_images/378800000092993940/4e9609cb71a92d3091a23d5e5f98ea03_bigger.jpeg,https://twitter.com/DavidOrosco805/status/556284462972293120
Daehje__Teusda,http://pbs.twimg.com/profile_images/536181529093754880/-cegqmpV_bigger.jpeg,https://twitter.com/Daehje__Teusda/status/556216388004503552
DJMANNY1200,http://pbs.twimg.com/profile_images/550135772222066688/qcRmcQRc_bigger.jpeg,https://twitter.com/DJMANNY1200/status/555460229496717313
DJHURRICANEP,http://pbs.twimg.com/profile_images/548362312143605760/FGx1oVu0_bigger.jpeg,https://twitter.com/DJHURRICANEP/status/557234620073517056
CorkFloor,http://pbs.twimg.com/profile_images/299827611/tileswcorksWebsm_bigger.jpg,https://twitter.com/CorkFloor/status/555086113451540481
CollegeScenes,http://pbs.twimg.com/profile_images/452950324500635649/W3lh9NTR_bigger.jpeg,https://twitter.com/CollegeScenes/status/556595429639741441
Ccfp2014,http://pbs.twimg.com/profile_images/503794624469532672/hioHySJs_bigger.jpeg,https://twitter.com/Ccfp2014/status/556893087738257408
CarlaMays,http://pbs.twimg.com/profile_images/481550963145048064/VF5Bvwm0_bigger.jpeg,https://twitter.com/CarlaMays/status/555206832742871040
CaliforniaVolks,http://pbs.twimg.com/profile_images/1468477496/volks_bigger.jpg,https://twitter.com/CaliforniaVolks/status/557212423737065472
CV_Scanner,http://pbs.twimg.com/profile_images/480512235274371072/aCjDff6g_bigger.jpeg,https://twitter.com/CV_Scanner/status/554697258739191808
BlogTweetFeed,http://pbs.twimg.com/profile_images/444559193979113472/Lbwu0-sx_bigger.jpeg,https://twitter.com/BlogTweetFeed/status/556628156606476291
Bifflawson,http://pbs.twimg.com/profile_images/551998600088399872/bCovhA-__bigger.jpeg,https://twitter.com/Bifflawson/status/555440574577532929
Beautyskinall,http://pbs.twimg.com/profile_images/556824216591269889/QU3Ujfir_bigger.jpeg,https://twitter.com/Beautyskinall/status/557030315193933824
Badboiace,http://pbs.twimg.com/profile_images/556494494808686593/bNQ0bGRC_bigger.jpeg,https://twitter.com/Badboiace/status/555701895114031104
BENZOHOLlCSZ,http://pbs.twimg.com/profile_images/555475292643262465/_ePZMK1F_bigger.jpeg,https://twitter.com/BENZOHOLlCSZ/status/555523809168875521
Austynzogs,http://pbs.twimg.com/profile_images/2437972889/fp0a044mxoiozodyt36y_bigger.jpeg,https://twitter.com/Austynzogs/status/555722539675451392
AtieraJ,http://pbs.twimg.com/profile_images/504434913077379073/KJv4HUw8_bigger.jpeg,https://twitter.com/AtieraJ/status/554766310668632064
Anjuhchang,http://pbs.twimg.com/profile_images/495415542539624448/J-z5Y_AA_bigger.jpeg,https://twitter.com/Anjuhchang/status/556351937613135872
AndresSuitaSant,http://pbs.twimg.com/profile_images/540628306899779584/96o0qsea_bigger.jpeg,https://twitter.com/AndresSuitaSant/status/556261146383368194
AnastasiaShie13,http://pbs.twimg.com/profile_images/552207178766254080/jqWGTovh_bigger.jpeg,https://twitter.com/AnastasiaShie13/status/555074691329982464
AmranGeelo,http://pbs.twimg.com/profile_images/551881008560488448/62_r3zve_bigger.jpeg,https://twitter.com/AmranGeelo/status/556033672638652416
AllanMorriv,http://pbs.twimg.com/profile_images/520795714859720704/ilhabNtL_bigger.jpeg,https://twitter.com/AllanMorriv/status/557035389421387778
Agradecidopech,http://pbs.twimg.com/profile_images/2999051885/f0c6f3c9d26ab618ebd4d3845409bc2e_bigger.jpeg,https://twitter.com/Agradecidopech/status/557057737704898560
AdorationServe,http://pbs.twimg.com/profile_images/492862379177177088/ndFqpXoj_bigger.jpeg,https://twitter.com/AdorationServe/status/555421860586733568
Abbas_Hadjian,http://pbs.twimg.com/profile_images/1201922028/Abbas_Hadjian_bigger.jpg,https://twitter.com/Abbas_Hadjian/status/556895364213518336
AaronJBach,http://pbs.twimg.com/profile_images/500767380302475265/VXol7udr_bigger.jpeg,https://twitter.com/AaronJBach/status/555558355209838593
ARCHIABYSSNIYA,http://pbs.twimg.com/profile_images/3513417035/9184a2f348a0ac8ec389644b5cd44d5f_bigger.jpeg,https://twitter.com/ARCHIABYSSNIYA/status/556002928079548417
5Sensen,http://pbs.twimg.com/profile_images/545541062622588930/JPbuyLzp_bigger.jpeg,https://twitter.com/5Sensen/status/557030883702501376
14Arget,http://pbs.twimg.com/profile_images/557409967083646976/zgvkCUf__bigger.jpeg,https://twitter.com/14Arget/status/557273703453843458
