zereya1,http://pbs.twimg.com/profile_images/545957099054694400/KykX0u1x_bigger.jpeg,https://twitter.com/zereya1/status/555745499509428224
ymr0407,http://pbs.twimg.com/profile_images/542394441818861569/6F8EEU0f_bigger.jpeg,https://twitter.com/ymr0407/status/556462748612046851
woodstimes,http://pbs.twimg.com/profile_images/517020984516161536/ZUxE0BU-_bigger.png,https://twitter.com/woodstimes/status/555979333165400066
vjy_raj,http://pbs.twimg.com/profile_images/556474282960625664/L74AfS_b_bigger.jpeg,https://twitter.com/vjy_raj/status/557133529994113024
vishwatejakumar,http://pbs.twimg.com/profile_images/534723842501931008/EFIW3B5A_bigger.jpeg,https://twitter.com/vishwatejakumar/status/555590527312461824
vishwakandala,http://pbs.twimg.com/profile_images/557419423451979777/eMF1ArZ-_bigger.jpeg,https://twitter.com/vishwakandala/status/555617470329798656
vijaysuhith,http://pbs.twimg.com/profile_images/556739094881902592/PLj2jgaa_bigger.jpeg,https://twitter.com/vijaysuhith/status/556130695999787008
vermaaakash10,http://pbs.twimg.com/profile_images/556734432510345217/ItWqkjh4_bigger.jpeg,https://twitter.com/vermaaakash10/status/556399428324425729
venkatmkr,http://pbs.twimg.com/profile_images/556079883164475392/S1RPBxKG_bigger.jpeg,https://twitter.com/venkatmkr/status/555660877924298752
venkatch9,http://pbs.twimg.com/profile_images/539302017051545600/0GqPESOe_bigger.jpeg,https://twitter.com/venkatch9/status/555723110851170305
venkataram007,http://pbs.twimg.com/profile_images/538287422383992832/JDrg2cfi_bigger.jpeg,https://twitter.com/venkataram007/status/556100390521827329
veerutherocker,http://abs.twimg.com/sticky/default_profile_images/default_profile_2_bigger.png,https://twitter.com/veerutherocker/status/556095865442426883
veerunaidu,http://pbs.twimg.com/profile_images/557153152261054465/qVL9vvwU_bigger.jpeg,https://twitter.com/veerunaidu/status/557135810592382976
vasudev760,http://pbs.twimg.com/profile_images/509379818987610112/VQ6em1Hv_bigger.jpeg,https://twitter.com/vasudev760/status/556051165297659904
varun_506,http://pbs.twimg.com/profile_images/553934296314941440/68pHrjX7_bigger.jpeg,https://twitter.com/varun_506/status/555659336886677504
varunSrkian,http://pbs.twimg.com/profile_images/546525673804673026/66Ve1z2V_bigger.jpeg,https://twitter.com/varunSrkian/status/555675087928442880
vamsi_miracle,http://pbs.twimg.com/profile_images/554352203490553856/JyPJC9P9_bigger.jpeg,https://twitter.com/vamsi_miracle/status/554948124842545152
vaasu_,http://pbs.twimg.com/profile_images/556517484522504192/mVqkN9TV_bigger.jpeg,https://twitter.com/vaasu_/status/555272829264879616
urstrulymanoj,http://pbs.twimg.com/profile_images/378800000730808784/d825cd75fc1e603bbe3e4fa8a6c33fca_bigger.jpeg,https://twitter.com/urstrulymanoj/status/555756943432634368
urstrulykiranz,http://abs.twimg.com/sticky/default_profile_images/default_profile_3_bigger.png,https://twitter.com/urstrulykiranz/status/555048825568501762
urstrulygandhi,http://pbs.twimg.com/profile_images/543403594444062720/tut484BE_bigger.jpeg,https://twitter.com/urstrulygandhi/status/556485144513871872
urstrulyajy,http://pbs.twimg.com/profile_images/498354311781294081/H7d0hAOY_bigger.jpeg,https://twitter.com/urstrulyajy/status/554892256801341440
urstruly_gautam,http://pbs.twimg.com/profile_images/538694462679957505/f1Yan162_bigger.jpeg,https://twitter.com/urstruly_gautam/status/555353039851094016
urstrulyShiva1,http://pbs.twimg.com/profile_images/552689704693288962/JVdvtcrh_bigger.jpeg,https://twitter.com/urstrulyShiva1/status/556072912768081921
urstrulySSMB,http://pbs.twimg.com/profile_images/551591088201269248/7RKO1_GD_bigger.jpeg,https://twitter.com/urstrulySSMB/status/555353040069197825
urstrulyMahesh7,http://pbs.twimg.com/profile_images/513697904985272321/q1dvGkrj_bigger.jpeg,https://twitter.com/urstrulyMahesh7/status/554890970697719808
urstrulyMahe5h,http://pbs.twimg.com/profile_images/557221765118570496/wERklQLy_bigger.jpeg,https://twitter.com/urstrulyMahe5h/status/555972227275829248
urstruelydinesh,http://pbs.twimg.com/profile_images/554669581424271360/k5hNm3E6_bigger.jpeg,https://twitter.com/urstruelydinesh/status/555712992096964609
ursharishsai,http://pbs.twimg.com/profile_images/507914101188608001/81fV7ZDa_bigger.jpeg,https://twitter.com/ursharishsai/status/556734143967420416
untrustely,http://pbs.twimg.com/profile_images/527359271294349312/XEYgzSlh_bigger.jpeg,https://twitter.com/untrustely/status/555753873684459522
uncanny_sk,http://pbs.twimg.com/profile_images/556576948286013440/zhsLNId9_bigger.jpeg,https://twitter.com/uncanny_sk/status/556573230325313536
tweeter4Mahi,http://pbs.twimg.com/profile_images/539804436244078592/SqnI5S3w_bigger.jpeg,https://twitter.com/tweeter4Mahi/status/557157046634565632
tumbri1734,http://pbs.twimg.com/profile_images/546283870794940416/xk4kqLg2_bigger.png,https://twitter.com/tumbri1734/status/556013301998424066
tucklus007,http://pbs.twimg.com/profile_images/462452805647605760/QZvkerUC_bigger.jpeg,https://twitter.com/tucklus007/status/555066310896267265
tripti190293,http://pbs.twimg.com/profile_images/515406045011660800/NUQUBZzv_bigger.jpeg,https://twitter.com/tripti190293/status/557230380143489024
tollywoodlover,http://pbs.twimg.com/profile_images/551437701283463168/4xbkO_Up_bigger.jpeg,https://twitter.com/tollywoodlover/status/555628527035244544
tollywood,http://pbs.twimg.com/profile_images/424352475273904128/PnigqbnX_bigger.jpeg,https://twitter.com/tollywood/status/554945064695513088
tollyreel,http://pbs.twimg.com/profile_images/553209084531331072/jGezx7E4_bigger.jpeg,https://twitter.com/tollyreel/status/556049302049792000
tintububbly,http://pbs.twimg.com/profile_images/552804994538156032/-oaZ5CWq_bigger.jpeg,https://twitter.com/tintububbly/status/555373824670048257
thiszdileep2,http://pbs.twimg.com/profile_images/556507345501425664/t55HWcwJ_bigger.jpeg,https://twitter.com/thiszdileep2/status/556020384135254016
thatsTelugu,http://pbs.twimg.com/profile_images/1246035065/oneindiatelugu-twitter_bigger.jpg,https://twitter.com/thatsTelugu/status/556769646267731968
tamilstar,http://pbs.twimg.com/profile_images/443001703382536193/sKsSsOVH_bigger.jpeg,https://twitter.com/tamilstar/status/557197656624467968
sweetySpandhana,http://pbs.twimg.com/profile_images/557405343546748928/vD37RjF5_bigger.jpeg,https://twitter.com/sweetySpandhana/status/557443887719936000
svuyyur,http://pbs.twimg.com/profile_images/557164275999858689/fkzF6RMc_bigger.jpeg,https://twitter.com/svuyyur/status/556072752096878592
surajreddy98,http://pbs.twimg.com/profile_images/544053960584077312/-lozKgCl_bigger.jpeg,https://twitter.com/surajreddy98/status/554855469496291328
supriya_605,http://pbs.twimg.com/profile_images/539783221668347904/ZeDnQp89_bigger.jpeg,https://twitter.com/supriya_605/status/555422838296174592
supersampangi,http://pbs.twimg.com/profile_images/524617816754757632/p3wyt5tv_bigger.jpeg,https://twitter.com/supersampangi/status/556256364050526208
superfan_mahesh,http://pbs.twimg.com/profile_images/552522253221367808/ck5mu74Q_bigger.jpeg,https://twitter.com/superfan_mahesh/status/557161425420812288
sudhakarr_ch,http://pbs.twimg.com/profile_images/506847880556978177/mHFQ79gk_bigger.jpeg,https://twitter.com/sudhakarr_ch/status/556493499869057024
stylishrafi,http://pbs.twimg.com/profile_images/1741383912/businessman-a-certificate30_bigger.jpg,https://twitter.com/stylishrafi/status/556055087395524609
ssmb_fan,http://pbs.twimg.com/profile_images/549982701713752064/6L3LApz__bigger.jpeg,https://twitter.com/ssmb_fan/status/554974145230811136
srykrish,http://pbs.twimg.com/profile_images/551392884964851713/8FWQCfbV_bigger.jpeg,https://twitter.com/srykrish/status/555646962083459073
sriramForU,http://pbs.twimg.com/profile_images/530355966349287426/ChkSdLSS_bigger.jpeg,https://twitter.com/sriramForU/status/556453959095693312
sridweep,http://pbs.twimg.com/profile_images/2809906724/a11ce00479ee44d33f04efa844f0c7b5_bigger.png,https://twitter.com/sridweep/status/556839775643000832
sreeramtej,http://pbs.twimg.com/profile_images/556988605541806082/yjBF4VO2_bigger.jpeg,https://twitter.com/sreeramtej/status/556046877359996929
sree926,http://pbs.twimg.com/profile_images/552846101204983808/PbnIbTZB_bigger.jpeg,https://twitter.com/sree926/status/555063745589018624
sravanth_sai,http://pbs.twimg.com/profile_images/556716672501817344/X11B5YgK_bigger.jpeg,https://twitter.com/sravanth_sai/status/555664545612435456
southie_in,http://pbs.twimg.com/profile_images/492532390137311232/d1joU713_bigger.png,https://twitter.com/southie_in/status/555696909453500416
soushish,http://pbs.twimg.com/profile_images/505325516996349952/3c7pZjWe_bigger.jpeg,https://twitter.com/soushish/status/557192131593256960
shekarrules,http://pbs.twimg.com/profile_images/550072348892987393/eokX0on5_bigger.jpeg,https://twitter.com/shekarrules/status/557412497775681536
shashik656,http://pbs.twimg.com/profile_images/2115130200/20111019_83944600_bigger.jpg,https://twitter.com/shashik656/status/557200218211373056
sharathpalle94,http://pbs.twimg.com/profile_images/534681550441312256/XSPMqX3a_bigger.jpeg,https://twitter.com/sharathpalle94/status/555345292376035328
shalimarcinema,http://pbs.twimg.com/profile_images/495215213667315712/JI_EPQ5-_bigger.jpeg,https://twitter.com/shalimarcinema/status/556156942490419201
shaiks31,http://pbs.twimg.com/profile_images/423324605604831232/YRehbR76_bigger.jpeg,https://twitter.com/shaiks31/status/555269946515537921
screddy50,http://pbs.twimg.com/profile_images/538267758828351488/lP92lrfg_bigger.jpeg,https://twitter.com/screddy50/status/556478844010389504
satyakumarkonda,http://pbs.twimg.com/profile_images/552413345207177216/eY5p3jH3_bigger.jpeg,https://twitter.com/satyakumarkonda/status/556129535637610496
satyaaprince,http://pbs.twimg.com/profile_images/538730424537608194/Zr2K5PFU_bigger.jpeg,https://twitter.com/satyaaprince/status/557236122774806528
sarathrebel,http://pbs.twimg.com/profile_images/557404176909496320/Lem8qb5l_bigger.jpeg,https://twitter.com/sarathrebel/status/556151588306550784
santu4u456,http://pbs.twimg.com/profile_images/432646699631132672/k6BZ63QG_bigger.jpeg,https://twitter.com/santu4u456/status/555629463648485376
sanju_official,http://pbs.twimg.com/profile_images/553517349530128384/O0ootO9R_bigger.jpeg,https://twitter.com/sanju_official/status/555718030265565184
sanjayprincefan,http://pbs.twimg.com/profile_images/556593430894104576/lAIIHU1o_bigger.jpeg,https://twitter.com/sanjayprincefan/status/556013305081245696
sanjaynandha786,http://pbs.twimg.com/profile_images/538324123147976705/PCI7yZHl_bigger.png,https://twitter.com/sanjaynandha786/status/555766842237542400
sanishasunny,http://pbs.twimg.com/profile_images/511799534611992576/ihvNnnT__bigger.jpeg,https://twitter.com/sanishasunny/status/555665025268867073
sandeepreddy789,http://pbs.twimg.com/profile_images/555305264455237633/uHnTqCcX_bigger.jpeg,https://twitter.com/sandeepreddy789/status/557050400532992000
sandeep_gadde,http://pbs.twimg.com/profile_images/555470125248155648/z5DLETXe_bigger.jpeg,https://twitter.com/sandeep_gadde/status/557157168542003200
sajithasuresh,http://pbs.twimg.com/profile_images/551657871134298112/nVUXV-yb_bigger.jpeg,https://twitter.com/sajithasuresh/status/556155050074968064
saivarunn9,http://pbs.twimg.com/profile_images/553971143825051648/PDuExV3X_bigger.jpeg,https://twitter.com/saivarunn9/status/556028756398059520
saitejathogiti,http://pbs.twimg.com/profile_images/506094465967075328/_MlM-FmN_bigger.jpeg,https://twitter.com/saitejathogiti/status/556768327465332737
sai_forever,http://pbs.twimg.com/profile_images/554264007104667648/m6AttiqZ_bigger.jpeg,https://twitter.com/sai_forever/status/556443975683284992
sai_crlover,http://pbs.twimg.com/profile_images/544904344034746368/25YRl9pk_bigger.jpeg,https://twitter.com/sai_crlover/status/556000954231709696
sadhasivaraj,http://pbs.twimg.com/profile_images/557205843406372865/X96FY1ep_bigger.jpeg,https://twitter.com/sadhasivaraj/status/554994499240202240
sa1rC,http://pbs.twimg.com/profile_images/557253852424986625/FpluZHyV_bigger.jpeg,https://twitter.com/sa1rC/status/556327342260232192
rushyendrab,http://pbs.twimg.com/profile_images/553630770808377344/3yuIgGmG_bigger.jpeg,https://twitter.com/rushyendrab/status/556321485619351552
rushibankar007,http://pbs.twimg.com/profile_images/506708162926215169/oiHcH2b8_bigger.jpeg,https://twitter.com/rushibankar007/status/555003167235002368
rtanish4,http://abs.twimg.com/sticky/default_profile_images/default_profile_4_bigger.png,https://twitter.com/rtanish4/status/556067402111143939
rt24MB,http://pbs.twimg.com/profile_images/550012046343823360/tiSbHhgW_bigger.jpeg,https://twitter.com/rt24MB/status/554859666308472833
rockportsays,http://pbs.twimg.com/profile_images/554874139471667200/eKMYVWmw_bigger.jpeg,https://twitter.com/rockportsays/status/555060827464531968
revellisrikanth,http://pbs.twimg.com/profile_images/497796546134409216/kjLFIO1b_bigger.jpeg,https://twitter.com/revellisrikanth/status/554925185342533633
rekulasunny,http://pbs.twimg.com/profile_images/551376746008674304/Ky5bA6lI_bigger.jpeg,https://twitter.com/rekulasunny/status/555037186928566272
ravitejakula99,http://pbs.twimg.com/profile_images/538285017609142272/Z-sRQsv6_bigger.jpeg,https://twitter.com/ravitejakula99/status/555602641137319936
ranadeepk1,http://pbs.twimg.com/profile_images/378800000082851318/3a384e60cc99327b2dfccf3a3cdac160_bigger.jpeg,https://twitter.com/ranadeepk1/status/555724420782624769
rameappu,http://pbs.twimg.com/profile_images/549211677678243841/guk7hd79_bigger.jpeg,https://twitter.com/rameappu/status/555060385879834625
ramakrishna_95,http://pbs.twimg.com/profile_images/556385569689722880/K4GedIGV_bigger.png,https://twitter.com/ramakrishna_95/status/554901824042332160
rajashekar413,http://pbs.twimg.com/profile_images/429127670215888896/X0Vawt4A_bigger.jpeg,https://twitter.com/rajashekar413/status/557176138741846016
rahul6161,http://pbs.twimg.com/profile_images/534372786190299136/KAP0gjpc_bigger.jpeg,https://twitter.com/rahul6161/status/556655805080952833
rahhulpola33,http://pbs.twimg.com/profile_images/2612639884/fvc45nawm6rgjfqbzlq9_bigger.jpeg,https://twitter.com/rahhulpola33/status/555005675227455488
raghava92,http://pbs.twimg.com/profile_images/511189618637545472/CjtmuaP7_bigger.jpeg,https://twitter.com/raghava92/status/555684979951140864
premdhfm,http://pbs.twimg.com/profile_images/550902794589192192/PXi4nzMT_bigger.jpeg,https://twitter.com/premdhfm/status/556022534739460096
prasanth527,http://pbs.twimg.com/profile_images/526209700686082048/oUDnIFhY_bigger.jpeg,https://twitter.com/prasanth527/status/556005836976558080
pawanisum,http://pbs.twimg.com/profile_images/552884515316592640/8jZ_aFMh_bigger.jpeg,https://twitter.com/pawanisum/status/555778176886910976
paruchuriharsha,http://pbs.twimg.com/profile_images/464750283071840256/_gwdSR6l_bigger.jpeg,https://twitter.com/paruchuriharsha/status/555700712407982080
pardhu_guduru,http://pbs.twimg.com/profile_images/378800000233681311/f56de891988ef29f93bbc4414c49ba8c_bigger.jpeg,https://twitter.com/pardhu_guduru/status/556800043009572864
pammisk7,http://pbs.twimg.com/profile_images/500698660967940097/nNILn90j_bigger.jpeg,https://twitter.com/pammisk7/status/555242778280488960
onlymaheshfan,http://pbs.twimg.com/profile_images/529605333115625472/pWBWd24b_bigger.jpeg,https://twitter.com/onlymaheshfan/status/555646180583940096
nropines,http://pbs.twimg.com/profile_images/556119634911313920/MqDnIZDq_bigger.jpeg,https://twitter.com/nropines/status/556072474018729984
nenuravi,http://pbs.twimg.com/profile_images/552483753012887552/bWdY_13L_bigger.jpeg,https://twitter.com/nenuravi/status/556019751890075648
nenupeddaTHOPU,http://pbs.twimg.com/profile_images/557242009857949696/5BcbhxTa_bigger.jpeg,https://twitter.com/nenupeddaTHOPU/status/555639900238671873
nani4u143,http://pbs.twimg.com/profile_images/530415504272277504/UvmwjvBX_bigger.jpeg,https://twitter.com/nani4u143/status/555769087804968960
nagalak27282090,http://pbs.twimg.com/profile_images/491220173500596224/pTfhNmCS_bigger.jpeg,https://twitter.com/nagalak27282090/status/555234452679700480
mynameshashi,http://pbs.twimg.com/profile_images/550311491820212225/U1oV5FFn_bigger.jpeg,https://twitter.com/mynameshashi/status/556665006683475970
mvpratap,http://pbs.twimg.com/profile_images/556895375282278400/-UkDyfFC_bigger.jpeg,https://twitter.com/mvpratap/status/555235068780638208
muruges60018148,http://pbs.twimg.com/profile_images/536446658070863872/4899PHsg_bigger.jpeg,https://twitter.com/muruges60018148/status/555671100961460224
msakib131,http://pbs.twimg.com/profile_images/503833114179686401/mieMR4xT_bigger.jpeg,https://twitter.com/msakib131/status/556515706141802497
moulikamahesh,http://pbs.twimg.com/profile_images/556034606869118976/2iul6BFQ_bigger.jpeg,https://twitter.com/moulikamahesh/status/557028308479508481
mohamm_s,http://pbs.twimg.com/profile_images/557425294936510464/7s9z3_L5_bigger.jpeg,https://twitter.com/mohamm_s/status/556889921349111808
mishra_moumita,http://pbs.twimg.com/profile_images/545645494064529408/QNdCJRT6_bigger.jpeg,https://twitter.com/mishra_moumita/status/556765972275535874
megha_princess,http://pbs.twimg.com/profile_images/510765858805653504/KcUS3BBq_bigger.jpeg,https://twitter.com/megha_princess/status/555758189782638592
me_chaitu,http://pbs.twimg.com/profile_images/543414234407661568/f_4NMTU6_bigger.jpeg,https://twitter.com/me_chaitu/status/556026270513770496
me__shiva,http://pbs.twimg.com/profile_images/511585856667136000/7qhEJZw6_bigger.jpeg,https://twitter.com/me__shiva/status/555346703994195969
mdrehan92,http://pbs.twimg.com/profile_images/555981956538572800/VajSDKyH_bigger.jpeg,https://twitter.com/mdrehan92/status/555068755600891904
mdasif2524,http://pbs.twimg.com/profile_images/553878422913433600/AsTXN9Qm_bigger.jpeg,https://twitter.com/mdasif2524/status/554668553236795392
manojmahi8,http://pbs.twimg.com/profile_images/551668009253621760/9Wisq_nB_bigger.jpeg,https://twitter.com/manojmahi8/status/556758684122894336
manohearthijack,http://pbs.twimg.com/profile_images/512653751165788160/SBaUupCd_bigger.jpeg,https://twitter.com/manohearthijack/status/556005257160167424
mandakrupakar,http://pbs.twimg.com/profile_images/553862519819751424/sNnJHNHa_bigger.jpeg,https://twitter.com/mandakrupakar/status/557134429852672001
mallik_pappula,http://pbs.twimg.com/profile_images/512585546422435840/-keCWafC_bigger.jpeg,https://twitter.com/mallik_pappula/status/556035740203642880
malanitalkies,http://pbs.twimg.com/profile_images/2524765586/tp92mpzxo0m60lege8qi_bigger.jpeg,https://twitter.com/malanitalkies/status/556423754646290432
mahitheking3331,http://pbs.twimg.com/profile_images/545652471364739072/abQ0tqMw_bigger.jpeg,https://twitter.com/mahitheking3331/status/557260690784653312
mahesh_ee,http://pbs.twimg.com/profile_images/499214951198642176/H-2b9tuK_bigger.jpeg,https://twitter.com/mahesh_ee/status/555648112627548160
mahesh_addicts,http://pbs.twimg.com/profile_images/533475531845406720/q-lN4L92_bigger.jpeg,https://twitter.com/mahesh_addicts/status/555353038576025600
mahesh4u143,http://pbs.twimg.com/profile_images/533550625062010881/iRnu3Qdy_bigger.jpeg,https://twitter.com/mahesh4u143/status/555353038504734721
m_kumarappan,http://pbs.twimg.com/profile_images/548421635112333314/52VDBErX_bigger.png,https://twitter.com/m_kumarappan/status/554684580947451904
lucky59000,http://pbs.twimg.com/profile_images/2264939166/mye783738ze8he6r8ry0_bigger.jpeg,https://twitter.com/lucky59000/status/557199787536035842
lijuraju143,http://pbs.twimg.com/profile_images/1351623486/4-Friends_800__bigger.jpg,https://twitter.com/lijuraju143/status/556133334062206976
learner_daniel,http://pbs.twimg.com/profile_images/551819472231608320/bYcEoIhP_bigger.jpeg,https://twitter.com/learner_daniel/status/555766194720894977
lavanyakryan,http://pbs.twimg.com/profile_images/548819692018622464/9a1n8CX4_bigger.jpeg,https://twitter.com/lavanyakryan/status/555214067174883328
laltupabitra,http://pbs.twimg.com/profile_images/471870082612613121/2DlB-sLG_bigger.jpeg,https://twitter.com/laltupabitra/status/555717289589239808
lakshman273,http://pbs.twimg.com/profile_images/553900514648133632/LI9G6pMa_bigger.jpeg,https://twitter.com/lakshman273/status/556490842169303040
kushaal_aryan,http://pbs.twimg.com/profile_images/555730346671472640/f88RTUjI_bigger.jpeg,https://twitter.com/kushaal_aryan/status/556170806724550656
ksadasivareddy1,http://pbs.twimg.com/profile_images/528091546940215298/ud_3C6eS_bigger.jpeg,https://twitter.com/ksadasivareddy1/status/554661897572605952
krisskishore,http://pbs.twimg.com/profile_images/555590187070132224/HBZ6hTVk_bigger.jpeg,https://twitter.com/krisskishore/status/557157139698180096
krishna55093931,http://pbs.twimg.com/profile_images/419790854811697152/y9E9vyI9_bigger.jpeg,https://twitter.com/krishna55093931/status/555717289048154112
kishdhfm007,http://pbs.twimg.com/profile_images/555752734247223296/R4qvRZs0_bigger.jpeg,https://twitter.com/kishdhfm007/status/555595518374457344
kiranin,http://pbs.twimg.com/profile_images/540313082837225473/qD_hK1nw_bigger.jpeg,https://twitter.com/kiranin/status/556646801449553920
kiran_yandrapu,http://pbs.twimg.com/profile_images/551711313643061250/l9Um38VH_bigger.jpeg,https://twitter.com/kiran_yandrapu/status/555657143194361856
kingvivekreddy,http://pbs.twimg.com/profile_images/553834740612997120/bSnbGbSc_bigger.jpeg,https://twitter.com/kingvivekreddy/status/556358695785750528
karumurisrikar,http://pbs.twimg.com/profile_images/556839540065710081/GC7y-gI2_bigger.jpeg,https://twitter.com/karumurisrikar/status/556839975493591040
kapilvarala,http://pbs.twimg.com/profile_images/556383190256865280/JJ9VDKxi_bigger.jpeg,https://twitter.com/kapilvarala/status/555777634194305024
kalyan14c,http://pbs.twimg.com/profile_images/556749803153936384/XeE3BQ70_bigger.jpeg,https://twitter.com/kalyan14c/status/556748192767680513
kadali202084,http://pbs.twimg.com/profile_images/512167791915319296/M0rxSnOO_bigger.jpeg,https://twitter.com/kadali202084/status/556159139282305025
jyospeaks,http://pbs.twimg.com/profile_images/544769684826906624/Qq5AkRGC_bigger.jpeg,https://twitter.com/jyospeaks/status/555663914952712192
just4_funnn,http://pbs.twimg.com/profile_images/547542194018476032/7rghv0sV_bigger.jpeg,https://twitter.com/just4_funnn/status/554772291515478016
joshisahil1,http://abs.twimg.com/sticky/default_profile_images/default_profile_1_bigger.png,https://twitter.com/joshisahil1/status/556402794144337920
jana9999,http://pbs.twimg.com/profile_images/553159178340941824/iGqAiV3x_bigger.jpeg,https://twitter.com/jana9999/status/554939604550156289
jaichand345,http://pbs.twimg.com/profile_images/554965609314660353/vtGpd5o6_bigger.jpeg,https://twitter.com/jaichand345/status/557003843037184000
jaaffersadiq,http://pbs.twimg.com/profile_images/540165683615506432/tMQPwPc1_bigger.jpeg,https://twitter.com/jaaffersadiq/status/555074108749139968
ivenumadhav,http://pbs.twimg.com/profile_images/541638744839704576/ULZ75DSi_bigger.jpeg,https://twitter.com/ivenumadhav/status/555979481257480192
itsmeerp,http://pbs.twimg.com/profile_images/557396216242126850/MI8_u-wI_bigger.jpeg,https://twitter.com/itsmeerp/status/555205397133262848
issime_miyake,http://pbs.twimg.com/profile_images/556844821399076864/jHfKJPaY_bigger.jpeg,https://twitter.com/issime_miyake/status/555638190636167170
iramsubhash,http://pbs.twimg.com/profile_images/556656668004474880/6kL7Sbzo_bigger.jpeg,https://twitter.com/iramsubhash/status/556391595482681344
insomniaamar,http://pbs.twimg.com/profile_images/510017556074098690/FeXvHrSh_bigger.jpeg,https://twitter.com/insomniaamar/status/555448570833149952
inewsbuzz,http://pbs.twimg.com/profile_images/556410661136125952/l3dKaZNB_bigger.png,https://twitter.com/inewsbuzz/status/556896390815563777
imaheshfan,http://pbs.twimg.com/profile_images/554683413601341440/CCM6eRFb_bigger.jpeg,https://twitter.com/imaheshfan/status/555753562265755649
im_sharanV,http://pbs.twimg.com/profile_images/548306718082359296/2YGjMMa4_bigger.jpeg,https://twitter.com/im_sharanV/status/555300463097036800
igtelugu,http://pbs.twimg.com/profile_images/292772794/ig-fan_bigger.png,https://twitter.com/igtelugu/status/557420463932981248
ibtimesindia1,http://pbs.twimg.com/profile_images/442976199828967424/0lcQa0GP_bigger.jpeg,https://twitter.com/ibtimesindia1/status/557109671597576193
iam_backbencher,http://pbs.twimg.com/profile_images/556686879475503105/w8kpSMnG_bigger.jpeg,https://twitter.com/iam_backbencher/status/555395959270567938
iamUpendar,http://pbs.twimg.com/profile_images/557133302650241024/RM6bicOD_bigger.jpeg,https://twitter.com/iamUpendar/status/555722153522262017
iamSRKsUrooj,http://pbs.twimg.com/profile_images/547368169854074881/oBVMf48H_bigger.jpeg,https://twitter.com/iamSRKsUrooj/status/555223308606533632
i_anilkumar,http://pbs.twimg.com/profile_images/556810946731970560/VFq-Pr_K_bigger.jpeg,https://twitter.com/i_anilkumar/status/554836596084592641
iRahulTweets,http://pbs.twimg.com/profile_images/554569832784330752/_qqF8qJr_bigger.jpeg,https://twitter.com/iRahulTweets/status/557165144212385792
iLazyLad,http://pbs.twimg.com/profile_images/555578764109697024/W5FHWYqD_bigger.jpeg,https://twitter.com/iLazyLad/status/555635973392855041
iHaRi_K,http://pbs.twimg.com/profile_images/555366380313128960/3h2m09jz_bigger.jpeg,https://twitter.com/iHaRi_K/status/555064881381007361
iBSK_mufc,http://pbs.twimg.com/profile_images/538301707004825600/_oTdc3Zd_bigger.jpeg,https://twitter.com/iBSK_mufc/status/556200971965964288
hr_krn1,http://pbs.twimg.com/profile_images/546313298677735426/raKWLDPa_bigger.jpeg,https://twitter.com/hr_krn1/status/556725427822030848
hk12236,http://pbs.twimg.com/profile_images/516873953143320576/7mtUFQgO_bigger.jpeg,https://twitter.com/hk12236/status/555065279164604416
harshasayz,http://pbs.twimg.com/profile_images/547746471928295424/7cRA8wOp_bigger.jpeg,https://twitter.com/harshasayz/status/556064617202319361
harishveera,http://pbs.twimg.com/profile_images/556531803326918656/khRpvloF_bigger.jpeg,https://twitter.com/harishveera/status/556322894209220608
harish_neninthe,http://pbs.twimg.com/profile_images/556412261414100992/DP-4HRIe_bigger.jpeg,https://twitter.com/harish_neninthe/status/554973981275459586
hancynikhil,http://pbs.twimg.com/profile_images/557092297305620480/wx69yLkS_bigger.jpeg,https://twitter.com/hancynikhil/status/556740640675860483
guptanagu8,http://pbs.twimg.com/profile_images/506868098964541440/q_7VuOBt_bigger.jpeg,https://twitter.com/guptanagu8/status/555647322856493056
gouthammenon99,http://pbs.twimg.com/profile_images/551433769098309632/xHrcNGrl_bigger.jpeg,https://twitter.com/gouthammenon99/status/557234101011230722
gouds9,http://pbs.twimg.com/profile_images/520037171609088000/d1O-LLln_bigger.jpeg,https://twitter.com/gouds9/status/556518467822579712
golishankar2,http://abs.twimg.com/sticky/default_profile_images/default_profile_4_bigger.png,https://twitter.com/golishankar2/status/555691201404620800
ghari16,http://pbs.twimg.com/profile_images/554638045480099840/71z-NWa1_bigger.jpeg,https://twitter.com/ghari16/status/556729899374100481
freethinkers001,http://pbs.twimg.com/profile_images/553195296151175168/6AKffNsn_bigger.jpeg,https://twitter.com/freethinkers001/status/555061458925404160
firstshowz,http://pbs.twimg.com/profile_images/426753967695986690/cNSCkfDs_bigger.png,https://twitter.com/firstshowz/status/554683912350232577
filmibeat,http://pbs.twimg.com/profile_images/501337363482554369/4xMnerN0_bigger.jpeg,https://twitter.com/filmibeat/status/554720422978002945
faltukatim3pass,http://pbs.twimg.com/profile_images/465396417511428097/4UHYtRqb_bigger.jpeg,https://twitter.com/faltukatim3pass/status/555637674191515648
euniverse800,http://pbs.twimg.com/profile_images/554135808198713345/SKmSLXAI_bigger.jpeg,https://twitter.com/euniverse800/status/554973457952161792
dj_mustik,http://pbs.twimg.com/profile_images/554608612341858304/ZpkSMefT_bigger.jpeg,https://twitter.com/dj_mustik/status/556006683143847936
diszazhar,http://pbs.twimg.com/profile_images/557404592753745922/zVdFJW33_bigger.jpeg,https://twitter.com/diszazhar/status/556790848395169792
dhamifan,http://pbs.twimg.com/profile_images/557429157483646976/caK_8dDP_bigger.jpeg,https://twitter.com/dhamifan/status/557186741291851778
dev_thota,http://pbs.twimg.com/profile_images/551739356931567617/hzkDCczK_bigger.jpeg,https://twitter.com/dev_thota/status/555602901893017600
darkmystery01,http://pbs.twimg.com/profile_images/556085165655457794/3UntNJWK_bigger.jpeg,https://twitter.com/darkmystery01/status/557156894541115392
cute_aishwarya,http://pbs.twimg.com/profile_images/557426991616368640/Jtf8ahHt_bigger.jpeg,https://twitter.com/cute_aishwarya/status/555704296449126402
chukkutweets,http://pbs.twimg.com/profile_images/378800000185004704/a4918012ac9d2ce2c1f4c882f73cf084_bigger.png,https://twitter.com/chukkutweets/status/555968220004626432
chony_23,http://pbs.twimg.com/profile_images/527747744484433922/0-vhUkWX_bigger.jpeg,https://twitter.com/chony_23/status/555065014063624193
chirucharanfan,http://pbs.twimg.com/profile_images/554305995560611842/x6ro0dme_bigger.jpeg,https://twitter.com/chirucharanfan/status/556013671772471296
chenna_prince,http://pbs.twimg.com/profile_images/556026678032334848/q-FaDKLS_bigger.png,https://twitter.com/chenna_prince/status/556091847894790144
charan_megafan,http://pbs.twimg.com/profile_images/555618964311535616/V87lXVVL_bigger.png,https://twitter.com/charan_megafan/status/555716469888393216
chandu_1113,http://pbs.twimg.com/profile_images/548024842335682560/anl_Y43L_bigger.jpeg,https://twitter.com/chandu_1113/status/555772463506669568
chandra9050,http://pbs.twimg.com/profile_images/525200407354540032/JvsieTf-_bigger.jpeg,https://twitter.com/chandra9050/status/555275470963367939
cededroyal,http://pbs.twimg.com/profile_images/553967430691602432/YqiutiAq_bigger.jpeg,https://twitter.com/cededroyal/status/556063110432186368
bsksantu,http://pbs.twimg.com/profile_images/508146064898015232/lo1X0acK_bigger.jpeg,https://twitter.com/bsksantu/status/556392191296147456
booooringg,http://pbs.twimg.com/profile_images/1803094438/picdump-11312-3_bigger.jpg,https://twitter.com/booooringg/status/555637661394690048
boldtaurean,http://pbs.twimg.com/profile_images/546382373865021440/FG5E0355_bigger.jpeg,https://twitter.com/boldtaurean/status/556155374181441537
balu5785,http://abs.twimg.com/sticky/default_profile_images/default_profile_2_bigger.png,https://twitter.com/balu5785/status/554895643517267969
avenchiru2,http://pbs.twimg.com/profile_images/556354958451175424/NkoU9Bbq_bigger.jpeg,https://twitter.com/avenchiru2/status/555718065631936512
anvesh_anu,http://pbs.twimg.com/profile_images/551678512659058690/Y9nQnV1w_bigger.jpeg,https://twitter.com/anvesh_anu/status/554893767992299522
anushbabu2,http://pbs.twimg.com/profile_images/553917860867629056/kPC6_8EC_bigger.jpeg,https://twitter.com/anushbabu2/status/555685900420513793
anurag_i_am,http://pbs.twimg.com/profile_images/550347288132857857/ptimM57__bigger.jpeg,https://twitter.com/anurag_i_am/status/555770025529733120
anuprettygirl,http://pbs.twimg.com/profile_images/550523882554138624/ZkiZWjVf_bigger.jpeg,https://twitter.com/anuprettygirl/status/555684473618972672
anoopreddy27,http://pbs.twimg.com/profile_images/546583679963648000/bo_3xFIh_bigger.jpeg,https://twitter.com/anoopreddy27/status/554909702362902528
annayyaabhimani,http://pbs.twimg.com/profile_images/378800000653032340/620870ee07aa887ffbf43909249802b9_bigger.jpeg,https://twitter.com/annayyaabhimani/status/555729511393030144
anji_chiru,http://pbs.twimg.com/profile_images/543455898023124992/hk_GQDN3_bigger.jpeg,https://twitter.com/anji_chiru/status/554987721911848960
ananymous0,http://pbs.twimg.com/profile_images/553193269702586370/uQLjagAm_bigger.jpeg,https://twitter.com/ananymous0/status/557123858407231488
anandvamsi,http://pbs.twimg.com/profile_images/556383880437956609/NcxvzRCp_bigger.jpeg,https://twitter.com/anandvamsi/status/555752758276407297
amuakhi,http://pbs.twimg.com/profile_images/552072435013386240/7W8tuTrR_bigger.jpeg,https://twitter.com/amuakhi/status/555348385528422402
amolbhoyar1212,http://pbs.twimg.com/profile_images/523712987555565568/wsX0o2mu_bigger.jpeg,https://twitter.com/amolbhoyar1212/status/555308980977680385
always_vishal,http://pbs.twimg.com/profile_images/555236245370970112/9LMVlEPS_bigger.jpeg,https://twitter.com/always_vishal/status/554894756883337217
alwaysNAGA,http://pbs.twimg.com/profile_images/550278265232166912/d3AVcv_d_bigger.jpeg,https://twitter.com/alwaysNAGA/status/556691712743976960
always4u_prem,http://pbs.twimg.com/profile_images/554086261242482688/k7lN2zHH_bigger.jpeg,https://twitter.com/always4u_prem/status/554676962116251649
akshaycvr,http://pbs.twimg.com/profile_images/545403929714900992/3uZIDQ8n_bigger.jpeg,https://twitter.com/akshaycvr/status/555717598323937281
akshay_Dz,http://pbs.twimg.com/profile_images/556096649986977793/U_sudotU_bigger.jpeg,https://twitter.com/akshay_Dz/status/555688053537120256
ajaybhanu7777,http://pbs.twimg.com/profile_images/554280103618678785/os0tmTT5_bigger.jpeg,https://twitter.com/ajaybhanu7777/status/554914997466173441
affu_sana,http://pbs.twimg.com/profile_images/545258872416374784/HsIhmQFk_bigger.jpeg,https://twitter.com/affu_sana/status/556760586537562112
_vsri,http://pbs.twimg.com/profile_images/555935947796140032/fcb83gbI_bigger.jpeg,https://twitter.com/_vsri/status/555769917614456832
_Aarjun,http://pbs.twimg.com/profile_images/555717949965611010/zEXmN0K5_bigger.jpeg,https://twitter.com/_Aarjun/status/556484156931047424
YursNani,http://pbs.twimg.com/profile_images/557283080655089664/jSHnuQfQ_bigger.jpeg,https://twitter.com/YursNani/status/556484319347482625
YOOSUFALIK,http://pbs.twimg.com/profile_images/554153200207405056/Qk_jnae0_bigger.jpeg,https://twitter.com/YOOSUFALIK/status/554665381785137152
YADAGIRIGAJULA,http://pbs.twimg.com/profile_images/555723950227873793/YmHhiI5T_bigger.jpeg,https://twitter.com/YADAGIRIGAJULA/status/555724792678973440
WittyScoop,http://pbs.twimg.com/profile_images/552396081128931328/ma_IuHcA_bigger.jpeg,https://twitter.com/WittyScoop/status/556724042288627713
Web_Traffic_Hub,http://pbs.twimg.com/profile_images/551684127074709506/30V2mATU_bigger.png,https://twitter.com/Web_Traffic_Hub/status/554969979271921664
VjfanSuresh,http://pbs.twimg.com/profile_images/552819609829507073/qNyFDG5g_bigger.jpeg,https://twitter.com/VjfanSuresh/status/555659994134114304
Vishnu_SSMBfan,http://pbs.twimg.com/profile_images/552447768912879616/hTAoAe7__bigger.jpeg,https://twitter.com/Vishnu_SSMBfan/status/556072912793247744
Varun_Chaganti,http://pbs.twimg.com/profile_images/553827047491911680/qCrgNMtl_bigger.jpeg,https://twitter.com/Varun_Chaganti/status/555715665055985664
UrstrulyyMahesh,http://pbs.twimg.com/profile_images/549136662781906945/S9WopMKk_bigger.jpeg,https://twitter.com/UrstrulyyMahesh/status/555658571120013313
Urssantosh99,http://pbs.twimg.com/profile_images/542947541755518977/fDTFUVjM_bigger.jpeg,https://twitter.com/Urssantosh99/status/556172924617375746
Tw33tRetweeter,http://pbs.twimg.com/profile_images/450691512653713410/DjiWxCIP_bigger.jpeg,https://twitter.com/Tw33tRetweeter/status/556465976611319811
TrueMovie_Lover,http://pbs.twimg.com/profile_images/519568169388609537/zPTSAzvL_bigger.jpeg,https://twitter.com/TrueMovie_Lover/status/555711246960320512
TrollywoodTamil,http://pbs.twimg.com/profile_images/551821990844039168/Xx7qWDOs_bigger.jpeg,https://twitter.com/TrollywoodTamil/status/555060104270061572
Trivikram_Fans,http://pbs.twimg.com/profile_images/554804254733369346/8AjNqFnA_bigger.jpeg,https://twitter.com/Trivikram_Fans/status/556361998154215424
TollywoodTrends,http://pbs.twimg.com/profile_images/550653793805684736/w0daq8MC_bigger.png,https://twitter.com/TollywoodTrends/status/555979333177982976
TheSRKian,http://pbs.twimg.com/profile_images/556147557982683138/eMZT3IiY_bigger.jpeg,https://twitter.com/TheSRKian/status/556846561955938308
TheLOLWorld,http://pbs.twimg.com/profile_images/429480242390913024/LTEBablH_bigger.jpeg,https://twitter.com/TheLOLWorld/status/556289005609037824
TeluguPeople,http://pbs.twimg.com/profile_images/1262192929/TPIcon_Twitter_bigger.jpg,https://twitter.com/TeluguPeople/status/557221472238702592
Teju912,http://pbs.twimg.com/profile_images/555215619751034881/FfhbiSVX_bigger.jpeg,https://twitter.com/Teju912/status/554883655013658626
TWEETC0llector,http://pbs.twimg.com/profile_images/3161054217/6baf444337b1e84fb116d2bdaa8294d1_bigger.png,https://twitter.com/TWEETC0llector/status/555637658567720961
Suriya_FansClub,http://pbs.twimg.com/profile_images/450547384552931329/wNopinZu_bigger.jpeg,https://twitter.com/Suriya_FansClub/status/556361158592974848
Supersta_addict,http://pbs.twimg.com/profile_images/497021162031808512/CcvHIaC7_bigger.png,https://twitter.com/Supersta_addict/status/557196141461114881
SuperStarFan7,http://pbs.twimg.com/profile_images/555631818041356289/Leffbk1c_bigger.jpeg,https://twitter.com/SuperStarFan7/status/556642127539478528
Sunsayzz,http://pbs.twimg.com/profile_images/557126591713513472/Ui60B6QO_bigger.jpeg,https://twitter.com/Sunsayzz/status/556013490616291328
SumanthTeja,http://pbs.twimg.com/profile_images/424251321022046209/Z_fq1N1t_bigger.jpeg,https://twitter.com/SumanthTeja/status/556481694803304448
SrinivasGadela,http://abs.twimg.com/sticky/default_profile_images/default_profile_4_bigger.png,https://twitter.com/SrinivasGadela/status/556761153330634754
SnehithaM5,http://pbs.twimg.com/profile_images/555574073569202176/xr2J5c7U_bigger.jpeg,https://twitter.com/SnehithaM5/status/555605158864769024
ShubhamRane6,http://pbs.twimg.com/profile_images/516622992512516096/zGqqWJJi_bigger.jpeg,https://twitter.com/ShubhamRane6/status/556509108992344064
ShivangChauhans,http://pbs.twimg.com/profile_images/557153750599483392/011oZJJq_bigger.jpeg,https://twitter.com/ShivangChauhans/status/554983072412602370
ShivaVijayYuvi,http://pbs.twimg.com/profile_images/556029185798307840/QPt1gEXu_bigger.jpeg,https://twitter.com/ShivaVijayYuvi/status/555727380015112193
ShivaVedati,http://pbs.twimg.com/profile_images/554965888453980160/vQ7WJWHH_bigger.jpeg,https://twitter.com/ShivaVedati/status/557365953600557058
ShekarNews,http://pbs.twimg.com/profile_images/538676858301063168/fCUfiAe2_bigger.jpeg,https://twitter.com/ShekarNews/status/555004914972106752
ShariMB75,http://pbs.twimg.com/profile_images/504277056340099072/2qufOmA4_bigger.jpeg,https://twitter.com/ShariMB75/status/554777199090610176
SharathUrstruly,http://pbs.twimg.com/profile_images/555255813833388032/LYRe1cKX_bigger.jpeg,https://twitter.com/SharathUrstruly/status/556072912805830656
SamarRiks,http://pbs.twimg.com/profile_images/554638127508103168/s9J7J1zp_bigger.jpeg,https://twitter.com/SamarRiks/status/556773607364247553
Sairaviteja_ch,http://pbs.twimg.com/profile_images/550277668113895424/p8A6F9Yo_bigger.jpeg,https://twitter.com/Sairaviteja_ch/status/556488725522575360
Sai_pallav,http://pbs.twimg.com/profile_images/556665850057342977/n9JYrHN6_bigger.jpeg,https://twitter.com/Sai_pallav/status/556518733443645440
SacravartyS,http://pbs.twimg.com/profile_images/555859811951452160/osp-n8xO_bigger.jpeg,https://twitter.com/SacravartyS/status/555070090941829120
S_krishna1,http://pbs.twimg.com/profile_images/532092698765709312/UJiuP9hf_bigger.jpeg,https://twitter.com/S_krishna1/status/555361667711004672
SSMB_Fan1,http://pbs.twimg.com/profile_images/545903988772573184/TzSjNcw__bigger.jpeg,https://twitter.com/SSMB_Fan1/status/555353039914037248
SRKismyWorld,http://pbs.twimg.com/profile_images/550632328943656961/c1o91tq5_bigger.jpeg,https://twitter.com/SRKismyWorld/status/554979749890912256
RuhKiShiddatt,http://pbs.twimg.com/profile_images/441263930518695936/BNZXbhya_bigger.jpeg,https://twitter.com/RuhKiShiddatt/status/555308297176117249
Ramesh_4Mahesh,http://pbs.twimg.com/profile_images/536812408853913600/k9jOkeSj_bigger.jpeg,https://twitter.com/Ramesh_4Mahesh/status/556007950800531456
RamMahesh77,http://pbs.twimg.com/profile_images/552123212637544449/Ve_SUyTe_bigger.jpeg,https://twitter.com/RamMahesh77/status/556072912763879424
RamDookudu,http://pbs.twimg.com/profile_images/531119580668637185/QjPo0XQu_bigger.jpeg,https://twitter.com/RamDookudu/status/556007947415740417
Ram4r_powerstar,http://pbs.twimg.com/profile_images/543527578251042818/EziUKfQ8_bigger.jpeg,https://twitter.com/Ram4r_powerstar/status/555777934405820416
Ram4prince,http://pbs.twimg.com/profile_images/532478827952238592/39gwAzwN_bigger.jpeg,https://twitter.com/Ram4prince/status/555730052290060288
Ram4Mahesh,http://pbs.twimg.com/profile_images/551613629871583232/goRL3dxw_bigger.jpeg,https://twitter.com/Ram4Mahesh/status/556054899788877825
RajeevtejDasari,http://pbs.twimg.com/profile_images/550354091063275521/T-VhSOpw_bigger.jpeg,https://twitter.com/RajeevtejDasari/status/557171922169888768
Raj_4Prince,http://pbs.twimg.com/profile_images/552767150557913088/ZJvrnLSu_bigger.jpeg,https://twitter.com/Raj_4Prince/status/557164271780372480
Raj_4Mahesh,http://pbs.twimg.com/profile_images/532072392097411072/IgADJNnt_bigger.jpeg,https://twitter.com/Raj_4Mahesh/status/556007949856808960
RMANIBABU,http://pbs.twimg.com/profile_images/378800000555705048/42f4cc322e45dddf65b7701629db5aa2_bigger.jpeg,https://twitter.com/RMANIBABU/status/556087261532405760
ProudMaheshian,http://pbs.twimg.com/profile_images/557358902711304192/CQCSGwR7_bigger.jpeg,https://twitter.com/ProudMaheshian/status/554971333344235521
Prince_SSMB,http://pbs.twimg.com/profile_images/555625627118616577/GKwYHkj2_bigger.jpeg,https://twitter.com/Prince_SSMB/status/556642127455612928
Prince_Mahesh5,http://pbs.twimg.com/profile_images/537511325925003264/TwajNsY8_bigger.jpeg,https://twitter.com/Prince_Mahesh5/status/556047224145051648
Prince_Mahesh4u,http://pbs.twimg.com/profile_images/545491964016078848/LOn-KK6Q_bigger.jpeg,https://twitter.com/Prince_Mahesh4u/status/555064940747190272
Prince_Mahesh4,http://pbs.twimg.com/profile_images/530001416857722882/eQdYveU__bigger.jpeg,https://twitter.com/Prince_Mahesh4/status/555349416303800320
PrinceSharat,http://pbs.twimg.com/profile_images/531289061260918784/oIOfdeYY_bigger.jpeg,https://twitter.com/PrinceSharat/status/555684473610584064
Prashanth_MBfan,http://pbs.twimg.com/profile_images/557218959447957505/lAUMV2AZ_bigger.jpeg,https://twitter.com/Prashanth_MBfan/status/554902060198412288
Prasad4Prince,http://pbs.twimg.com/profile_images/557167174750441472/WN_TxlCS_bigger.jpeg,https://twitter.com/Prasad4Prince/status/556425395948359681
Pranay_pawanism,http://abs.twimg.com/sticky/default_profile_images/default_profile_4_bigger.png,https://twitter.com/Pranay_pawanism/status/555781908735725568
Prakash_4Mahesh,http://pbs.twimg.com/profile_images/549964435737952256/jNIEK2JJ_bigger.jpeg,https://twitter.com/Prakash_4Mahesh/status/556007958497071106
PrajaktaBhat2,http://pbs.twimg.com/profile_images/529242472023486464/AUcifBSs_bigger.jpeg,https://twitter.com/PrajaktaBhat2/status/555339355166765056
PradyTweetz,http://pbs.twimg.com/profile_images/545812675414855680/540aIpoA_bigger.png,https://twitter.com/PradyTweetz/status/555021417025007616
Prabhas_Team,http://pbs.twimg.com/profile_images/553165979954319362/Qa1GUB1B_bigger.jpeg,https://twitter.com/Prabhas_Team/status/555202627927957506
PoliticalJhaadu,http://pbs.twimg.com/profile_images/463759664610418689/QKpauch__bigger.jpeg,https://twitter.com/PoliticalJhaadu/status/555610431558266880
Pawancharan2,http://pbs.twimg.com/profile_images/554218364206194688/Sil1K68Q_bigger.jpeg,https://twitter.com/Pawancharan2/status/557157659900530690
PalliBataniAP,http://pbs.twimg.com/profile_images/378800000160532740/c2863766ee0ec4bc2cf53362761e4594_bigger.jpeg,https://twitter.com/PalliBataniAP/status/556815519991332865
PakkaPKfan,http://pbs.twimg.com/profile_images/556648475283034113/Zhd6Y2k0_bigger.jpeg,https://twitter.com/PakkaPKfan/status/555777490535194625
POETICandFUNNY,http://pbs.twimg.com/profile_images/555809315173306368/i05nkHQa_bigger.jpeg,https://twitter.com/POETICandFUNNY/status/555634247428341760
NextToSRK,http://pbs.twimg.com/profile_images/557396375260774400/V24-dMzI_bigger.jpeg,https://twitter.com/NextToSRK/status/556847016978829312
Newuser_ind,http://pbs.twimg.com/profile_images/415360619403956224/SoTwBVwx_bigger.jpeg,https://twitter.com/Newuser_ind/status/555933797099663360
NehaSruthi,http://pbs.twimg.com/profile_images/554919750623436801/4Zlj43il_bigger.jpeg,https://twitter.com/NehaSruthi/status/554886284921933825
Nandhu_Pardhu,http://pbs.twimg.com/profile_images/531987409261432832/vHAxntn7_bigger.png,https://twitter.com/Nandhu_Pardhu/status/556007948862767105
NTR_jako,http://pbs.twimg.com/profile_images/378800000202703712/1083ab59076b0a2b5dae71ea63882b58_bigger.jpeg,https://twitter.com/NTR_jako/status/555610968571408385
MylovesCASTLE,http://pbs.twimg.com/profile_images/557422851129487360/n7jaV3kC_bigger.jpeg,https://twitter.com/MylovesCASTLE/status/555045821549277184
Murari_Mahesh,http://pbs.twimg.com/profile_images/531793676691718145/6rucd7OE_bigger.jpeg,https://twitter.com/Murari_Mahesh/status/555658571564580864
MovifiedTelugu,http://pbs.twimg.com/profile_images/550635528542887936/muDoFCmt_bigger.jpeg,https://twitter.com/MovifiedTelugu/status/555221186615853056
MovifiedTamil,http://pbs.twimg.com/profile_images/556135734248079360/V284NOrV_bigger.jpeg,https://twitter.com/MovifiedTamil/status/555244431989682176
MoviezzLover,http://pbs.twimg.com/profile_images/555424554059722752/8DGcISom_bigger.jpeg,https://twitter.com/MoviezzLover/status/555412997263196161
ModiMission,http://pbs.twimg.com/profile_images/546527667294437376/GfA9D9hO_bigger.jpeg,https://twitter.com/ModiMission/status/556774547962478593
MegastarFC,http://pbs.twimg.com/profile_images/554517413878710273/1_LcN6Ym_bigger.jpeg,https://twitter.com/MegastarFC/status/556716749723140096
Mee_Varun,http://pbs.twimg.com/profile_images/556064147247353858/RxwkHhMJ_bigger.jpeg,https://twitter.com/Mee_Varun/status/556321392891662336
Mee_Nikhil,http://pbs.twimg.com/profile_images/553274486766579712/xw2fwwJB_bigger.jpeg,https://twitter.com/Mee_Nikhil/status/556798828360126464
MeJeevankrishna,http://pbs.twimg.com/profile_images/547435707287887874/7sVYVvfJ_bigger.jpeg,https://twitter.com/MeJeevankrishna/status/555346260735975424
MaruthiTalkies,http://pbs.twimg.com/profile_images/522656284139458560/Ir7wdn3M_bigger.png,https://twitter.com/MaruthiTalkies/status/556379401227481089
ManojMalladi,http://pbs.twimg.com/profile_images/515027603632037888/tSyMZm5O_bigger.jpeg,https://twitter.com/ManojMalladi/status/556326124108517376
Manidookudu,http://pbs.twimg.com/profile_images/550284364047609856/kB2uoiRv_bigger.jpeg,https://twitter.com/Manidookudu/status/555609636443680769
ManI_PspK,http://pbs.twimg.com/profile_images/538608844163645440/L4SjHCl__bigger.jpeg,https://twitter.com/ManI_PspK/status/555239574797291521
Malli_pspk,http://pbs.twimg.com/profile_images/552397952602238976/VQISe6MO_bigger.jpeg,https://twitter.com/Malli_pspk/status/555261069825150977
MahiFan_Forever,http://pbs.twimg.com/profile_images/551897840176209920/AXBlyxfp_bigger.jpeg,https://twitter.com/MahiFan_Forever/status/554974540292706305
Mahesholicc,http://pbs.twimg.com/profile_images/554635004139929600/UFBmf3en_bigger.jpeg,https://twitter.com/Mahesholicc/status/556070424857944064
Mahesh_bhaktudu,http://pbs.twimg.com/profile_images/555698886308687872/OhHR5QrG_bigger.jpeg,https://twitter.com/Mahesh_bhaktudu/status/554893463167057922
Mahesh_Superfan,http://pbs.twimg.com/profile_images/520885952814669824/iP2oIeCw_bigger.jpeg,https://twitter.com/Mahesh_Superfan/status/554669375475568640
MaheshYuvatha,http://pbs.twimg.com/profile_images/553174970390437888/mwqky6Ah_bigger.jpeg,https://twitter.com/MaheshYuvatha/status/557238335400587264
MaheshUniverse,http://pbs.twimg.com/profile_images/532880008604168193/9QYY8ZZ0_bigger.jpeg,https://twitter.com/MaheshUniverse/status/556805544766238721
MaheshPrabhas10,http://pbs.twimg.com/profile_images/551596299657564160/czCTnILR_bigger.jpeg,https://twitter.com/MaheshPrabhas10/status/556072912763891712
MaheshFollower,http://pbs.twimg.com/profile_images/531089030759194624/37zo9kp5_bigger.jpeg,https://twitter.com/MaheshFollower/status/557170995283230720
MaheshFan_Vinay,http://pbs.twimg.com/profile_images/540326727088480258/D09XJ9DQ_bigger.jpeg,https://twitter.com/MaheshFan_Vinay/status/555655152661565440
MaheshFan_143,http://pbs.twimg.com/profile_images/548671215288598528/MMwN2VX6_bigger.jpeg,https://twitter.com/MaheshFan_143/status/555636751142617089
MaheshBabu_UF,http://pbs.twimg.com/profile_images/378800000048008465/b577f04ce4c975d7b5ff10d5eb6a2029_bigger.jpeg,https://twitter.com/MaheshBabu_UF/status/554974531534610432
MaheshBabu_FC1,http://pbs.twimg.com/profile_images/497739962335252481/H1yA7YDV_bigger.jpeg,https://twitter.com/MaheshBabu_FC1/status/556019370703343616
MaheshBabu_FC,http://pbs.twimg.com/profile_images/505223639038300160/LYkKPbAV_bigger.jpeg,https://twitter.com/MaheshBabu_FC/status/554880072360816640
MaheshBabuOnly,http://pbs.twimg.com/profile_images/498515077834616832/aVK_2dgx_bigger.jpeg,https://twitter.com/MaheshBabuOnly/status/556094488032997376
MahesHoliic,http://pbs.twimg.com/profile_images/555231654189350912/txsKTDYU_bigger.jpeg,https://twitter.com/MahesHoliic/status/556072912805847040
MULAKALAGUMADAM,http://abs.twimg.com/sticky/default_profile_images/default_profile_6_bigger.png,https://twitter.com/MULAKALAGUMADAM/status/554906219501330432
MAHESH_MANIA007,http://pbs.twimg.com/profile_images/550123065133113345/mI2PChi9_bigger.jpeg,https://twitter.com/MAHESH_MANIA007/status/554871451778445312
Lokesh96660650,http://pbs.twimg.com/profile_images/494371099182784512/XIZL3bCK_bigger.jpeg,https://twitter.com/Lokesh96660650/status/555714360744505347
LocalPowerstar,http://pbs.twimg.com/profile_images/555220134281756673/6VyuV-_M_bigger.jpeg,https://twitter.com/LocalPowerstar/status/556013515337502721
Krishna__9999,http://pbs.twimg.com/profile_images/556892426905075713/RK-4zNn7_bigger.jpeg,https://twitter.com/Krishna__9999/status/556483240224370688
Kishore4Mahesh,http://pbs.twimg.com/profile_images/557048145490616321/ixXVonW7_bigger.jpeg,https://twitter.com/Kishore4Mahesh/status/554858971601723393
KiranMaheshFan,http://pbs.twimg.com/profile_images/553132109577998336/8uqxUaDJ_bigger.jpeg,https://twitter.com/KiranMaheshFan/status/556072912797458433
KiTtu_PSPK,http://pbs.twimg.com/profile_images/556513008122228736/6e5OlqMg_bigger.jpeg,https://twitter.com/KiTtu_PSPK/status/556018187536314369
Keshava_4Mahesh,http://pbs.twimg.com/profile_images/532885332232896512/eYpfTAsH_bigger.jpeg,https://twitter.com/Keshava_4Mahesh/status/555646028527833088
Keisar_,http://pbs.twimg.com/profile_images/537940533121789953/17pmOLsS_bigger.jpeg,https://twitter.com/Keisar_/status/556399293150425088
KalyanFanatic,http://pbs.twimg.com/profile_images/555962431562731520/V79t5xrJ_bigger.jpeg,https://twitter.com/KalyanFanatic/status/556032652319260672
Kaifffff,http://pbs.twimg.com/profile_images/556532196144463873/ineUFz8d_bigger.jpeg,https://twitter.com/Kaifffff/status/555091442247278592
KRBS526,http://pbs.twimg.com/profile_images/549581414065131521/bMqoZGeG_bigger.jpeg,https://twitter.com/KRBS526/status/555745387051372546
KLakshmanReddy2,http://pbs.twimg.com/profile_images/495814523945631744/qZQeCnQw_bigger.jpeg,https://twitter.com/KLakshmanReddy2/status/555389941278986240
JohnnyKarthik,http://pbs.twimg.com/profile_images/557432293367631872/bZJS1q8__bigger.jpeg,https://twitter.com/JohnnyKarthik/status/555988782789304320
Jayanta4Jeet,http://pbs.twimg.com/profile_images/532533388599500800/G2Qvnkw9_bigger.jpeg,https://twitter.com/Jayanta4Jeet/status/556399353841987584
Itzzzviswateja,http://pbs.twimg.com/profile_images/554211484423561216/rDsYf_CQ_bigger.jpeg,https://twitter.com/Itzzzviswateja/status/555777707028393984
Ishayu_Hari,http://pbs.twimg.com/profile_images/540445434200596480/Gk34ZXgQ_bigger.jpeg,https://twitter.com/Ishayu_Hari/status/555684534025351168
IemManikanta,http://pbs.twimg.com/profile_images/554319464775159808/goUINi-o_bigger.jpeg,https://twitter.com/IemManikanta/status/555005763089747968
Iamparthy,http://pbs.twimg.com/profile_images/540130753808322560/t293Ktw3_bigger.jpeg,https://twitter.com/Iamparthy/status/555062074414354432
Iam_pomii,http://pbs.twimg.com/profile_images/545200391999078401/ojnqKMm3_bigger.jpeg,https://twitter.com/Iam_pomii/status/556492266421121024
IamMaheshFan,http://pbs.twimg.com/profile_images/537248356288847872/ToT0twyX_bigger.jpeg,https://twitter.com/IamMaheshFan/status/554983015013568512
IaMSuPeReHeI,http://abs.twimg.com/sticky/default_profile_images/default_profile_1_bigger.png,https://twitter.com/IaMSuPeReHeI/status/555727060929220608
ITeluguCinema,http://pbs.twimg.com/profile_images/492333379677724672/6UnBmH6K_bigger.jpeg,https://twitter.com/ITeluguCinema/status/554863623302955010
Hyderabadyouth,http://pbs.twimg.com/profile_images/554877414057050112/HczoD-CY_bigger.jpeg,https://twitter.com/Hyderabadyouth/status/554953846057750528
HittaPhatta,http://pbs.twimg.com/profile_images/547012922820407296/JvWBlWdI_bigger.png,https://twitter.com/HittaPhatta/status/555991660950089728
Harish_Khaleja,http://pbs.twimg.com/profile_images/532070375912243200/RTnkIdUH_bigger.jpeg,https://twitter.com/Harish_Khaleja/status/556007949370261506
Hari4Superstar,http://pbs.twimg.com/profile_images/514793532406509568/MrH23NQ5_bigger.jpeg,https://twitter.com/Hari4Superstar/status/557181592141967361
Hari4Mahesh,http://pbs.twimg.com/profile_images/554224747039297539/ywq8-H0p_bigger.jpeg,https://twitter.com/Hari4Mahesh/status/556070424841183232
Hanu_MegaPower,http://pbs.twimg.com/profile_images/549925841228931074/O-w2UQ8t_bigger.jpeg,https://twitter.com/Hanu_MegaPower/status/554987319141216256
HanuNtr,http://pbs.twimg.com/profile_images/557355901892317184/7pLbCY7f_bigger.jpeg,https://twitter.com/HanuNtr/status/556788199100411904
Gowtham_Tejj,http://pbs.twimg.com/profile_images/556489202620043266/BgfO5YvH_bigger.jpeg,https://twitter.com/Gowtham_Tejj/status/555647705112776704
GolisodaFilms,http://pbs.twimg.com/profile_images/3510665122/d011b9f18db4dd13772015f0b7f684c0_bigger.jpeg,https://twitter.com/GolisodaFilms/status/556811317038690304
GiriganiArun,http://pbs.twimg.com/profile_images/552842251345215489/v7Pprvl5_bigger.jpeg,https://twitter.com/GiriganiArun/status/555350009105747969
GeminiTV,http://pbs.twimg.com/profile_images/1812705905/gemini-tv_bigger.jpg,https://twitter.com/GeminiTV/status/555658191649132544
GangadharMuta79,http://pbs.twimg.com/profile_images/557328130923184131/allys_9b_bigger.jpeg,https://twitter.com/GangadharMuta79/status/554677750682767360
FilmyTelugu,http://pbs.twimg.com/profile_images/535555421784653825/JSrAb3Ez_bigger.png,https://twitter.com/FilmyTelugu/status/556683926681317376
FilmibeatTe,http://pbs.twimg.com/profile_images/507092065440653312/cDzLLJ-W_bigger.jpeg,https://twitter.com/FilmibeatTe/status/556769641591083008
FanOfSSMB,http://pbs.twimg.com/profile_images/555388776067784705/nOlOrZRX_bigger.jpeg,https://twitter.com/FanOfSSMB/status/555395884511272960
ErshadShaikh84,http://abs.twimg.com/sticky/default_profile_images/default_profile_5_bigger.png,https://twitter.com/ErshadShaikh84/status/555624158214643712
DizisSANDY,http://pbs.twimg.com/profile_images/552818222194376705/BzLdXWzm_bigger.jpeg,https://twitter.com/DizisSANDY/status/555005955734110208
DevaduFan,http://pbs.twimg.com/profile_images/557277384039075840/0UavRSZt_bigger.jpeg,https://twitter.com/DevaduFan/status/554993402391982080
DesireTrees,http://pbs.twimg.com/profile_images/494796651442081792/bIzfAxm-_bigger.jpeg,https://twitter.com/DesireTrees/status/554993527319719938
DesiSUP3RMAN,http://pbs.twimg.com/profile_images/465849833845039106/tKe3LAMC_bigger.jpeg,https://twitter.com/DesiSUP3RMAN/status/556466000632094720
Deepikaa123,http://pbs.twimg.com/profile_images/541814231973122048/BvNhT51e_bigger.jpeg,https://twitter.com/Deepikaa123/status/557219839748489216
Cinenewsworld,http://pbs.twimg.com/profile_images/462831992824803328/yjgOAgi3_bigger.jpeg,https://twitter.com/Cinenewsworld/status/555201285444481024
CinemaPassion99,http://pbs.twimg.com/profile_images/436514414737379328/bqLP7C_O_bigger.jpeg,https://twitter.com/CinemaPassion99/status/555059634457690112
ChwweetPriya,http://pbs.twimg.com/profile_images/542871106751717377/nUftF8a0_bigger.jpeg,https://twitter.com/ChwweetPriya/status/554685621478756352
ChennaiMP,http://pbs.twimg.com/profile_images/2587451934/lmv2s6oeojcjki30skrv_bigger.jpeg,https://twitter.com/ChennaiMP/status/555748755707002883
Charan_Arjun4,http://pbs.twimg.com/profile_images/505973753264607233/eaXruZOn_bigger.jpeg,https://twitter.com/Charan_Arjun4/status/557111254024982530
Candid_HRavi,http://pbs.twimg.com/profile_images/557074724266598400/tpMCyVeh_bigger.jpeg,https://twitter.com/Candid_HRavi/status/555642635725975553
BollywoodH,http://pbs.twimg.com/profile_images/438551055039610880/rByEZjV7_bigger.jpeg,https://twitter.com/BollywoodH/status/556515471688617984
Bolly2Tolly1,http://pbs.twimg.com/profile_images/555816193081098240/ldm75iMD_bigger.png,https://twitter.com/Bolly2Tolly1/status/556856058744803328
Binitamistry07,http://pbs.twimg.com/profile_images/553785760030023680/FOtU-uZ3_bigger.jpeg,https://twitter.com/Binitamistry07/status/556703739227041794
Bharath_7kumar,http://pbs.twimg.com/profile_images/556658338331492352/Tm6YgQ_i_bigger.jpeg,https://twitter.com/Bharath_7kumar/status/554890723284119552
Being_Prem_,http://pbs.twimg.com/profile_images/542644655578312706/jJ8n_vQ3_bigger.jpeg,https://twitter.com/Being_Prem_/status/556479795458879488
BeingJahir,http://pbs.twimg.com/profile_images/505285940089073664/ILOOuZ3u_bigger.jpeg,https://twitter.com/BeingJahir/status/556169649629306880
BeUrSelf1991,http://pbs.twimg.com/profile_images/532598111491723264/r9xvGMI1_bigger.jpeg,https://twitter.com/BeUrSelf1991/status/555042718410227712
BaluNenokkadine,http://pbs.twimg.com/profile_images/545025132154982400/nyV7YyhD_bigger.jpeg,https://twitter.com/BaluNenokkadine/status/555720333848629250
Balaram_Raju,http://pbs.twimg.com/profile_images/557382506802999296/e6XN8DdX_bigger.jpeg,https://twitter.com/Balaram_Raju/status/555029022669697025
AsliSRKian,http://pbs.twimg.com/profile_images/524154831997382657/ql-tXKAT_bigger.jpeg,https://twitter.com/AsliSRKian/status/556729385722445824
Ashishheerakar2,http://abs.twimg.com/sticky/default_profile_images/default_profile_1_bigger.png,https://twitter.com/Ashishheerakar2/status/554862289858199552
ArunImman,http://pbs.twimg.com/profile_images/518784754020147200/rX7WpQSd_bigger.jpeg,https://twitter.com/ArunImman/status/555069842600890368
ArjunFed56,http://pbs.twimg.com/profile_images/554164103371968512/Ku83OLbq_bigger.jpeg,https://twitter.com/ArjunFed56/status/555743787801001984
AnudeepPramod,http://pbs.twimg.com/profile_images/550609658973417472/9Qi-6fc4_bigger.jpeg,https://twitter.com/AnudeepPramod/status/556094313478639617
Anjibabu504,http://pbs.twimg.com/profile_images/3214883475/b52aa2fcf4600c5ee1575e00a49bdcc9_bigger.jpeg,https://twitter.com/Anjibabu504/status/555353038571831296
Amruth_05,http://pbs.twimg.com/profile_images/556716969089437698/kKD8I9nx_bigger.jpeg,https://twitter.com/Amruth_05/status/555725964445896704
AlwaysRcFan,http://pbs.twimg.com/profile_images/505979579027046401/3qUghRUx_bigger.jpeg,https://twitter.com/AlwaysRcFan/status/557107994086100992
AlwaysAbhl,http://pbs.twimg.com/profile_images/1498715997/chiru_ks_bigger.gif,https://twitter.com/AlwaysAbhl/status/555257220930093056
Akhil_316,http://pbs.twimg.com/profile_images/551672653749030912/gwJhqz7e_bigger.jpeg,https://twitter.com/Akhil_316/status/554982656983965697
Ajay_Kumar79,http://pbs.twimg.com/profile_images/541236817488392192/BXAYNaf5_bigger.jpeg,https://twitter.com/Ajay_Kumar79/status/555353039905640449
AjayYek,http://pbs.twimg.com/profile_images/441645091434668032/oWNKtXCD_bigger.jpeg,https://twitter.com/AjayYek/status/555788480450539520
AfsarTamannaah,http://pbs.twimg.com/profile_images/553987283687190529/8CpRcJBM_bigger.jpeg,https://twitter.com/AfsarTamannaah/status/555692522953900033
AbhiUrstruly,http://pbs.twimg.com/profile_images/539793856909172738/12Zip-Wa_bigger.jpeg,https://twitter.com/AbhiUrstruly/status/556348023022702592
AJ5M1TH,http://pbs.twimg.com/profile_images/464729755053326336/1BODPziU_bigger.jpeg,https://twitter.com/AJ5M1TH/status/555637664674639872
AAPTrends,http://pbs.twimg.com/profile_images/531159180317454336/_T4NDMx0_bigger.jpeg,https://twitter.com/AAPTrends/status/555608185470713857
AAPDonationList,http://pbs.twimg.com/profile_images/531186246236659712/Bp8G-vZh_bigger.jpeg,https://twitter.com/AAPDonationList/status/555608172661309442
4Invincibles,http://pbs.twimg.com/profile_images/555441873435631616/fiDEMqHY_bigger.jpeg,https://twitter.com/4Invincibles/status/555274806442995712
2akhil,http://pbs.twimg.com/profile_images/532406355466797056/t5imkbW8_bigger.jpeg,https://twitter.com/2akhil/status/555328217045676032
1InMillion_SSMB,http://pbs.twimg.com/profile_images/531798543225204736/FALM2OiY_bigger.jpeg,https://twitter.com/1InMillion_SSMB/status/555732268891635713
