http://pbs.twimg.com/profile_images/3200362768/e75ff6f21a1e7a1f005488a611f43ac5_bigger.jpeg,BTNowTV,https://twitter.com/BTNowTV,
http://pbs.twimg.com/profile_images/378800000625411074/04daa3db1e240c659b4b1c76da616135_bigger.png,LeaNoticias,https://twitter.com/LeaNoticias,
http://pbs.twimg.com/profile_images/421409513455894528/tyj0G4uS_bigger.jpeg,WSJD,https://twitter.com/WSJD,
http://pbs.twimg.com/profile_images/491619221302820865/Mist0Ugb_bigger.jpeg,BIOPHYSIX,https://twitter.com/BIOPHYSIX,
http://pbs.twimg.com/profile_images/378800000572059449/8725615bd87d52a00c3a13a2e831fdd9_bigger.jpeg,BaitAsmara,https://twitter.com/BaitAsmara,
http://pbs.twimg.com/profile_images/424409744107765761/VQDvtrZr_bigger.jpeg,FrontalanJenius,https://twitter.com/FrontalanJenius,
http://pbs.twimg.com/profile_images/378800000851220871/8bd17340b6cf19fa83cd386178761453_bigger.jpeg,KalimatRasaku,https://twitter.com/KalimatRasaku,
http://pbs.twimg.com/profile_images/457565116959952896/R4QECwlp_bigger.jpeg,ehkampret,https://twitter.com/ehkampret,
http://pbs.twimg.com/profile_images/378800000408451785/b103f3d257f034e409eea6c7fb6c645d_bigger.jpeg,ragamUKM,https://twitter.com/ragamUKM,
http://pbs.twimg.com/profile_images/3552043303/c22ee976c57f0b3951b1b2ad7f39155c_bigger.jpeg,UcapanHatimu,https://twitter.com/UcapanHatimu,
http://pbs.twimg.com/profile_images/495350521075474432/0TKtEFnN_bigger.jpeg,GuruNanya,https://twitter.com/GuruNanya,
http://pbs.twimg.com/profile_images/469069853219749888/VtpW8lEA_bigger.jpeg,MotivatorCinta,https://twitter.com/MotivatorCinta,
http://pbs.twimg.com/profile_images/517607181940580352/FiYEyT0A_bigger.png,SamsungSupport,https://twitter.com/SamsungSupport,
http://pbs.twimg.com/profile_images/423837027042209793/8I46dF8a_bigger.jpeg,theNotesofus,https://twitter.com/theNotesofus,
http://pbs.twimg.com/profile_images/445945652040593408/4wNoR3SH_bigger.jpeg,PerihalSeks,https://twitter.com/PerihalSeks,
http://pbs.twimg.com/profile_images/464097916106178560/xDoYM2MV_bigger.jpeg,MySpeakEnglish,https://twitter.com/MySpeakEnglish,
http://pbs.twimg.com/profile_images/430363789360254976/_DHnYlHO_bigger.jpeg,SindiranMantaap,https://twitter.com/SindiranMantaap,
http://pbs.twimg.com/profile_images/378800000129896109/0b23fc1897bfeaa9cbf272a5f9058529_bigger.jpeg,lina__leto,https://twitter.com/lina__leto,
http://pbs.twimg.com/profile_images/513157694102839298/5xe0hh2D_bigger.jpeg,CapricornAddict,https://twitter.com/CapricornAddict,
http://pbs.twimg.com/profile_images/444422885512200192/eZJXh3xp_bigger.jpeg,KompasTekno,https://twitter.com/KompasTekno,
http://pbs.twimg.com/profile_images/1119476296/images_bigger.jpg,SOCIALMEDIAINF0,https://twitter.com/SOCIALMEDIAINF0,
http://pbs.twimg.com/profile_images/344513261578444358/d78ef47b280c46c0edfc89473b5d574d_bigger.jpeg,comicsalliance,https://twitter.com/comicsalliance,
http://pbs.twimg.com/profile_images/436601878734860288/yF0NeV_z_bigger.jpeg,doa2hati,https://twitter.com/doa2hati,
http://pbs.twimg.com/profile_images/501538148636061696/yCLVro3e_bigger.jpeg,ocehanboo,https://twitter.com/ocehanboo,
http://pbs.twimg.com/profile_images/378800000818222780/e043cea0de44a27c75089825cd3ed753_bigger.jpeg,daftarUKM,https://twitter.com/daftarUKM,
http://pbs.twimg.com/profile_images/561479434/Kaskus_FJB_bigger.jpg,FJBkaskus,https://twitter.com/FJBkaskus,
http://pbs.twimg.com/profile_images/437818956372398080/tHjREsGl_bigger.jpeg,TulusnyaHati,https://twitter.com/TulusnyaHati,
http://pbs.twimg.com/profile_images/378800000841483403/5359792baa7778ada6e2e202e684bfc4_bigger.jpeg,smobooth,https://twitter.com/smobooth,
http://pbs.twimg.com/profile_images/2826854530/6e012358532d6e9fc4f00cddeeff1fce_bigger.jpeg,kip_asu,https://twitter.com/kip_asu,
http://pbs.twimg.com/profile_images/435016608650502144/M2UUVhKf_bigger.jpeg,macov_net,https://twitter.com/macov_net,
http://pbs.twimg.com/profile_images/529532525312364544/bhYognIu_bigger.jpeg,PetuahKata2,https://twitter.com/PetuahKata2,
http://pbs.twimg.com/profile_images/417431677317545984/Rp9afaCP_bigger.jpeg,InspirasiHarimu,https://twitter.com/InspirasiHarimu,
http://pbs.twimg.com/profile_images/525525265384878080/FHkTgFvr_bigger.png,MultivisionECU,https://twitter.com/MultivisionECU,
http://pbs.twimg.com/profile_images/506080696725549056/N-TpDN1H_bigger.jpeg,hafalan_doa,https://twitter.com/hafalan_doa,
http://pbs.twimg.com/profile_images/3738318487/d883dded3ba709e7c8e8fd72687538a7_bigger.jpeg,katalogpromosi,https://twitter.com/katalogpromosi,
http://pbs.twimg.com/profile_images/519534442730123264/2iChSu6C_bigger.jpeg,kimyiha,https://twitter.com/kimyiha,
http://pbs.twimg.com/profile_images/557393739640229888/qQKSp1JY_bigger.jpeg,bob959,https://twitter.com/bob959,
http://pbs.twimg.com/profile_images/510377070526857216/B9UpfQJ2_bigger.jpeg,SamsungMalaysia,https://twitter.com/SamsungMalaysia,
http://pbs.twimg.com/profile_images/557357080567238656/cJu1TSlh_bigger.jpeg,W4r_1,https://twitter.com/W4r_1,
http://pbs.twimg.com/profile_images/504411633750265856/YzPYo_xU_bigger.png,MultivisionEC,https://twitter.com/MultivisionEC,
http://pbs.twimg.com/profile_images/539495615139282944/PICvCvHT_bigger.png,lnfoZodiak,https://twitter.com/lnfoZodiak,
http://pbs.twimg.com/profile_images/539587981636415488/5hFkmSna_bigger.jpeg,ensogoph,https://twitter.com/ensogoph,
http://pbs.twimg.com/profile_images/530164527308886018/VGj02MSh_bigger.jpeg,BreizhlanderJH,https://twitter.com/BreizhlanderJH,
http://pbs.twimg.com/profile_images/503015009622847488/Ig90iCUO_bigger.png,dreamequotes,https://twitter.com/dreamequotes,
http://pbs.twimg.com/profile_images/505278377717006336/9um4mmAV_bigger.jpeg,LowyatNET,https://twitter.com/LowyatNET,
http://pbs.twimg.com/profile_images/557387146303008769/_B6Z4PW2_bigger.png,globalteleshop,https://twitter.com/globalteleshop,
http://pbs.twimg.com/profile_images/529522418121863168/hCQh0mWO_bigger.png,OmahAndroidID,https://twitter.com/OmahAndroidID,
http://pbs.twimg.com/profile_images/1207312719/St_bigger.jpg,twitt_super,https://twitter.com/twitt_super,
http://pbs.twimg.com/profile_images/1083591478/Logo_bigger.JPG,digiscopeonline,https://twitter.com/digiscopeonline,
http://pbs.twimg.com/profile_images/1683793014/eye-make-up-background_bigger.jpg,FaceArtisans,https://twitter.com/FaceArtisans,
http://pbs.twimg.com/profile_images/3126508629/d2c103be4b5c5630dd17c03ca9b82bee_bigger.jpeg,seidelbroach,https://twitter.com/seidelbroach,
http://pbs.twimg.com/profile_images/2498407624/5y326wixkcggeaimnbv5_bigger.jpeg,Cycling_SA,https://twitter.com/Cycling_SA,
http://pbs.twimg.com/profile_images/2658522813/94d9c66d391c59267715063ea5401261_bigger.jpeg,MobileBliss,https://twitter.com/MobileBliss,
http://pbs.twimg.com/profile_images/378800000316985763/d7877fccf61a301b644aa68055856821_bigger.jpeg,IKLANlaku,https://twitter.com/IKLANlaku,
http://pbs.twimg.com/profile_images/547529723086004225/D4TcI8qY_bigger.jpeg,OnlineMarketeer,https://twitter.com/OnlineMarketeer,
http://pbs.twimg.com/profile_images/436699384403615744/1z0NtBZC_bigger.jpeg,HomeFamInsider,https://twitter.com/HomeFamInsider,
http://pbs.twimg.com/profile_images/554407495398338562/mb9SMIAH_bigger.jpeg,13DUKE,https://twitter.com/13DUKE,
http://pbs.twimg.com/profile_images/441784190183292928/pZSGR0Js_bigger.jpeg,adamnajberg,https://twitter.com/adamnajberg,
http://pbs.twimg.com/profile_images/378800000498834308/adc68f7b196fbe067a36c6fda853fc80_bigger.png,SamsungUpdates,https://twitter.com/SamsungUpdates,
http://pbs.twimg.com/profile_images/1824267519/androidicon_bigger.jpg,TuAndroidBlog,https://twitter.com/TuAndroidBlog,
http://pbs.twimg.com/profile_images/1646582225/301439_260164504029427_140333579345854_713263_1956747268_n_1__bigger.jpg,androidadvices,https://twitter.com/androidadvices,
http://abs.twimg.com/sticky/default_profile_images/default_profile_3_bigger.png,UNTITLEDPROFlLE,https://twitter.com/UNTITLEDPROFlLE,
http://pbs.twimg.com/profile_images/514779469794406400/TE7f2rYB_bigger.jpeg,KnoxTainment,https://twitter.com/KnoxTainment,
http://pbs.twimg.com/profile_images/499828341411549185/Nq6GtwAN_bigger.png,TomMSFT,https://twitter.com/TomMSFT,
http://pbs.twimg.com/profile_images/998237114/spitstwit_bigger.png,Spitstwit,https://twitter.com/Spitstwit,
http://pbs.twimg.com/profile_images/553818746398457858/forjYXxD_bigger.jpeg,melly_steel,https://twitter.com/melly_steel,
http://pbs.twimg.com/profile_images/468584942109077504/J0BVYvq8_bigger.jpeg,iklanlaku_,https://twitter.com/iklanlaku_,
http://pbs.twimg.com/profile_images/552418042395639808/eNJMKIPy_bigger.jpeg,pangeran_ucup,https://twitter.com/pangeran_ucup,
http://pbs.twimg.com/profile_images/465756423993835520/4hZs2tPV_bigger.jpeg,logdergisi,https://twitter.com/logdergisi,
http://pbs.twimg.com/profile_images/468584449416769537/FdkjYTTd_bigger.jpeg,iklantop_,https://twitter.com/iklantop_,
http://pbs.twimg.com/profile_images/2463040019/yu5aouq30ryvcgo07s9a_bigger.jpeg,But_IFollowBack,https://twitter.com/But_IFollowBack,
http://pbs.twimg.com/profile_images/378800000471510941/a009d95eafaa17615d383d367077ced9_bigger.jpeg,clickersgetin,https://twitter.com/clickersgetin,
http://pbs.twimg.com/profile_images/463701689833246720/-zbS-8Qi_bigger.png,ElGuayacoVende,https://twitter.com/ElGuayacoVende,
http://pbs.twimg.com/profile_images/481241772312391680/giggSSQZ_bigger.jpeg,BisnisKuNih,https://twitter.com/BisnisKuNih,
http://pbs.twimg.com/profile_images/506227601019375616/PybK9mm1_bigger.jpeg,dewatamdm,https://twitter.com/dewatamdm,
http://pbs.twimg.com/profile_images/503915368700588033/y6AT0VNQ_bigger.png,smartmania,https://twitter.com/smartmania,
http://pbs.twimg.com/profile_images/1746397508/AllSports_bigger.png,GoodSportTweets,https://twitter.com/GoodSportTweets,
http://pbs.twimg.com/profile_images/378800000043473501/41cdc271b0102477f6e80c35c7e17daf_bigger.jpeg,GdeMoiNoski,https://twitter.com/GdeMoiNoski,
http://pbs.twimg.com/profile_images/522455147268427776/yY_VyX-T_bigger.jpeg,fausinchipock,https://twitter.com/fausinchipock,
http://pbs.twimg.com/profile_images/541845935647490048/UwAwncG8_bigger.jpeg,shella_meliani,https://twitter.com/shella_meliani,
http://pbs.twimg.com/profile_images/543004832374616064/sS8HqQsr_bigger.jpeg,WNewsAsia,https://twitter.com/WNewsAsia,
http://pbs.twimg.com/profile_images/495483382810173441/6m_-Vw7-_bigger.jpeg,1rm_n,https://twitter.com/1rm_n,
http://pbs.twimg.com/profile_images/1790885780/educational-aphabet-blocks_bigger.gif,Toys4Toddlers,https://twitter.com/Toys4Toddlers,
http://pbs.twimg.com/profile_images/378800000644792447/cbb2ef025a12a9394147b7fe7f185625_bigger.jpeg,TuitIndonesia,https://twitter.com/TuitIndonesia,
http://pbs.twimg.com/profile_images/2462977310/f86ljcqxa09mtnzqe9l0_bigger.png,robbyntweetz,https://twitter.com/robbyntweetz,
http://pbs.twimg.com/profile_images/537257378505187331/c0ERiNbC_bigger.jpeg,hernameisdinda,https://twitter.com/hernameisdinda,
http://pbs.twimg.com/profile_images/453070205560696832/CH4M4PXO_bigger.jpeg,GinjiGaiger,https://twitter.com/GinjiGaiger,
http://pbs.twimg.com/profile_images/551860747228442624/GbrHth49_bigger.jpeg,Amegaxi,https://twitter.com/Amegaxi,
http://pbs.twimg.com/profile_images/485059115064889344/y1Yldfbz_bigger.jpeg,jokowiclub,https://twitter.com/jokowiclub,
http://pbs.twimg.com/profile_images/378800000214746716/25677fe28583824aac631b8ce52da177_bigger.jpeg,CellPhone_Roxy,https://twitter.com/CellPhone_Roxy,
http://pbs.twimg.com/profile_images/553355274447110144/9Hj66sSo_bigger.jpeg,KangRacka,https://twitter.com/KangRacka,
http://pbs.twimg.com/profile_images/500881302602526720/f98DGq_s_bigger.jpeg,CamiloDuron,https://twitter.com/CamiloDuron,
http://pbs.twimg.com/profile_images/378800000833437377/1e7c4b8d71f503df173ff6c323c418c2_bigger.png,astanaanyar_,https://twitter.com/astanaanyar_,
http://pbs.twimg.com/profile_images/551532286806487040/Sz-_t1Jc_bigger.png,openomroep,https://twitter.com/openomroep,
http://pbs.twimg.com/profile_images/3691874249/18fedd6ac5d3506acdb2aebd0448253e_bigger.jpeg,RedySeguridad,https://twitter.com/RedySeguridad,
http://pbs.twimg.com/profile_images/460520971275759617/-_ri938X_bigger.png,ShoppingDealsHQ,https://twitter.com/ShoppingDealsHQ,
http://pbs.twimg.com/profile_images/478923244234215424/ypU8IwbL_bigger.png,SSENunion,https://twitter.com/SSENunion,
http://pbs.twimg.com/profile_images/554279879097589760/ycFefvfK_bigger.jpeg,SyedaaAmmara,https://twitter.com/SyedaaAmmara,
http://pbs.twimg.com/profile_images/1186134337/android_bigger.png,AndroidNewsbeat,https://twitter.com/AndroidNewsbeat,
http://pbs.twimg.com/profile_images/1680610409/frank_vandermade_182x182_bigger.jpg,FrankvanderMade,https://twitter.com/FrankvanderMade,
http://pbs.twimg.com/profile_images/458740028785434624/uRDnwP4f_bigger.png,swappa,https://twitter.com/swappa,
http://pbs.twimg.com/profile_images/491279051185610752/XRhYzIMf_bigger.jpeg,Onai_Oxygen,https://twitter.com/Onai_Oxygen,
http://pbs.twimg.com/profile_images/523389629798445056/PImPkLIs_bigger.jpeg,UpdateNews6,https://twitter.com/UpdateNews6,
http://pbs.twimg.com/profile_images/554876613255778305/R0nPX5PH_bigger.jpeg,ncxll,https://twitter.com/ncxll,
http://pbs.twimg.com/profile_images/1646879647/barbie_chanel_bigger.jpg,SmokinHotBarbie,https://twitter.com/SmokinHotBarbie,
http://pbs.twimg.com/profile_images/1202698886/tweet_bigger.jpg,_TweetRetweet_,https://twitter.com/_TweetRetweet_,
http://pbs.twimg.com/profile_images/378800000824966919/0cad2e3712f3d7e26a4f994d139ed7c9_bigger.jpeg,reclamenieuws,https://twitter.com/reclamenieuws,
http://pbs.twimg.com/profile_images/528975197102030848/NtCvTXuc_bigger.jpeg,4paKataDunia,https://twitter.com/4paKataDunia,
http://pbs.twimg.com/profile_images/415848648526667776/rexvmPrs_bigger.jpeg,kabardetiknews,https://twitter.com/kabardetiknews,
http://pbs.twimg.com/profile_images/228932222/DSC_0050_5_bigger.jpg,gstrignano,https://twitter.com/gstrignano,
http://pbs.twimg.com/profile_images/2364105236/na0scll9acuzivvuje5j_bigger.jpeg,coriandercater,https://twitter.com/coriandercater,
http://pbs.twimg.com/profile_images/3120126353/311da6b9dbfb8ea9db89729687076c4a_bigger.jpeg,KotaTenggarong,https://twitter.com/KotaTenggarong,
http://pbs.twimg.com/profile_images/515778815369281537/ODghmjrJ_bigger.jpeg,mr_lazuardito,https://twitter.com/mr_lazuardito,
http://pbs.twimg.com/profile_images/459987738964410368/wZZ-D20v_bigger.jpeg,CAPITALRADIOB,https://twitter.com/CAPITALRADIOB,
http://pbs.twimg.com/profile_images/537533394201362433/_y59d5e3_bigger.jpeg,AdeqAza,https://twitter.com/AdeqAza,
http://pbs.twimg.com/profile_images/2362734306/icb38okrl9z2wqowvz2g_bigger.jpeg,chokeberryincu,https://twitter.com/chokeberryincu,
http://pbs.twimg.com/profile_images/548748225587314688/FgtXQDDl_bigger.jpeg,EngMadhi,https://twitter.com/EngMadhi,
http://pbs.twimg.com/profile_images/2446326825/f32sfibo5mebbt61j5kp_bigger.jpeg,420CareBear,https://twitter.com/420CareBear,
http://pbs.twimg.com/profile_images/536381545682964480/dRHvM5Dr_bigger.png,Data88Geek,https://twitter.com/Data88Geek,
http://pbs.twimg.com/profile_images/378800000732256074/f3ae260099206da0f0c704d4a1e3aebe_bigger.jpeg,follow_back158,https://twitter.com/follow_back158,
http://pbs.twimg.com/profile_images/534454128622071808/FHeR6E4E_bigger.png,AllTechBot,https://twitter.com/AllTechBot,
http://pbs.twimg.com/profile_images/3677463842/c42ad6d537c69472331e3bef959821a8_bigger.jpeg,Rightman777,https://twitter.com/Rightman777,
http://pbs.twimg.com/profile_images/492687434371461120/ZjButom0_bigger.jpeg,JimBourke,https://twitter.com/JimBourke,
http://pbs.twimg.com/profile_images/2364049261/ldff2qq9s1jsjbnkqm62_bigger.jpeg,employerenfant,https://twitter.com/employerenfant,
http://pbs.twimg.com/profile_images/378800000691083696/e33991d9593e5347ad62d355cc18f952_bigger.jpeg,TheEliteShopper,https://twitter.com/TheEliteShopper,
http://pbs.twimg.com/profile_images/2184506970/imageskuu_bigger.jpg,KateUptonWatch,https://twitter.com/KateUptonWatch,
http://pbs.twimg.com/profile_images/3120160467/12ec4b2cdd4a94ea0f65c8fb01ca26c5_bigger.jpeg,FJBBalikpapan,https://twitter.com/FJBBalikpapan,
http://pbs.twimg.com/profile_images/507549927753662466/YhsSS4mT_bigger.jpeg,ridoman_silo,https://twitter.com/ridoman_silo,
http://pbs.twimg.com/profile_images/505363693450702849/xusdlP_t_bigger.jpeg,mossymaze,https://twitter.com/mossymaze,
http://pbs.twimg.com/profile_images/487788978448240641/uLMLzPWS_bigger.jpeg,ockygsb,https://twitter.com/ockygsb,
http://pbs.twimg.com/profile_images/557242270731083777/EGFgpMmi_bigger.jpeg,OfficialTheguh,https://twitter.com/OfficialTheguh,
http://pbs.twimg.com/profile_images/3777837925/4a68ce35dd8bd9977a951942310b746e_bigger.jpeg,_B_a_r_s_,https://twitter.com/_B_a_r_s_,
http://pbs.twimg.com/profile_images/378800000796066548/eee724a1675f443724a44b90c07ebac8_bigger.jpeg,rowansmom1127,https://twitter.com/rowansmom1127,
http://pbs.twimg.com/profile_images/2714842238/f4ca6d5c74b4555f1136f651b80d0124_bigger.jpeg,prudenciocarlo,https://twitter.com/prudenciocarlo,
http://pbs.twimg.com/profile_images/461676375099727873/csHpgFhG_bigger.jpeg,Official48Indo,https://twitter.com/Official48Indo,
http://pbs.twimg.com/profile_images/427442363485548544/Jx0w8-EK_bigger.png,CarAccessorieJP,https://twitter.com/CarAccessorieJP,
http://pbs.twimg.com/profile_images/2362844620/oreyxygq3ash6khlcmct_bigger.jpeg,dredgehilton,https://twitter.com/dredgehilton,
http://pbs.twimg.com/profile_images/542649544425480192/dIyLh0i4_bigger.jpeg,Dadap48,https://twitter.com/Dadap48,
http://pbs.twimg.com/profile_images/918978883/b_115542_56280_963109676_0_bigger.jpg,arsenal_alpha,https://twitter.com/arsenal_alpha,
http://pbs.twimg.com/profile_images/2251214871/gif0102_bigger.gif,TheGrindaholic,https://twitter.com/TheGrindaholic,
http://pbs.twimg.com/profile_images/378800000126335196/61e306aca443938c0feba3db9f511560_bigger.jpeg,Pery315,https://twitter.com/Pery315,
http://pbs.twimg.com/profile_images/505579537384488960/sXagsWSz_bigger.jpeg,Agenda_Panama,https://twitter.com/Agenda_Panama,
http://pbs.twimg.com/profile_images/527043781384617985/MQMYt_jb_bigger.jpeg,myOznet,https://twitter.com/myOznet,
http://pbs.twimg.com/profile_images/1839600878/59935659956_bigger.jpg,Kimberely_Mcgra,https://twitter.com/Kimberely_Mcgra,
http://pbs.twimg.com/profile_images/3066095924/bf13f87505ab9531f293cbc855c817a1_bigger.jpeg,GetFollowazHere,https://twitter.com/GetFollowazHere,
http://pbs.twimg.com/profile_images/2364189150/jgndpcgxmz74hwk0l6fx_bigger.jpeg,tottypaper,https://twitter.com/tottypaper,
http://pbs.twimg.com/profile_images/2378863144/d8j8kau4pzqwwtbqfhe6_bigger.jpeg,baneberryhous,https://twitter.com/baneberryhous,
http://pbs.twimg.com/profile_images/3057918374/dbbd1519932b48dce4c8afa2936e378c_bigger.jpeg,TipsMemotret,https://twitter.com/TipsMemotret,
http://pbs.twimg.com/profile_images/501665487353171969/eoMkLtvb_bigger.jpeg,GadAra_MS,https://twitter.com/GadAra_MS,
http://pbs.twimg.com/profile_images/378800000685627002/f717a75248002cd254d551a850e2dda1_bigger.jpeg,BargainzaHunter,https://twitter.com/BargainzaHunter,
http://pbs.twimg.com/profile_images/2120369658/320px-All_Gizah_Pyramids_bigger.jpg,best_seller_jp,https://twitter.com/best_seller_jp,
http://pbs.twimg.com/profile_images/551181787616276480/8fNiHGfh_bigger.jpeg,Greattweets2go,https://twitter.com/Greattweets2go,
http://pbs.twimg.com/profile_images/481237951737647104/pO4kNtjW_bigger.png,timurberita,https://twitter.com/timurberita,
http://pbs.twimg.com/profile_images/463067919702712320/YUGWVi_s_bigger.jpeg,MartinLarrison,https://twitter.com/MartinLarrison,
http://pbs.twimg.com/profile_images/553625446190157824/a_yWzJ8r_bigger.jpeg,smartclinic56,https://twitter.com/smartclinic56,
http://pbs.twimg.com/profile_images/513624565008715778/5tqx2-AN_bigger.jpeg,M_KurniawanMK,https://twitter.com/M_KurniawanMK,
http://pbs.twimg.com/profile_images/544257152030752770/Rt2JF7So_bigger.jpeg,Lehm007,https://twitter.com/Lehm007,
http://pbs.twimg.com/profile_images/2463196297/v95cnn9kp1za69924osy_bigger.jpeg,artiecleanse,https://twitter.com/artiecleanse,
http://pbs.twimg.com/profile_images/2391367770/qk79pn2yz4o3p7bmeotm_bigger.jpeg,HalleTracker,https://twitter.com/HalleTracker,
http://pbs.twimg.com/profile_images/417659614960701442/0ughv0cm_bigger.jpeg,LeeMinjeong83,https://twitter.com/LeeMinjeong83,
http://pbs.twimg.com/profile_images/557384105961074689/4eE6Lipm_bigger.jpeg,toxicshadyy,https://twitter.com/toxicshadyy,
http://pbs.twimg.com/profile_images/378800000745324600/3ce41816ff5ad4f65d888439e6acf4bc_bigger.jpeg,Info2Palembang,https://twitter.com/Info2Palembang,
http://pbs.twimg.com/profile_images/505059259881897984/lOXUljuf_bigger.jpeg,AMaslova31,https://twitter.com/AMaslova31,
http://pbs.twimg.com/profile_images/483831074053951488/NEQCBrOE_bigger.jpeg,LecheriaHosting,https://twitter.com/LecheriaHosting,
http://pbs.twimg.com/profile_images/3311497884/53fe5dfb041c6667fec37d04f94ed636_bigger.jpeg,android2you,https://twitter.com/android2you,
http://pbs.twimg.com/profile_images/2209382749/listen_normal_bigger.gif,ivanceput,https://twitter.com/ivanceput,
http://pbs.twimg.com/profile_images/378800000692736348/2515e53860ec402badd08bab5ffeae8e_bigger.png,btouchit,https://twitter.com/btouchit,
http://pbs.twimg.com/profile_images/378800000221720984/c5899871a591d0878d9f4cd1f1077165_bigger.png,TinaKaikkonen,https://twitter.com/TinaKaikkonen,
http://pbs.twimg.com/profile_images/2362607795/ebvjz8uwb9qg3kyc2dif_bigger.jpeg,jerkygwen,https://twitter.com/jerkygwen,
http://pbs.twimg.com/profile_images/450575323109675009/PEakP0FF_bigger.jpeg,IDBOOX,https://twitter.com/IDBOOX,
http://pbs.twimg.com/profile_images/3244378143/68bb6f58931c7590f9821bb73610594f_bigger.jpeg,skutrova,https://twitter.com/skutrova,
http://pbs.twimg.com/profile_images/2389593015/jb94bicgfhn8hgqqsi2v_bigger.jpeg,appleflames,https://twitter.com/appleflames,
http://pbs.twimg.com/profile_images/2389555191/32aqmv1fsepovvyi0yqs_bigger.png,linnetknelt,https://twitter.com/linnetknelt,
http://pbs.twimg.com/profile_images/557036746777845760/xjgNcKoU_bigger.jpeg,rickravenkroft,https://twitter.com/rickravenkroft,
http://pbs.twimg.com/profile_images/378800000231243420/e81b1b94d99f4b8c4750b50433e56a01_bigger.jpeg,revoluza_xxx,https://twitter.com/revoluza_xxx,
http://pbs.twimg.com/profile_images/1097104842/deusex-top_bigger.jpg,_DeusEx_,https://twitter.com/_DeusEx_,
http://pbs.twimg.com/profile_images/551093766195408897/enGjt8Oy_bigger.jpeg,rossiter_lisa,https://twitter.com/rossiter_lisa,
http://pbs.twimg.com/profile_images/3239244401/a8d17ebca7fbaee40a83666189462c1e_bigger.jpeg,KotaSangatta,https://twitter.com/KotaSangatta,
http://pbs.twimg.com/profile_images/1598862640/FJB_bigger.jpg,FJBBONTANG,https://twitter.com/FJBBONTANG,
http://pbs.twimg.com/profile_images/461057585714438145/GuLKIfbu_bigger.jpeg,infobandung123,https://twitter.com/infobandung123,
http://pbs.twimg.com/profile_images/539025502514982912/CEsP9GMZ_bigger.jpeg,nielsaarts,https://twitter.com/nielsaarts,
http://pbs.twimg.com/profile_images/545387039953129473/PvnwPFos_bigger.jpeg,oyalfan,https://twitter.com/oyalfan,
http://pbs.twimg.com/profile_images/1937685978/android-tag_vectorized_bigger.png,AndroidoDE,https://twitter.com/AndroidoDE,
http://pbs.twimg.com/profile_images/378800000249879643/ea3d060fc05915b29541e93ef9983720_bigger.jpeg,Peace_n_Success,https://twitter.com/Peace_n_Success,
http://pbs.twimg.com/profile_images/542627714960609280/xmq_82zL_bigger.jpeg,AFR_MD,https://twitter.com/AFR_MD,
http://pbs.twimg.com/profile_images/2389434798/wq2xn3s36o4nx1de11r2_bigger.jpeg,Glamr_Puss,https://twitter.com/Glamr_Puss,
http://pbs.twimg.com/profile_images/471830296279916544/xVc3HJKI_bigger.jpeg,uxpeinore1988,https://twitter.com/uxpeinore1988,
http://pbs.twimg.com/profile_images/473632718710775808/hJEJSUzv_bigger.jpeg,ningcome88,https://twitter.com/ningcome88,
http://pbs.twimg.com/profile_images/2375247185/4fe473ba877eb_76655b_bigger.jpg,britnewell,https://twitter.com/britnewell,
http://pbs.twimg.com/profile_images/2755906064/509fc0c43e534badeba8826c52529a56_bigger.png,sebastiaanhooft,https://twitter.com/sebastiaanhooft,
http://pbs.twimg.com/profile_images/378800000771183612/7ce3f1611afa41e969d11b6d0f0419b1_bigger.jpeg,JulioBarga,https://twitter.com/JulioBarga,
http://pbs.twimg.com/profile_images/2364241020/db1ee4izzkkebz4q1x4z_bigger.jpeg,goodrichdorcas,https://twitter.com/goodrichdorcas,
http://pbs.twimg.com/profile_images/3011387240/394733c649aa553298840bf3dce148a2_bigger.jpeg,PennyRTs,https://twitter.com/PennyRTs,
http://pbs.twimg.com/profile_images/2362805073/rys7h6o0isl7afxxau35_bigger.jpeg,geometrypretext,https://twitter.com/geometrypretext,
http://pbs.twimg.com/profile_images/505772652984680450/IUxfpYBi_bigger.png,aquickk,https://twitter.com/aquickk,
http://pbs.twimg.com/profile_images/505772859885498368/rV8sF3bP_bigger.png,Annhaerullah17,https://twitter.com/Annhaerullah17,
http://pbs.twimg.com/profile_images/512332803623514113/AZ6lfxvY_bigger.jpeg,hppythegreat,https://twitter.com/hppythegreat,
http://pbs.twimg.com/profile_images/2364123926/u3yrzywv4ac2gnxgwa97_bigger.jpeg,majorcakyler,https://twitter.com/majorcakyler,
http://pbs.twimg.com/profile_images/378800000482625485/4e75c889750f8805869f3df0d6d6608a_bigger.png,DiarioTecnologa,https://twitter.com/DiarioTecnologa,
http://pbs.twimg.com/profile_images/2751606291/b8072e4fbf8bb5e887090628939faea0_bigger.jpeg,KeepondreamingU,https://twitter.com/KeepondreamingU,
http://pbs.twimg.com/profile_images/505775023001329665/uVIsOXcD_bigger.png,NessieV_,https://twitter.com/NessieV_,
http://pbs.twimg.com/profile_images/542423052294692864/qdh7fg2a_bigger.jpeg,OfficialRevian,https://twitter.com/OfficialRevian,
http://pbs.twimg.com/profile_images/1682422702/ibf_bigger.jpg,broadbandforum,https://twitter.com/broadbandforum,
http://pbs.twimg.com/profile_images/505772697935028225/teVJQykC_bigger.png,MedyaKartali,https://twitter.com/MedyaKartali,
http://pbs.twimg.com/profile_images/3524077809/1ddec81c82ce3de2088088906cf02422_bigger.jpeg,luisanamillan,https://twitter.com/luisanamillan,
http://pbs.twimg.com/profile_images/1354871260/rudolphmuller_bigger.jpg,rudolphmuller,https://twitter.com/rudolphmuller,
http://pbs.twimg.com/profile_images/2375248746/godfather_banjo2_bigger.gif,criseschrista,https://twitter.com/criseschrista,
http://pbs.twimg.com/profile_images/557195740787638275/26oQdWPN_bigger.jpeg,_lovelydiane,https://twitter.com/_lovelydiane,
http://pbs.twimg.com/profile_images/378800000784337319/ca943433f8f13073ca1730374962997a_bigger.png,actueelitnieuws,https://twitter.com/actueelitnieuws,
http://pbs.twimg.com/profile_images/2874066309/efe6d024491439b5b7692a3b93b5ffbd_bigger.png,emmav6,https://twitter.com/emmav6,
http://pbs.twimg.com/profile_images/470336516904865792/qftuuvXG_bigger.png,NandaraID,https://twitter.com/NandaraID,
http://pbs.twimg.com/profile_images/445831838687182848/aCVQDj7E_bigger.jpeg,jaffri,https://twitter.com/jaffri,
http://pbs.twimg.com/profile_images/1742169251/twitter_tr_bigger.jpg,twanrijpers,https://twitter.com/twanrijpers,
http://pbs.twimg.com/profile_images/537496431305555968/0LK_43zW_bigger.jpeg,abuhanifah90,https://twitter.com/abuhanifah90,
http://pbs.twimg.com/profile_images/2365676447/9sj9nr628um7zh2sd0ue_bigger.jpeg,iBalikpapan,https://twitter.com/iBalikpapan,
http://pbs.twimg.com/profile_images/521546892648648704/sJRtExzL_bigger.png,concsumdera1987,https://twitter.com/concsumdera1987,
http://pbs.twimg.com/profile_images/2375247369/Cartier-enahnced_bigger.jpg,kilobuckco,https://twitter.com/kilobuckco,
http://pbs.twimg.com/profile_images/554693333394534400/xuorzjFY_bigger.jpeg,sp1d3r_ownz,https://twitter.com/sp1d3r_ownz,
http://pbs.twimg.com/profile_images/530334986667188226/PvPLfN0I_bigger.jpeg,NadyaNews21,https://twitter.com/NadyaNews21,
http://pbs.twimg.com/profile_images/2482941483/l7u77gmsw49s65wtfmd3_bigger.png,BalikpapanPost,https://twitter.com/BalikpapanPost,
http://pbs.twimg.com/profile_images/448750713263255553/Mb-SGOlj_bigger.jpeg,WOWKaskus,https://twitter.com/WOWKaskus,
http://pbs.twimg.com/profile_images/1675165152/iBizNew21_bigger.png,iBizNews21,https://twitter.com/iBizNews21,
http://pbs.twimg.com/profile_images/543278176160714752/U-tx_Rf3_bigger.jpeg,Nanu_Swag,https://twitter.com/Nanu_Swag,
http://pbs.twimg.com/profile_images/1427382982/iphone_bigger.jpeg,iphone4romania,https://twitter.com/iphone4romania,
http://pbs.twimg.com/profile_images/2376558144/b5j150he80xezh3r9w0q_bigger.jpeg,fussycoachwork,https://twitter.com/fussycoachwork,
http://pbs.twimg.com/profile_images/454305198983217152/c5kkLHxk_bigger.jpeg,efacelia,https://twitter.com/efacelia,
http://pbs.twimg.com/profile_images/553811586758877185/MpmmByXA_bigger.jpeg,Ross_Zombie,https://twitter.com/Ross_Zombie,
http://pbs.twimg.com/profile_images/534449096921079808/cstvR-DD_bigger.jpeg,eboow_news,https://twitter.com/eboow_news,
http://pbs.twimg.com/profile_images/378800000756491916/ae5229130fe22a872bbb1610bc35807c_bigger.jpeg,MrizkyFXTC_,https://twitter.com/MrizkyFXTC_,
http://pbs.twimg.com/profile_images/2499652809/Isotipoblank_bigger.png,OnDesarrollo,https://twitter.com/OnDesarrollo,
http://pbs.twimg.com/profile_images/547947217332342784/xel_wloC_bigger.jpeg,korandepe,https://twitter.com/korandepe,
http://pbs.twimg.com/profile_images/499539488029155332/Azwae32t_bigger.jpeg,cpnsna,https://twitter.com/cpnsna,
http://pbs.twimg.com/profile_images/527413911113314304/jk9nJhxl_bigger.jpeg,FashionTimesMag,https://twitter.com/FashionTimesMag,
http://pbs.twimg.com/profile_images/505714272580546560/sIlDwZcL_bigger.jpeg,OkkiRusmana,https://twitter.com/OkkiRusmana,
http://pbs.twimg.com/profile_images/497170648465022976/BUspGFig_bigger.jpeg,theNeutron25,https://twitter.com/theNeutron25,
http://pbs.twimg.com/profile_images/498061879458013184/m1cFC0en_bigger.jpeg,YourNewsUp2date,https://twitter.com/YourNewsUp2date,
http://pbs.twimg.com/profile_images/2376611086/zq2p8gm3fpiuhmnom7oa_bigger.jpeg,rampantlowdown,https://twitter.com/rampantlowdown,
http://pbs.twimg.com/profile_images/447621305/background_bigger.jpg,dealsoff,https://twitter.com/dealsoff,
http://pbs.twimg.com/profile_images/490484624250793984/rxmAQmnd_bigger.png,ukdealsonline,https://twitter.com/ukdealsonline,
http://pbs.twimg.com/profile_images/550368958634020864/mg_6yxdl_bigger.jpeg,sugarbellybee,https://twitter.com/sugarbellybee,
http://pbs.twimg.com/profile_images/506073515955458049/_k418fT3_bigger.jpeg,RakaGalihSajiwo,https://twitter.com/RakaGalihSajiwo,
http://pbs.twimg.com/profile_images/513057927998226433/062aLO3-_bigger.jpeg,Vitaliy_Ivanov,https://twitter.com/Vitaliy_Ivanov,
http://pbs.twimg.com/profile_images/518049313419968513/xVIxk6NA_bigger.png,ASimonov21,https://twitter.com/ASimonov21,
http://pbs.twimg.com/profile_images/518374639198666752/iiuNekDe_bigger.jpeg,Shiranui_Inori2,https://twitter.com/Shiranui_Inori2,
http://pbs.twimg.com/profile_images/555759456626016257/VQYbd4JM_bigger.jpeg,noviyantiww,https://twitter.com/noviyantiww,
http://pbs.twimg.com/profile_images/1285248640/wallst_bigger.jpg,strader55,https://twitter.com/strader55,
http://pbs.twimg.com/profile_images/539005842356711424/1mNKfCtR_bigger.jpeg,feraysinaparlak,https://twitter.com/feraysinaparlak,
http://pbs.twimg.com/profile_images/555788206244126720/JxFnGbDY_bigger.jpeg,ilotengo,https://twitter.com/ilotengo,
http://pbs.twimg.com/profile_images/1871726231/zMiLe___me_bigger.jpg,LauriNordhoff91,https://twitter.com/LauriNordhoff91,
http://pbs.twimg.com/profile_images/531343695669252096/Lmfnjf0H_bigger.jpeg,WahyuDot_ID,https://twitter.com/WahyuDot_ID,
http://pbs.twimg.com/profile_images/3282826722/84ff52be96742b5f3813cf9f0ee7553c_bigger.jpeg,kasperrisbjerg,https://twitter.com/kasperrisbjerg,
http://pbs.twimg.com/profile_images/542604233560711168/NKe7pNQX_bigger.jpeg,crezzyboy1988,https://twitter.com/crezzyboy1988,
http://pbs.twimg.com/profile_images/466494611116933121/ZLIpO6H5_bigger.jpeg,hhaiya50,https://twitter.com/hhaiya50,
http://pbs.twimg.com/profile_images/3067337713/b5f8a17d1010c3485b13b2b797250393_bigger.jpeg,johncharrison,https://twitter.com/johncharrison,
http://pbs.twimg.com/profile_images/555961051779325952/i-pB_B5d_bigger.jpeg,CamerasShopping,https://twitter.com/CamerasShopping,
http://pbs.twimg.com/profile_images/494439245331693568/jpbfRjSx_bigger.png,Rulaynp,https://twitter.com/Rulaynp,
http://pbs.twimg.com/profile_images/532296617563795456/iybUDVTT_bigger.jpeg,highly_evo,https://twitter.com/highly_evo,
http://pbs.twimg.com/profile_images/378800000198192607/5d3fc3fc9a3a5a8be3901e2a76a42c19_bigger.jpeg,Ardina_Calista2,https://twitter.com/Ardina_Calista2,
http://pbs.twimg.com/profile_images/462060006037553152/pGTCtNDz_bigger.jpeg,Hidayat_Stylee,https://twitter.com/Hidayat_Stylee,
http://pbs.twimg.com/profile_images/484910762662432772/2yrSTVrI_bigger.jpeg,b40deep,https://twitter.com/b40deep,
http://pbs.twimg.com/profile_images/504230294925639681/hKrguBBR_bigger.jpeg,Andreacocco87,https://twitter.com/Andreacocco87,
http://pbs.twimg.com/profile_images/496260657742749696/4Z5oceJY_bigger.jpeg,handboek,https://twitter.com/handboek,
http://pbs.twimg.com/profile_images/2375248622/4f87799095229_253486b_bigger.jpg,groupgermicidal,https://twitter.com/groupgermicidal,
http://pbs.twimg.com/profile_images/504303355200413696/hIpOu-mX_bigger.jpeg,RomantisGambar,https://twitter.com/RomantisGambar,
http://pbs.twimg.com/profile_images/554104419386552320/NDRBikbB_bigger.jpeg,Lumialice,https://twitter.com/Lumialice,
http://pbs.twimg.com/profile_images/487234563265941505/Hsvg0dVy_bigger.jpeg,gerrardsuwung,https://twitter.com/gerrardsuwung,
http://pbs.twimg.com/profile_images/532562994962890753/sMl6i5sd_bigger.jpeg,TLobanova38,https://twitter.com/TLobanova38,
http://pbs.twimg.com/profile_images/532640993905225728/8GXHCFjY_bigger.jpeg,noiniso_nito,https://twitter.com/noiniso_nito,
http://pbs.twimg.com/profile_images/518037344482770945/Dch5Lk56_bigger.jpeg,MLSSanda,https://twitter.com/MLSSanda,
http://pbs.twimg.com/profile_images/509904693959487488/bgE5qcAy_bigger.jpeg,Ucha_News,https://twitter.com/Ucha_News,
http://pbs.twimg.com/profile_images/530751551711608832/RYF3_IZV_bigger.png,gamazunatuz,https://twitter.com/gamazunatuz,
http://pbs.twimg.com/profile_images/532613817243828224/1MStRkJL_bigger.jpeg,fotiyysuh,https://twitter.com/fotiyysuh,
http://pbs.twimg.com/profile_images/532584132996788224/2zCkaeJv_bigger.jpeg,yulia_beleckaya,https://twitter.com/yulia_beleckaya,
http://pbs.twimg.com/profile_images/1290344842/IMG_0111_bigger.jpg,CalvinSwine905,https://twitter.com/CalvinSwine905,
http://pbs.twimg.com/profile_images/533224433058840577/Cju5nA0M_bigger.png,swingcouture,https://twitter.com/swingcouture,
http://pbs.twimg.com/profile_images/513898327285325825/Y0IcyB-e_bigger.jpeg,PugTrader,https://twitter.com/PugTrader,
http://pbs.twimg.com/profile_images/533175022379343872/NGxfENI-_bigger.png,anastasikosaryk,https://twitter.com/anastasikosaryk,
http://pbs.twimg.com/profile_images/540271244151500800/f1hARm6E_bigger.jpeg,JuandiSay,https://twitter.com/JuandiSay,
http://pbs.twimg.com/profile_images/518315824218505216/uqQW1uSm_bigger.jpeg,Ink_Quarterly,https://twitter.com/Ink_Quarterly,
http://pbs.twimg.com/profile_images/532594188303757312/6SDZlTaV_bigger.jpeg,kirill_frolow,https://twitter.com/kirill_frolow,
http://pbs.twimg.com/profile_images/2236404744/_________bigger.JPG,BUTTBOOBSlove,https://twitter.com/BUTTBOOBSlove,
http://pbs.twimg.com/profile_images/493164390795853824/dTpNDWy3_bigger.png,DailyOfZame,https://twitter.com/DailyOfZame,
http://pbs.twimg.com/profile_images/532574073088663552/xxIFhqGi_bigger.jpeg,elise_cast,https://twitter.com/elise_cast,
http://pbs.twimg.com/profile_images/548770846144094208/P0Ur5AxK_bigger.jpeg,CeritaHitam,https://twitter.com/CeritaHitam,
http://pbs.twimg.com/profile_images/3323626574/ad23a7eb7dec15af9dc69b07ae72daab_bigger.png,24h_Tecnologia,https://twitter.com/24h_Tecnologia,
http://pbs.twimg.com/profile_images/532180366010744832/D5huohi6_bigger.jpeg,MIvanAryaDira,https://twitter.com/MIvanAryaDira,
http://pbs.twimg.com/profile_images/522000493954887680/yvbz2Cv8_bigger.jpeg,Vj_robbie,https://twitter.com/Vj_robbie,
http://pbs.twimg.com/profile_images/535336474141794304/GgK9QTf5_bigger.jpeg,ivanugnivenko,https://twitter.com/ivanugnivenko,
http://pbs.twimg.com/profile_images/534993499180265472/dbeDsoFh_bigger.png,funny_grrrl,https://twitter.com/funny_grrrl,
http://pbs.twimg.com/profile_images/1446535875/Connektivism_twitter_bigger.jpg,connektivism,https://twitter.com/connektivism,
http://pbs.twimg.com/profile_images/378800000132006360/13630fc64013cd206f1d05a9f07d429a_bigger.jpeg,beritafeed,https://twitter.com/beritafeed,
http://pbs.twimg.com/profile_images/557432706662150145/Tof5kTLX_bigger.jpeg,_soprettylike21,https://twitter.com/_soprettylike21,
http://pbs.twimg.com/profile_images/378800000063819945/7c92fbbe1afb8d7cedf74fd1d7d1f2cd_bigger.png,YeongDeok2,https://twitter.com/YeongDeok2,
http://pbs.twimg.com/profile_images/474947337824251906/rbQg8GWW_bigger.jpeg,quenaliti1989,https://twitter.com/quenaliti1989,
http://pbs.twimg.com/profile_images/1171331324/Studio_Irene_bussum_bigger.jpg,bussum,https://twitter.com/bussum,
http://pbs.twimg.com/profile_images/3593872705/7c271c312f74603dcf14362e8c082315_bigger.jpeg,Lexxpaul,https://twitter.com/Lexxpaul,
http://pbs.twimg.com/profile_images/440987078709354500/afk1iMs5_bigger.jpeg,Fauzylatte,https://twitter.com/Fauzylatte,
http://pbs.twimg.com/profile_images/2914170563/15237e39481f0fd3cf07d3e115a44b2a_bigger.jpeg,exacomtr,https://twitter.com/exacomtr,
http://pbs.twimg.com/profile_images/1432869895/miniLogo_bigger.png,anDroidNews_de,https://twitter.com/anDroidNews_de,
http://pbs.twimg.com/profile_images/533992245167288320/qINsp3_9_bigger.jpeg,primacellshop2,https://twitter.com/primacellshop2,
http://pbs.twimg.com/profile_images/447418962368679936/E_l1XAWy_bigger.png,nasilibur,https://twitter.com/nasilibur,
http://pbs.twimg.com/profile_images/473789454474555392/Z1pnEg3z_bigger.png,YuShadrina37,https://twitter.com/YuShadrina37,
http://pbs.twimg.com/profile_images/451255212036980736/eDNOIWDX_bigger.jpeg,alyaarmeilin,https://twitter.com/alyaarmeilin,
http://pbs.twimg.com/profile_images/472561613032419329/0pWQg_2x_bigger.jpeg,MParfenov17,https://twitter.com/MParfenov17,
http://pbs.twimg.com/profile_images/504152821919268864/a48MfwaO_bigger.jpeg,penulis_puisi,https://twitter.com/penulis_puisi,
http://pbs.twimg.com/profile_images/424696074/email_icon_24910_bigger.jpg,InetNachrichten,https://twitter.com/InetNachrichten,
http://pbs.twimg.com/profile_images/556154297734275072/i7kKbIZ0_bigger.jpeg,thanakorntao,https://twitter.com/thanakorntao,
http://pbs.twimg.com/profile_images/541500943829708800/zzS9IboD_bigger.jpeg,SamsungIDN,https://twitter.com/SamsungIDN,
http://pbs.twimg.com/profile_images/446918979550863360/40l9f2Oo_bigger.jpeg,fariz_elza10,https://twitter.com/fariz_elza10,
http://pbs.twimg.com/profile_images/555848810568503296/RUNBo31F_bigger.jpeg,TheDrunkRider,https://twitter.com/TheDrunkRider,
http://pbs.twimg.com/profile_images/536105830996017152/lSO8PPS7_bigger.jpeg,jkhe3fd6,https://twitter.com/jkhe3fd6,
http://pbs.twimg.com/profile_images/546708063575498753/lJeDt8gH_bigger.jpeg,a_sun535,https://twitter.com/a_sun535,
http://pbs.twimg.com/profile_images/378800000253397023/075d32483ecda40d9066d444a8d36171_bigger.png,Policy_Control,https://twitter.com/Policy_Control,
http://pbs.twimg.com/profile_images/447345441915412480/iPcQDCoM_bigger.jpeg,della_angr3,https://twitter.com/della_angr3,
http://pbs.twimg.com/profile_images/3302071460/ad363901a21070e0611206ac17dc223f_bigger.png,ZinSOUI_1,https://twitter.com/ZinSOUI_1,
http://pbs.twimg.com/profile_images/378800000659198647/b60a5998f4f329641eb28f39f8e5a17b_bigger.png,AskAppDev,https://twitter.com/AskAppDev,
http://pbs.twimg.com/profile_images/554862420024254464/DqCCMAii_bigger.jpeg,phie_aremanita,https://twitter.com/phie_aremanita,
http://pbs.twimg.com/profile_images/430200907007926272/8LyTjX4l_bigger.jpeg,cbelive_com,https://twitter.com/cbelive_com,
http://pbs.twimg.com/profile_images/378800000851151902/ca6616af5ea2dc33e2bbb7ac1eac69d9_bigger.jpeg,UK_TopDeals,https://twitter.com/UK_TopDeals,
http://pbs.twimg.com/profile_images/3689300311/ead6b38a725715c1cf5fe31e4d5d8ef4_bigger.jpeg,Kab_Banyuwangi,https://twitter.com/Kab_Banyuwangi,
http://pbs.twimg.com/profile_images/484562315304398848/72X-sUr6_bigger.jpeg,Sompong6699,https://twitter.com/Sompong6699,
http://pbs.twimg.com/profile_images/474551798020046849/U7FxD_oO_bigger.jpeg,AnggiDre,https://twitter.com/AnggiDre,
http://pbs.twimg.com/profile_images/464713593758285824/AsL3CfIP_bigger.jpeg,pian_sy,https://twitter.com/pian_sy,
http://pbs.twimg.com/profile_images/554295649219268608/k5ug9Egm_bigger.jpeg,OnyooJ,https://twitter.com/OnyooJ,
http://pbs.twimg.com/profile_images/540769417978978304/gZA7KHkS_bigger.jpeg,jarradvz,https://twitter.com/jarradvz,
http://pbs.twimg.com/profile_images/2643563359/5dc204275d0ba4899eecf09c7199bffe_bigger.jpeg,trenchcosmic,https://twitter.com/trenchcosmic,
http://pbs.twimg.com/profile_images/548099268633178113/ZXzbZ3Uy_bigger.jpeg,conniemamarazzi,https://twitter.com/conniemamarazzi,
http://pbs.twimg.com/profile_images/542384998972538880/5ZTtA8ct_bigger.jpeg,RinaldyRosa,https://twitter.com/RinaldyRosa,
http://pbs.twimg.com/profile_images/2701530569/e43acae54661b383dd4163ba413336cf_bigger.jpeg,nebulatech,https://twitter.com/nebulatech,
http://pbs.twimg.com/profile_images/455858261124608000/TPvFoA0c_bigger.jpeg,ZariaPromo,https://twitter.com/ZariaPromo,
http://pbs.twimg.com/profile_images/2357691063/yj7r61qi4ljvx5m1teqc_bigger.jpeg,its_indonesia,https://twitter.com/its_indonesia,
http://pbs.twimg.com/profile_images/491295534712233984/qrMxD0eX_bigger.jpeg,annarbor1321,https://twitter.com/annarbor1321,
http://pbs.twimg.com/profile_images/505068879127658497/FsGiM1Xw_bigger.jpeg,sigwitch235,https://twitter.com/sigwitch235,
http://pbs.twimg.com/profile_images/513313380828860416/Uk0ZE4lP_bigger.jpeg,Ponorogotwitt,https://twitter.com/Ponorogotwitt,
http://pbs.twimg.com/profile_images/427669860248588289/xZtuMiiu_bigger.png,microstodex,https://twitter.com/microstodex,
http://pbs.twimg.com/profile_images/556090315917246465/pJIFvJH2_bigger.jpeg,Edward_Pashol,https://twitter.com/Edward_Pashol,
http://pbs.twimg.com/profile_images/2122869729/profile_bigger.jpg,geoandra1,https://twitter.com/geoandra1,
http://pbs.twimg.com/profile_images/506062780550479872/fbCOy-ym_bigger.jpeg,puisibella,https://twitter.com/puisibella,
http://pbs.twimg.com/profile_images/534652120113229824/OGj-aA7L_bigger.jpeg,WelcomeJakarta,https://twitter.com/WelcomeJakarta,
http://pbs.twimg.com/profile_images/2463071293/eia506clovlfvvs3s9dl_bigger.png,ongoingbarefoot,https://twitter.com/ongoingbarefoot,
http://pbs.twimg.com/profile_images/3081232617/95248a2192469bbe702ad5e4775cb504_bigger.jpeg,ScorenOpHetWeb,https://twitter.com/ScorenOpHetWeb,
http://abs.twimg.com/sticky/default_profile_images/default_profile_6_bigger.png,13Soft13,https://twitter.com/13Soft13,
http://pbs.twimg.com/profile_images/556100500941045760/P3VcecOQ_bigger.jpeg,dot_cocom1,https://twitter.com/dot_cocom1,
http://pbs.twimg.com/profile_images/458230520329928705/3ingw1Ru_bigger.jpeg,PengusahaKalsel,https://twitter.com/PengusahaKalsel,
http://pbs.twimg.com/profile_images/1118250580/m3_bigger.jpg,marketingnl_nws,https://twitter.com/marketingnl_nws,
http://pbs.twimg.com/profile_images/503352796951748609/AEnbcZbV_bigger.jpeg,PuisiTukul,https://twitter.com/PuisiTukul,
http://pbs.twimg.com/profile_images/378800000370836032/2b2ddf0cb2af733d413f55a0bb9e6870_bigger.jpeg,gsmadvies,https://twitter.com/gsmadvies,
http://pbs.twimg.com/profile_images/506325414453604353/q43l_p4X_bigger.jpeg,PuisiLucu,https://twitter.com/PuisiLucu,
http://pbs.twimg.com/profile_images/378800000367703103/5fa0f55ccf6b0bfcc4bceac7b35f25a2_bigger.png,analosada_,https://twitter.com/analosada_,
http://pbs.twimg.com/profile_images/542215630901215232/FqaOV4Lk_bigger.jpeg,LeiserN,https://twitter.com/LeiserN,
http://pbs.twimg.com/profile_images/556102088346710017/smWhYevs_bigger.jpeg,Muhd_Ikhwannn,https://twitter.com/Muhd_Ikhwannn,
http://pbs.twimg.com/profile_images/553293835623604224/2mlDPlgg_bigger.jpeg,grimoire0444,https://twitter.com/grimoire0444,
http://pbs.twimg.com/profile_images/506704441622269952/1IfVLKZQ_bigger.jpeg,PuisiSakitHati,https://twitter.com/PuisiSakitHati,
http://pbs.twimg.com/profile_images/511912027778859008/DLXjfgor_bigger.jpeg,EUHeadlinesNews,https://twitter.com/EUHeadlinesNews,
http://pbs.twimg.com/profile_images/488430499346382850/-16TMkq0_bigger.jpeg,news4003,https://twitter.com/news4003,
http://pbs.twimg.com/profile_images/3191024008/eaa1d67538f893c3c611017c4ed76a58_bigger.jpeg,agoonk_k,https://twitter.com/agoonk_k,
http://pbs.twimg.com/profile_images/525978931598344194/XGGa6bWf_bigger.jpeg,afiffam,https://twitter.com/afiffam,
http://pbs.twimg.com/profile_images/544591873176653824/Gs-jkBn0_bigger.jpeg,Pinx33,https://twitter.com/Pinx33,
http://pbs.twimg.com/profile_images/504912585414553601/zfjY9b3P_bigger.jpeg,PuisiSobat,https://twitter.com/PuisiSobat,
http://pbs.twimg.com/profile_images/555678828974993410/aBC4nwEx_bigger.jpeg,Lux_Cipolletta,https://twitter.com/Lux_Cipolletta,
http://pbs.twimg.com/profile_images/555887434269863936/546hQClf_bigger.jpeg,agungportal,https://twitter.com/agungportal,
http://pbs.twimg.com/profile_images/450822261562294273/CYYhjWsy_bigger.jpeg,ardhan_ray,https://twitter.com/ardhan_ray,
http://pbs.twimg.com/profile_images/483251131380809728/8yZ5ac4I_bigger.png,Pirate_Journal,https://twitter.com/Pirate_Journal,
http://pbs.twimg.com/profile_images/508680139769524224/2bgbXEr__bigger.png,tipidiit,https://twitter.com/tipidiit,
http://pbs.twimg.com/profile_images/451545315674292226/4m04w57V_bigger.jpeg,yasminfaradill2,https://twitter.com/yasminfaradill2,
http://pbs.twimg.com/profile_images/504834616830619648/wpxdurxP_bigger.png,video_puisi,https://twitter.com/video_puisi,
http://pbs.twimg.com/profile_images/539133858797453312/Hcp_hAcB_bigger.jpeg,dayappsmega,https://twitter.com/dayappsmega,
http://pbs.twimg.com/profile_images/531517804885712896/e2mU_7Ab_bigger.jpeg,Myrkin,https://twitter.com/Myrkin,
http://pbs.twimg.com/profile_images/549569784954630144/bDkycods_bigger.jpeg,Berita_TU,https://twitter.com/Berita_TU,
http://pbs.twimg.com/profile_images/522220677051322368/2LTSZ_Wn_bigger.jpeg,SrgntBallistic,https://twitter.com/SrgntBallistic,
http://pbs.twimg.com/profile_images/1679219617/Picture2_bigger.jpg,BloggerBerau,https://twitter.com/BloggerBerau,
http://pbs.twimg.com/profile_images/538255760783048705/xxT7NFKv_bigger.jpeg,GasparRabat,https://twitter.com/GasparRabat,
http://pbs.twimg.com/profile_images/548512194736836608/G2klNrP8_bigger.jpeg,budiharjo07,https://twitter.com/budiharjo07,
http://pbs.twimg.com/profile_images/532515227720355840/hnYhAxAB_bigger.jpeg,my_desires_net,https://twitter.com/my_desires_net,
http://pbs.twimg.com/profile_images/378800000575571381/408992d044d092a1a063be223d92a657_bigger.jpeg,DzakiraAlya,https://twitter.com/DzakiraAlya,
http://pbs.twimg.com/profile_images/551438923461701632/NPhANZkL_bigger.png,PromoguruSA,https://twitter.com/PromoguruSA,
http://pbs.twimg.com/profile_images/344513261567651899/b4db405ce3303efb7191538367130dad_bigger.png,LiputanPATI,https://twitter.com/LiputanPATI,
http://pbs.twimg.com/profile_images/431833812234821632/85l7NQ1o_bigger.jpeg,BetseyMahmood,https://twitter.com/BetseyMahmood,
http://pbs.twimg.com/profile_images/500610094136967169/EvrStWBE_bigger.jpeg,tugaygngr6,https://twitter.com/tugaygngr6,
http://pbs.twimg.com/profile_images/557212483359088640/6dIBtHJQ_bigger.jpeg,ASPSKN,https://twitter.com/ASPSKN,
http://pbs.twimg.com/profile_images/416963669390393345/Tv_gkYVe_bigger.jpeg,InfoTNG123,https://twitter.com/InfoTNG123,
http://pbs.twimg.com/profile_images/378800000701499594/77d0caa2f3a522a0c68ad63d4a280c36_bigger.jpeg,ABenBella1,https://twitter.com/ABenBella1,
http://pbs.twimg.com/profile_images/555911296697520129/4VL8vRPn_bigger.jpeg,BookFuckinNasty,https://twitter.com/BookFuckinNasty,
http://pbs.twimg.com/profile_images/421097514075308032/L38mdtud_bigger.jpeg,RHD_SSL,https://twitter.com/RHD_SSL,
http://pbs.twimg.com/profile_images/451654728103890945/ZViKQXCv_bigger.jpeg,fotografiamovil,https://twitter.com/fotografiamovil,
http://pbs.twimg.com/profile_images/378800000025776160/f36c38d4628cd8dfbbc41d4f383bf253_bigger.jpeg,Alfianzainal,https://twitter.com/Alfianzainal,
http://pbs.twimg.com/profile_images/412131164170625024/PzvVEFgW_bigger.jpeg,yuriz46,https://twitter.com/yuriz46,
http://pbs.twimg.com/profile_images/3654165787/6f13bfe00b0ee29d70d55d5660fa4a8c_bigger.jpeg,Bonya752,https://twitter.com/Bonya752,
http://pbs.twimg.com/profile_images/480276386410557440/3WgQjyaH_bigger.png,sukma_hacker,https://twitter.com/sukma_hacker,
http://pbs.twimg.com/profile_images/524080625322446848/YGG154Xy_bigger.jpeg,FinSentS_APEX50,https://twitter.com/FinSentS_APEX50,
http://pbs.twimg.com/profile_images/428532430404714496/dDizSRXc_bigger.jpeg,YKSmileTTV,https://twitter.com/YKSmileTTV,
http://pbs.twimg.com/profile_images/3138422173/1adc7f0b1b94ba59037184b45e5a99d5_bigger.jpeg,DanceRadioUK,https://twitter.com/DanceRadioUK,
http://pbs.twimg.com/profile_images/555703664979886080/6iO-je2O_bigger.jpeg,10rJSz5ehd,https://twitter.com/10rJSz5ehd,
http://pbs.twimg.com/profile_images/545870343886221313/WL-GNQFX_bigger.jpeg,AlhidayahGC,https://twitter.com/AlhidayahGC,
http://pbs.twimg.com/profile_images/3183160077/267921e8f8e02e3b8d1a42cf5b73a523_bigger.jpeg,balazee,https://twitter.com/balazee,
http://pbs.twimg.com/profile_images/516376945282404352/D-lc0qiY_bigger.jpeg,dimastrij,https://twitter.com/dimastrij,
http://pbs.twimg.com/profile_images/2843226832/4e27484ec7bb433f4cb384c89c946ee0_bigger.jpeg,BandungBali,https://twitter.com/BandungBali,
http://pbs.twimg.com/profile_images/3786205395/d763f8a0bb106ad10bc20153506f4f2f_bigger.jpeg,GoPeoples,https://twitter.com/GoPeoples,
http://pbs.twimg.com/profile_images/510318450699677697/5iZ8QTLw_bigger.jpeg,Marketing_Feeds,https://twitter.com/Marketing_Feeds,
http://pbs.twimg.com/profile_images/557425477401321472/gi353aQj_bigger.jpeg,Alvis_Ambrose,https://twitter.com/Alvis_Ambrose,
http://pbs.twimg.com/profile_images/453235133412167680/MdLsjyV8_bigger.jpeg,BrunoBib,https://twitter.com/BrunoBib,
http://pbs.twimg.com/profile_images/556739486168915968/xIij6--o_bigger.jpeg,Teddy__75,https://twitter.com/Teddy__75,
http://pbs.twimg.com/profile_images/2619225652/images_027_bigger.jpg,DeborahLeclear,https://twitter.com/DeborahLeclear,
http://pbs.twimg.com/profile_images/378800000734611312/fd9fc598b301d8454dc999e6d1bdb346_bigger.jpeg,RobertoMorenoA,https://twitter.com/RobertoMorenoA,
http://abs.twimg.com/sticky/default_profile_images/default_profile_3_bigger.png,ebaytwhistory2,https://twitter.com/ebaytwhistory2,
http://pbs.twimg.com/profile_images/556245706957021184/YiQ6fYmL_bigger.jpeg,investorbots,https://twitter.com/investorbots,
http://pbs.twimg.com/profile_images/557210180388007937/PXxiwysy_bigger.jpeg,DraGicel,https://twitter.com/DraGicel,
http://pbs.twimg.com/profile_images/378800000421363641/87d8f72e9f423d6ddb6b9f775afa454f_bigger.jpeg,Go_Indonesia1,https://twitter.com/Go_Indonesia1,
http://pbs.twimg.com/profile_images/465581777449283584/6wNQ-Jrw_bigger.jpeg,Purn4di,https://twitter.com/Purn4di,
http://pbs.twimg.com/profile_images/548189922629144576/wGoizeoO_bigger.png,Samsungblognews,https://twitter.com/Samsungblognews,
http://pbs.twimg.com/profile_images/515006809115881473/IpFuCxje_bigger.jpeg,Ricko_prasetiyo,https://twitter.com/Ricko_prasetiyo,
http://pbs.twimg.com/profile_images/2643562835/3a36e8cc461d04a2ef4c7a4b75e880d5_bigger.jpeg,gamutgitel,https://twitter.com/gamutgitel,
http://pbs.twimg.com/profile_images/1650804167/Marylin_s_Electronics_bigger.jpg,MarylnsShop,https://twitter.com/MarylnsShop,
http://pbs.twimg.com/profile_images/540281270807175168/CD8ZyrG7_bigger.jpeg,biuladen,https://twitter.com/biuladen,
http://pbs.twimg.com/profile_images/3492027335/325baacd9f35aeeaec109294a9aa56cc_bigger.jpeg,visitPonorogo,https://twitter.com/visitPonorogo,
http://pbs.twimg.com/profile_images/2644781627/955bd4d6afc0ff23030c80c7a8999297_bigger.jpeg,eastwoodbloomi,https://twitter.com/eastwoodbloomi,
http://pbs.twimg.com/profile_images/2421329634/pybtk2ibxs2voyczygfn_bigger.jpeg,styhuang,https://twitter.com/styhuang,
http://pbs.twimg.com/profile_images/541815072230608897/PNvdMniq_bigger.jpeg,ZuffriMaiMun,https://twitter.com/ZuffriMaiMun,
http://pbs.twimg.com/profile_images/555403379715751936/6UOgdAWA_bigger.jpeg,citrabatak,https://twitter.com/citrabatak,
http://pbs.twimg.com/profile_images/465998599525244928/3w5G2ebD_bigger.jpeg,LKateArias,https://twitter.com/LKateArias,
http://pbs.twimg.com/profile_images/548647602103676928/raMtNhJd_bigger.jpeg,micdousmi,https://twitter.com/micdousmi,
http://pbs.twimg.com/profile_images/541166718702190594/nzXsMste_bigger.jpeg,arenanews1,https://twitter.com/arenanews1,
http://pbs.twimg.com/profile_images/1276822391/androidtablet_bigger.png,tabletandroid_,https://twitter.com/tabletandroid_,
http://pbs.twimg.com/profile_images/509669510635220993/0wFg8JL1_bigger.jpeg,VjRobbie,https://twitter.com/VjRobbie,
http://pbs.twimg.com/profile_images/378800000213408394/3e4456d4f3f720c99579340b86021229_bigger.jpeg,Fahrel45,https://twitter.com/Fahrel45,
http://pbs.twimg.com/profile_images/553688410461077505/wBi5vnFw_bigger.jpeg,dartiprnmasari,https://twitter.com/dartiprnmasari,
http://abs.twimg.com/sticky/default_profile_images/default_profile_5_bigger.png,Arsen_7132,https://twitter.com/Arsen_7132,
http://pbs.twimg.com/profile_images/477361371646930944/sYTPj1x__bigger.jpeg,AurMax,https://twitter.com/AurMax,
http://pbs.twimg.com/profile_images/1429060676/ca9l93BY_bigger,realnaya1009,https://twitter.com/realnaya1009,
http://pbs.twimg.com/profile_images/378800000514484434/41fbafa03b5c090d6453c6d69eb57967_bigger.jpeg,lokerBanten,https://twitter.com/lokerBanten,
http://pbs.twimg.com/profile_images/550929432471298049/bEVO3aM0_bigger.jpeg,anddry_wahyu,https://twitter.com/anddry_wahyu,
http://pbs.twimg.com/profile_images/464152670291255296/42WqwzSB_bigger.jpeg,MBCteam1,https://twitter.com/MBCteam1,
http://pbs.twimg.com/profile_images/555071366639009792/RSIQrim0_bigger.jpeg,capsdank,https://twitter.com/capsdank,
http://pbs.twimg.com/profile_images/501991059765727232/lqIEcSPL_bigger.jpeg,Boueys,https://twitter.com/Boueys,
http://pbs.twimg.com/profile_images/556837769256124417/HvrEbFXJ_bigger.jpeg,VarelaCamilo,https://twitter.com/VarelaCamilo,
http://pbs.twimg.com/profile_images/549987439834443777/5rpwBC0s_bigger.jpeg,davyousafnv,https://twitter.com/davyousafnv,
http://pbs.twimg.com/profile_images/2221936168/koide_chan_bigger.jpg,koide_chan,https://twitter.com/koide_chan,
http://pbs.twimg.com/profile_images/378800000118892469/c54d168d280e247c0ff20643e51be955_bigger.jpeg,nigiashop,https://twitter.com/nigiashop,
http://pbs.twimg.com/profile_images/547951796161748992/MfAcua8c_bigger.jpeg,Deus_S373N,https://twitter.com/Deus_S373N,
http://abs.twimg.com/sticky/default_profile_images/default_profile_1_bigger.png,Alivehado,https://twitter.com/Alivehado,
http://abs.twimg.com/sticky/default_profile_images/default_profile_2_bigger.png,grachevalex437,https://twitter.com/grachevalex437,
http://pbs.twimg.com/profile_images/496462310316052480/OmWfhAB-_bigger.png,ColtliqOfficial,https://twitter.com/ColtliqOfficial,
http://pbs.twimg.com/profile_images/3501671817/f8f8cb64e9325de91c28948171ed8e57_bigger.jpeg,BeyazMag,https://twitter.com/BeyazMag,
http://pbs.twimg.com/profile_images/2632333232/d8c15321a2f1dd0d54f7a7bac8f78620_bigger.jpeg,meilani_sandri,https://twitter.com/meilani_sandri,
http://pbs.twimg.com/profile_images/541525644702515200/Whssdv9T_bigger.jpeg,tikahanindy,https://twitter.com/tikahanindy,
http://pbs.twimg.com/profile_images/523218642536640512/FArZsKDT_bigger.png,jeffodutawij,https://twitter.com/jeffodutawij,
http://pbs.twimg.com/profile_images/1247848294/4988351_bigger.jpg,karthi4india,https://twitter.com/karthi4india,
http://pbs.twimg.com/profile_images/1527932596/pp_fb_bigger.jpg,babagemblong,https://twitter.com/babagemblong,
http://pbs.twimg.com/profile_images/2643569454/c1325291e3a5dad55687efcc24be05b2_bigger.jpeg,surlyosprey,https://twitter.com/surlyosprey,
http://pbs.twimg.com/profile_images/1537388776/IMG_7726_bigger.jpg,hentismith,https://twitter.com/hentismith,
http://pbs.twimg.com/profile_images/465212158578417664/rh9msUyM_bigger.png,Berwado,https://twitter.com/Berwado,
http://pbs.twimg.com/profile_images/534110007777046529/ofLPDZHi_bigger.jpeg,AndroidAvanzado,https://twitter.com/AndroidAvanzado,
http://pbs.twimg.com/profile_images/3370187450/6cd17a987300e801dd82205a932d5f70_bigger.png,Hit_Ro,https://twitter.com/Hit_Ro,
http://pbs.twimg.com/profile_images/513069848369577984/PWmIwARz_bigger.jpeg,mcintyrekev,https://twitter.com/mcintyrekev,
http://pbs.twimg.com/profile_images/557269192336896000/pKTEMz58_bigger.jpeg,SamSung_Denault,https://twitter.com/SamSung_Denault,
http://pbs.twimg.com/profile_images/2964915589/5c8d638ca2f90248b3120d8b22964e64_bigger.jpeg,marto_n,https://twitter.com/marto_n,
http://pbs.twimg.com/profile_images/535417324107755522/UTtEKT8W_bigger.jpeg,fsqgera,https://twitter.com/fsqgera,
http://pbs.twimg.com/profile_images/523880643562708992/le7iWLvj_bigger.png,nok02017852,https://twitter.com/nok02017852,
http://pbs.twimg.com/profile_images/378800000706024722/ad1c25f49a752274808ea9eccf6e7b8a_bigger.jpeg,OneaidSouL,https://twitter.com/OneaidSouL,
http://pbs.twimg.com/profile_images/520448834070007809/L1zguOWV_bigger.jpeg,AshZiavonni,https://twitter.com/AshZiavonni,
http://pbs.twimg.com/profile_images/472690403930816512/bhgMrV1E_bigger.jpeg,fkryk,https://twitter.com/fkryk,
http://pbs.twimg.com/profile_images/553170305238044673/3O4uPPu8_bigger.jpeg,Charless_Daniel,https://twitter.com/Charless_Daniel,
http://pbs.twimg.com/profile_images/549569416950607873/DhSPDuFQ_bigger.jpeg,_kayumiii,https://twitter.com/_kayumiii,
http://pbs.twimg.com/profile_images/1813713318/22271_1331667404240_1007653990_31023175_2567935_n_bigger.jpg,Edohotep,https://twitter.com/Edohotep,
http://pbs.twimg.com/profile_images/1266805656/finance_bigger.jpg,FinNws,https://twitter.com/FinNws,
http://pbs.twimg.com/profile_images/2643568738/67201698ec26f5a0c27f7b8e081556f9_bigger.jpeg,dumpsterpinhole,https://twitter.com/dumpsterpinhole,
http://pbs.twimg.com/profile_images/543221584391966720/pIvxx6mj_bigger.jpeg,ervanstwn,https://twitter.com/ervanstwn,
http://pbs.twimg.com/profile_images/479504759804534784/88Yq7e4f_bigger.jpeg,idast5,https://twitter.com/idast5,
http://abs.twimg.com/sticky/default_profile_images/default_profile_2_bigger.png,gaiduk313,https://twitter.com/gaiduk313,
http://pbs.twimg.com/profile_images/490438456489676801/YsKEVJTs_bigger.jpeg,Bayernpsp,https://twitter.com/Bayernpsp,
http://pbs.twimg.com/profile_images/529867775380963328/G7aiHr5I_bigger.jpeg,Priyank32125796,https://twitter.com/Priyank32125796,
http://pbs.twimg.com/profile_images/470832346279575553/bKgvyp-V_bigger.jpeg,dnfltndus4001,https://twitter.com/dnfltndus4001,
http://pbs.twimg.com/profile_images/1881650585/LOGO_ACTUAL_bigger_bigger.png,hiiberia,https://twitter.com/hiiberia,
http://pbs.twimg.com/profile_images/378800000773635562/fb3afa70e7e1546453c479a2fafba31b_bigger.jpeg,cezacuguky,https://twitter.com/cezacuguky,
http://pbs.twimg.com/profile_images/2644473546/77080aad3855c058a683fad2ff2d107a_bigger.jpeg,pirouettefrank,https://twitter.com/pirouettefrank,
http://pbs.twimg.com/profile_images/505647302887747585/pO7EjhW5_bigger.jpeg,VoiceofManado,https://twitter.com/VoiceofManado,
http://pbs.twimg.com/profile_images/513001971314216960/2Ln86ALn_bigger.jpeg,anna__kendrick_,https://twitter.com/anna__kendrick_,
http://pbs.twimg.com/profile_images/2643562614/cc547248746df91b87f80c35f1829acb_bigger.jpeg,jaggingnodule,https://twitter.com/jaggingnodule,
http://pbs.twimg.com/profile_images/423273111799091200/4aUPLFPQ_bigger.png,Kompascoom,https://twitter.com/Kompascoom,
http://pbs.twimg.com/profile_images/555624432333357056/_gulfSib_bigger.jpeg,mrangb,https://twitter.com/mrangb,
http://pbs.twimg.com/profile_images/497771976824729600/W31jNuuW_bigger.jpeg,Lily_Torres07,https://twitter.com/Lily_Torres07,
http://pbs.twimg.com/profile_images/512142444738011136/tce4GlI1_bigger.jpeg,PuisiCinta_2014,https://twitter.com/PuisiCinta_2014,
http://abs.twimg.com/sticky/default_profile_images/default_profile_2_bigger.png,MakcumkaRu,https://twitter.com/MakcumkaRu,
http://pbs.twimg.com/profile_images/378800000035437724/5e9b940b67ccc7d4527a9c88f2a36309_bigger.jpeg,vestedventures,https://twitter.com/vestedventures,
http://pbs.twimg.com/profile_images/464466247195688960/SMWw8J8B_bigger.jpeg,kabar_negara,https://twitter.com/kabar_negara,
http://abs.twimg.com/sticky/default_profile_images/default_profile_4_bigger.png,pashanechi972,https://twitter.com/pashanechi972,
http://pbs.twimg.com/profile_images/2643566699/4a58649a2a18a7461bc6d76b9fb464c5_bigger.jpeg,pawnshopcoun,https://twitter.com/pawnshopcoun,
http://pbs.twimg.com/profile_images/2643565902/6b36fb05280fbfb41ace8246b92d21f7_bigger.jpeg,jeanattebeady,https://twitter.com/jeanattebeady,
http://pbs.twimg.com/profile_images/378800000316940292/c232f1e60a6e8e586fdf0baf10ca5d35_bigger.png,15MinuteNewsBus,https://twitter.com/15MinuteNewsBus,
http://pbs.twimg.com/profile_images/2643562957/37a19e0d088281ac742ff984117032b5_bigger.jpeg,salishleia,https://twitter.com/salishleia,
http://pbs.twimg.com/profile_images/501748038105591808/lmW0EsHD_bigger.jpeg,SaintsGhost,https://twitter.com/SaintsGhost,
http://pbs.twimg.com/profile_images/550261318490419200/6tzh2vsR_bigger.png,BIKE1979,https://twitter.com/BIKE1979,
http://pbs.twimg.com/profile_images/552743089941774337/wWvy-yiT_bigger.png,FreeWifiSpot,https://twitter.com/FreeWifiSpot,
http://pbs.twimg.com/profile_images/548520577971937281/M1fvyGRV_bigger.jpeg,sirknaib0,https://twitter.com/sirknaib0,
http://pbs.twimg.com/profile_images/1062926348/dil_bigger.jpg,Dilaroxane,https://twitter.com/Dilaroxane,
http://pbs.twimg.com/profile_images/2643567043/0fc358b3b5bed6f4f3adab51c7060b7f_bigger.jpeg,pelletence,https://twitter.com/pelletence,
http://pbs.twimg.com/profile_images/1159199110/24-12-06_1412_bigger.jpg,VallePires,https://twitter.com/VallePires,
http://pbs.twimg.com/profile_images/2643569621/94e84c16f0b40ed240b3ab61db198c40_bigger.jpeg,mondaydichondra,https://twitter.com/mondaydichondra,
http://pbs.twimg.com/profile_images/522934868678688768/wsEG48JT_bigger.jpeg,JualP_Bank,https://twitter.com/JualP_Bank,
http://pbs.twimg.com/profile_images/548779557155651584/qH8upTAY_bigger.jpeg,edganime96,https://twitter.com/edganime96,
http://pbs.twimg.com/profile_images/484244171746603008/iahXF72j_bigger.jpeg,rapphoon,https://twitter.com/rapphoon,
http://pbs.twimg.com/profile_images/440809812582871040/vIVhKa2G_bigger.png,Technimals,https://twitter.com/Technimals,
http://pbs.twimg.com/profile_images/1808793477/midosm_bigger.jpg,midosm,https://twitter.com/midosm,
http://pbs.twimg.com/profile_images/2643569911/9e2d00e70c7db0150ad1214cf6371e70_bigger.jpeg,continualy,https://twitter.com/continualy,
http://pbs.twimg.com/profile_images/3547759830/2aa41289460ba0b88cc803c7418cc4ba_bigger.jpeg,_snet_,https://twitter.com/_snet_,
http://pbs.twimg.com/profile_images/508901634944950272/vD_moD_C_bigger.jpeg,RifqiMuhammad_8,https://twitter.com/RifqiMuhammad_8,
http://pbs.twimg.com/profile_images/425962510412308482/3H1d4H-h_bigger.png,earlng,https://twitter.com/earlng,
http://pbs.twimg.com/profile_images/488259920190377984/m4-ocNQo_bigger.jpeg,Bukanjurnalis,https://twitter.com/Bukanjurnalis,
http://pbs.twimg.com/profile_images/554451240415789056/vHBDdYW__bigger.jpeg,KaraHellman,https://twitter.com/KaraHellman,
http://pbs.twimg.com/profile_images/2643564449/20ce44ba21b5ae24a210df1e32aede3c_bigger.jpeg,moldavianegle,https://twitter.com/moldavianegle,
http://pbs.twimg.com/profile_images/513393577544941569/oab8G47W_bigger.jpeg,RenatoZampieri,https://twitter.com/RenatoZampieri,
http://pbs.twimg.com/profile_images/552953024285392896/xlO8IRcj_bigger.jpeg,Tiiciia24,https://twitter.com/Tiiciia24,
http://pbs.twimg.com/profile_images/425310206386384896/2Ev7x-Od_bigger.jpeg,carrilloservice,https://twitter.com/carrilloservice,
http://pbs.twimg.com/profile_images/459781725845860353/K0q0c62e_bigger.jpeg,LOJA_SAMSUNG,https://twitter.com/LOJA_SAMSUNG,
http://pbs.twimg.com/profile_images/2680799329/d8e657b3250f17c82ce652f519d29248_bigger.png,handboekmobile,https://twitter.com/handboekmobile,
http://pbs.twimg.com/profile_images/551301140105535489/QQkPKfPV_bigger.png,ab48i,https://twitter.com/ab48i,
http://pbs.twimg.com/profile_images/463692977525637120/jIvPSviA_bigger.jpeg,achoengadhie,https://twitter.com/achoengadhie,
http://pbs.twimg.com/profile_images/551767377516699649/rLt7of5P_bigger.jpeg,Kofigyau007,https://twitter.com/Kofigyau007,
http://pbs.twimg.com/profile_images/2643567909/33c059d14ac0b768f66a685c14141959_bigger.jpeg,rosannevickie,https://twitter.com/rosannevickie,
http://pbs.twimg.com/profile_images/2761584920/62ed023b63abe78e63a593e94b5d6d98_bigger.jpeg,fana_kulla,https://twitter.com/fana_kulla,
http://pbs.twimg.com/profile_images/549565727460450304/fK9Ajr7z_bigger.jpeg,Sznghm,https://twitter.com/Sznghm,
http://pbs.twimg.com/profile_images/547654228781453312/XJZN6dJJ_bigger.jpeg,rovihakimdayo,https://twitter.com/rovihakimdayo,
http://pbs.twimg.com/profile_images/2643565005/0f811221d85f90f6ae57fada2295eca1_bigger.jpeg,elusivestale,https://twitter.com/elusivestale,
http://pbs.twimg.com/profile_images/548458050558758914/wAJzdQQF_bigger.jpeg,mkingsing,https://twitter.com/mkingsing,
http://pbs.twimg.com/profile_images/2643566854/ecdca0f4086d0007071ca4061d404240_bigger.jpeg,bauerarmonk,https://twitter.com/bauerarmonk,
http://pbs.twimg.com/profile_images/378800000214505870/2c924ef23e4c537f640fc01a0f03e92f_bigger.jpeg,NatalieThaiLe,https://twitter.com/NatalieThaiLe,
http://pbs.twimg.com/profile_images/526298447771467776/dp_bRdIo_bigger.jpeg,nokia101oman,https://twitter.com/nokia101oman,
http://pbs.twimg.com/profile_images/2643569152/961f5bdc5b3727dce06968c786c7ccb4_bigger.jpeg,airflowbullyboy,https://twitter.com/airflowbullyboy,
http://pbs.twimg.com/profile_images/2424085128/beritabola87_489663085737657392_bigger.jpeg,Dunia_Kita1,https://twitter.com/Dunia_Kita1,
http://pbs.twimg.com/profile_images/3243476094/91eb8f3e4e34d6936bb6cf319e390c29_bigger.jpeg,TonyTrollip,https://twitter.com/TonyTrollip,
http://pbs.twimg.com/profile_images/3671874504/2ac964fe26c5ad11bec5ab4bc35dcd3c_bigger.png,soumen_banerjee,https://twitter.com/soumen_banerjee,
http://pbs.twimg.com/profile_images/475646496570748928/q-Zy1OVz_bigger.jpeg,dickwyn,https://twitter.com/dickwyn,
http://pbs.twimg.com/profile_images/378800000690757308/28fa34879af0289fcc668200ad0ec2f6_bigger.jpeg,AriPentong,https://twitter.com/AriPentong,
http://pbs.twimg.com/profile_images/2643568235/279feaf081e29e8e818c754e30f4d50a_bigger.jpeg,jitterbuggi,https://twitter.com/jitterbuggi,
http://pbs.twimg.com/profile_images/511709455365337089/QJEaMFOp_bigger.png,mbahjiwoteam,https://twitter.com/mbahjiwoteam,
http://pbs.twimg.com/profile_images/371258410/j-c-rags-blouse-3963507-black-10290736_bigger.jpg,PatrickPetersen,https://twitter.com/PatrickPetersen,
http://pbs.twimg.com/profile_images/3718916770/73808da7d8989fb2ffd6c864957ade2f_bigger.jpeg,m_oualid,https://twitter.com/m_oualid,
http://pbs.twimg.com/profile_images/547724369087041536/YwYnLyGO_bigger.jpeg,aldhy_jelly,https://twitter.com/aldhy_jelly,
http://pbs.twimg.com/profile_images/378800000523386041/77bb7dfd3df92e407e45930ab6b4e1b9_bigger.jpeg,barbiexyz,https://twitter.com/barbiexyz,
http://pbs.twimg.com/profile_images/522677249951023104/nFV4jxtO_bigger.jpeg,Zupercase,https://twitter.com/Zupercase,
http://pbs.twimg.com/profile_images/2592865527/5i3sgbdzypjmwz4ufnns_bigger.jpeg,ak_rss,https://twitter.com/ak_rss,
http://pbs.twimg.com/profile_images/550989362431655936/JgKHE1sV_bigger.jpeg,ApriLiaPhitly,https://twitter.com/ApriLiaPhitly,
http://pbs.twimg.com/profile_images/1105920921/display-fun-128x128_bigger.png,NerdyComputers,https://twitter.com/NerdyComputers,
http://pbs.twimg.com/profile_images/512503812028780544/ADPJ8JbH_bigger.png,mbahjiwoteam2,https://twitter.com/mbahjiwoteam2,
http://pbs.twimg.com/profile_images/3752837598/1a29de16761122b7772c1aa6e7989748_bigger.jpeg,perpussaga,https://twitter.com/perpussaga,
http://pbs.twimg.com/profile_images/446392812049682433/cZe0TpDG_bigger.png,bobr__by,https://twitter.com/bobr__by,
http://pbs.twimg.com/profile_images/536542758756827137/N-rkalGz_bigger.jpeg,AS_Yuuki_,https://twitter.com/AS_Yuuki_,
http://pbs.twimg.com/profile_images/1695324832/SONO_IO_-_Copia_bigger.JPG,amege,https://twitter.com/amege,
http://pbs.twimg.com/profile_images/557431619938955264/mUJz1SPu_bigger.jpeg,Pro_Era_,https://twitter.com/Pro_Era_,
http://pbs.twimg.com/profile_images/419836268659232770/_Ogwwb1Q_bigger.jpeg,sayurpesanantar,https://twitter.com/sayurpesanantar,
http://pbs.twimg.com/profile_images/534090446473940993/9CYemOKH_bigger.png,SamDownloads,https://twitter.com/SamDownloads,
http://pbs.twimg.com/profile_images/2643564271/73b7cacd0e003b0ae3fb5d7aa53aab9a_bigger.jpeg,leitmotifche,https://twitter.com/leitmotifche,
http://pbs.twimg.com/profile_images/378800000239131275/30fc4b43b14d053f13f143af2bc9a3a4_bigger.gif,n4rd175,https://twitter.com/n4rd175,
http://pbs.twimg.com/profile_images/3055591598/013e1a025c4ab1b517261e11cc96dc0e_bigger.jpeg,GLOCALmediaNL,https://twitter.com/GLOCALmediaNL,
http://pbs.twimg.com/profile_images/556254042968436736/R_DgIaoC_bigger.jpeg,NFarhanisz,https://twitter.com/NFarhanisz,
http://pbs.twimg.com/profile_images/517367019524456448/9yntBK1R_bigger.jpeg,u24u,https://twitter.com/u24u,
http://pbs.twimg.com/profile_images/511694326603059200/gDwY1s85_bigger.jpeg,PuisiIrvan,https://twitter.com/PuisiIrvan,
http://pbs.twimg.com/profile_images/444164431300153344/642gKP5B_bigger.jpeg,OneChangeNews,https://twitter.com/OneChangeNews,
http://pbs.twimg.com/profile_images/523522340383367168/zuk3VBB9_bigger.jpeg,AdriSalvaRock,https://twitter.com/AdriSalvaRock,
http://pbs.twimg.com/profile_images/1988129550/Untitled-9_bigger.gif,educator_nl,https://twitter.com/educator_nl,
http://pbs.twimg.com/profile_images/378800000816588460/5fc190df937dd8fd2ff21f4949b3f1e5_bigger.jpeg,Galaxy_Sleeves,https://twitter.com/Galaxy_Sleeves,
http://pbs.twimg.com/profile_images/1924922460/1812_bigger.gif,pnkyedxuw,https://twitter.com/pnkyedxuw,
http://pbs.twimg.com/profile_images/450386653257797632/QjlFg6Fs_bigger.jpeg,ElectronicsNew_,https://twitter.com/ElectronicsNew_,
http://pbs.twimg.com/profile_images/535991437255393281/pVCnfRtQ_bigger.jpeg,grrables,https://twitter.com/grrables,
http://pbs.twimg.com/profile_images/491311655179919360/hDjbO0JF_bigger.jpeg,irwanmantap1,https://twitter.com/irwanmantap1,
http://pbs.twimg.com/profile_images/488610790392340481/KzU71Px5_bigger.jpeg,HandboekSocial,https://twitter.com/HandboekSocial,
http://pbs.twimg.com/profile_images/543804486825693184/ssfoyOy3_bigger.png,smarteotana,https://twitter.com/smarteotana,
http://pbs.twimg.com/profile_images/515939344024993792/QTsAO_Gn_bigger.png,Ruu_Pilkada,https://twitter.com/Ruu_Pilkada,
http://pbs.twimg.com/profile_images/459943934400405505/449iGQXx_bigger.jpeg,Marc_BDC,https://twitter.com/Marc_BDC,
http://pbs.twimg.com/profile_images/344513261570241905/917ef3ac88bd8f4a0c1d7eab368c728d_bigger.jpeg,samancimimarlik,https://twitter.com/samancimimarlik,
http://pbs.twimg.com/profile_images/3751407351/a00c483867d2c1a1fa40149072421899_bigger.jpeg,KutGeorges,https://twitter.com/KutGeorges,
http://pbs.twimg.com/profile_images/508818957025804288/Tk48n2Z5_bigger.jpeg,NicoleV661,https://twitter.com/NicoleV661,
http://pbs.twimg.com/profile_images/505755776095248385/sNKP7QBs_bigger.jpeg,sexpertise1,https://twitter.com/sexpertise1,
http://pbs.twimg.com/profile_images/556600996512927744/uAhp2jtO_bigger.jpeg,indraholaholo,https://twitter.com/indraholaholo,
http://pbs.twimg.com/profile_images/2769970719/12815817911c8a4849e0d89687baa6f8_bigger.jpeg,sunjh002,https://twitter.com/sunjh002,
http://pbs.twimg.com/profile_images/548396906473611265/RkLCjw7v_bigger.jpeg,Adtrs_,https://twitter.com/Adtrs_,
http://pbs.twimg.com/profile_images/490431853917003776/WpF4b3SW_bigger.jpeg,RingkasBerita,https://twitter.com/RingkasBerita,
http://pbs.twimg.com/profile_images/378800000457095370/7627f2197ec3d711ea4b37b2f5bb13a7_bigger.jpeg,SindiRahayuP,https://twitter.com/SindiRahayuP,
http://pbs.twimg.com/profile_images/454746585113452544/YiLUCwyq_bigger.jpeg,josua_L_tobing,https://twitter.com/josua_L_tobing,
http://pbs.twimg.com/profile_images/489895919924412417/sWJMgfTe_bigger.jpeg,rose_guajardo,https://twitter.com/rose_guajardo,
http://pbs.twimg.com/profile_images/2142727200/aqw_bigger.jpg,anleyMited,https://twitter.com/anleyMited,
http://pbs.twimg.com/profile_images/378800000008477558/3425bcc1d0b3cdce1c814ca2c95d1a4c_bigger.jpeg,laptop2all,https://twitter.com/laptop2all,
http://pbs.twimg.com/profile_images/1793114534/mine_big_bigger.JPG,guy_zinman,https://twitter.com/guy_zinman,
http://pbs.twimg.com/profile_images/494894971162341378/UhSKoHg5_bigger.jpeg,junhyungcola,https://twitter.com/junhyungcola,
http://pbs.twimg.com/profile_images/528347019480281089/GxquulAB_bigger.jpeg,DaniSoenarso,https://twitter.com/DaniSoenarso,
http://pbs.twimg.com/profile_images/471294901368266754/5tZrNJZF_bigger.jpeg,annjoe_p,https://twitter.com/annjoe_p,
http://pbs.twimg.com/profile_images/489896455952269312/FCN_jKFF_bigger.jpeg,kimclarkk1,https://twitter.com/kimclarkk1,
http://abs.twimg.com/sticky/default_profile_images/default_profile_0_bigger.png,ceritacinta2014,https://twitter.com/ceritacinta2014,
http://pbs.twimg.com/profile_images/514052039563689984/-zBfe96W_bigger.jpeg,AppleTwD,https://twitter.com/AppleTwD,
http://pbs.twimg.com/profile_images/378800000592723452/a6641d7a32f704c2546a216b0460f3d5_bigger.jpeg,aurelrmd,https://twitter.com/aurelrmd,
http://pbs.twimg.com/profile_images/551704606259294208/FU0j8j0q_bigger.png,seo_progres,https://twitter.com/seo_progres,
http://pbs.twimg.com/profile_images/3525702773/314c9daf13f0f76f5f24d5336ed1e735_bigger.jpeg,dedesofaa9972,https://twitter.com/dedesofaa9972,
http://pbs.twimg.com/profile_images/552079592589385729/7jmFxcZq_bigger.jpeg,geminaku,https://twitter.com/geminaku,
http://pbs.twimg.com/profile_images/2794772501/a82313133e8d9e9682e22907a212abe5_bigger.jpeg,bubachunks,https://twitter.com/bubachunks,
http://pbs.twimg.com/profile_images/542425699378667520/bnOxxpnc_bigger.jpeg,wisagin23,https://twitter.com/wisagin23,
http://pbs.twimg.com/profile_images/496962648421179392/HR0FjXWf_bigger.jpeg,HawaiiDawn,https://twitter.com/HawaiiDawn,
http://pbs.twimg.com/profile_images/554399926546100224/dqMv2tLs_bigger.jpeg,nkemjosh_Jr,https://twitter.com/nkemjosh_Jr,
http://pbs.twimg.com/profile_images/3639589643/ab2fe932075362b4b8454247f625be05_bigger.jpeg,MixToStore,https://twitter.com/MixToStore,
http://pbs.twimg.com/profile_images/557353337243176960/sKHlS9wy_bigger.jpeg,Rafly_MR11,https://twitter.com/Rafly_MR11,
http://pbs.twimg.com/profile_images/486924671019798529/qTuYvMYl_bigger.jpeg,DocPhoneFix,https://twitter.com/DocPhoneFix,
http://pbs.twimg.com/profile_images/531849001612492801/Lb9IUVg5_bigger.jpeg,aproposjaunty,https://twitter.com/aproposjaunty,
http://pbs.twimg.com/profile_images/378800000482929187/109e77115f4fadd4848956fd406a1e37_bigger.png,News_jak,https://twitter.com/News_jak,
http://pbs.twimg.com/profile_images/430736545726091264/fSPVMgxF_bigger.jpeg,GSGCore,https://twitter.com/GSGCore,
http://pbs.twimg.com/profile_images/522481095351083011/KroBf5Jn_bigger.png,CSUMBA,https://twitter.com/CSUMBA,
http://pbs.twimg.com/profile_images/551306117314142208/CorBKsR2_bigger.png,adf513,https://twitter.com/adf513,
http://pbs.twimg.com/profile_images/429497961504972800/FbCx1BK1_bigger.jpeg,resgha,https://twitter.com/resgha,
http://pbs.twimg.com/profile_images/378800000332348847/9eae5be6b56d135bd448bf76f0f2bf1d_bigger.png,AAConexionD,https://twitter.com/AAConexionD,
http://pbs.twimg.com/profile_images/2601995178/_uted_logo_bigger.png,CUTED01,https://twitter.com/CUTED01,
http://pbs.twimg.com/profile_images/642147023/image7_bigger.jpg,jcverbeck,https://twitter.com/jcverbeck,
http://pbs.twimg.com/profile_images/552254258985185280/7b0f2sSN_bigger.jpeg,zadock_htcmania,https://twitter.com/zadock_htcmania,
http://pbs.twimg.com/profile_images/464238127461052416/0wSwZSxP_bigger.jpeg,DUBSETH2,https://twitter.com/DUBSETH2,
http://pbs.twimg.com/profile_images/545502530524811264/jmgGy8J4_bigger.jpeg,perrydaeziouh,https://twitter.com/perrydaeziouh,
http://pbs.twimg.com/profile_images/438111027708706816/EHIqdIZX_bigger.jpeg,Galaxyebay,https://twitter.com/Galaxyebay,
http://pbs.twimg.com/profile_images/553454297304674304/O4aasgCQ_bigger.jpeg,intan_chunt,https://twitter.com/intan_chunt,
http://pbs.twimg.com/profile_images/547993923961249793/0nLQpFrG_bigger.jpeg,keg_dogg,https://twitter.com/keg_dogg,
http://pbs.twimg.com/profile_images/547666097311580160/VG-bXLhO_bigger.jpeg,iRepairSE,https://twitter.com/iRepairSE,
http://pbs.twimg.com/profile_images/3513874623/39b92ea9ced243a23b78d085cf5cbe72_bigger.jpeg,KelumpangHilir,https://twitter.com/KelumpangHilir,
http://pbs.twimg.com/profile_images/3056331687/e92fb8c9f9e7316479105f0d77123f7f_bigger.jpeg,lekus85,https://twitter.com/lekus85,
http://pbs.twimg.com/profile_images/2328200897/image_bigger.jpg,JohnAyala01,https://twitter.com/JohnAyala01,
http://pbs.twimg.com/profile_images/467646870752210944/YjnezN5n_bigger.png,BuletinTekno,https://twitter.com/BuletinTekno,
http://pbs.twimg.com/profile_images/538661209977782272/dPHO37OD_bigger.jpeg,andy_santika,https://twitter.com/andy_santika,
http://pbs.twimg.com/profile_images/538234352383975424/cnVOQMxa_bigger.jpeg,binder_nain,https://twitter.com/binder_nain,
http://pbs.twimg.com/profile_images/554388707223277568/4e2mxEF3_bigger.jpeg,JessyLA21,https://twitter.com/JessyLA21,
http://abs.twimg.com/sticky/default_profile_images/default_profile_1_bigger.png,Kanpu3asaso,https://twitter.com/Kanpu3asaso,
http://abs.twimg.com/sticky/default_profile_images/default_profile_1_bigger.png,NewTubeVideo,https://twitter.com/NewTubeVideo,
http://pbs.twimg.com/profile_images/2830757682/0438d37ce272161f7ea04255c4872800_bigger.jpeg,Cipo_doll,https://twitter.com/Cipo_doll,
http://pbs.twimg.com/profile_images/554860398189772800/V1J8AzMI_bigger.jpeg,elizaoliveirams,https://twitter.com/elizaoliveirams,
http://pbs.twimg.com/profile_images/378800000638362591/976a980bebececcb50fa2e1ce3f6c86c_bigger.png,CORINGAShopping,https://twitter.com/CORINGAShopping,
http://pbs.twimg.com/profile_images/3525794218/7f94b8c722a53362932de6c0e81bff27_bigger.jpeg,dedewiranaa5913,https://twitter.com/dedewiranaa5913,
http://pbs.twimg.com/profile_images/2934431177/4f44b3359034a83ef243365836f84690_bigger.jpeg,PUSHKAR7767,https://twitter.com/PUSHKAR7767,
http://pbs.twimg.com/profile_images/552143143169032192/-00sesCh_bigger.jpeg,Le_Chiipku,https://twitter.com/Le_Chiipku,
http://pbs.twimg.com/profile_images/3492998171/f828ffaafb584a1524143d78850cbac5_bigger.jpeg,BerthaCampbel14,https://twitter.com/BerthaCampbel14,
http://pbs.twimg.com/profile_images/547704518360981505/659iZQzR_bigger.jpeg,tnngrh,https://twitter.com/tnngrh,
http://pbs.twimg.com/profile_images/549526026615676928/hR8wN4tN_bigger.jpeg,finance_sales,https://twitter.com/finance_sales,
http://pbs.twimg.com/profile_images/556853004775608321/uTzv_mk5_bigger.jpeg,whanolieve,https://twitter.com/whanolieve,
http://pbs.twimg.com/profile_images/3073375093/d7a1c095d7eb65b94ae062d84177046b_bigger.jpeg,Ave_Di_Mark,https://twitter.com/Ave_Di_Mark,
http://pbs.twimg.com/profile_images/378800000767760384/878f5d1b50fc75dfeee9ea22902ebdf4_bigger.jpeg,FgPku,https://twitter.com/FgPku,
http://pbs.twimg.com/profile_images/556470845497815040/_FNGBfLL_bigger.jpeg,Sudipta_Rupu,https://twitter.com/Sudipta_Rupu,
http://pbs.twimg.com/profile_images/553648952458104832/65FTSSks_bigger.jpeg,4946889639c0400,https://twitter.com/4946889639c0400,
http://pbs.twimg.com/profile_images/485275464634597376/vUZopbXI_bigger.jpeg,is_tafa,https://twitter.com/is_tafa,
http://pbs.twimg.com/profile_images/3497546433/8f0e2f66d94615fbe103876fcc9e61ef_bigger.jpeg,PalmerLinda1,https://twitter.com/PalmerLinda1,
http://pbs.twimg.com/profile_images/552333843089199104/zF7UBfSU_bigger.jpeg,Kimutai101,https://twitter.com/Kimutai101,
http://abs.twimg.com/sticky/default_profile_images/default_profile_5_bigger.png,hfytyat52rRFffd,https://twitter.com/hfytyat52rRFffd,
http://pbs.twimg.com/profile_images/422305796169670656/HxVF_1OX_bigger.jpeg,Romy_pesek,https://twitter.com/Romy_pesek,
http://pbs.twimg.com/profile_images/443603044295794688/1T1MBb_q_bigger.jpeg,acrobassatt,https://twitter.com/acrobassatt,
http://pbs.twimg.com/profile_images/551601109433733120/NezukxIO_bigger.jpeg,PTIsenator2034,https://twitter.com/PTIsenator2034,
http://pbs.twimg.com/profile_images/378800000665783373/c5dc3fd4e72249e3f7d92e139d4b8506_bigger.jpeg,RizkiSaputaa,https://twitter.com/RizkiSaputaa,
http://pbs.twimg.com/profile_images/556759469468553216/bK8Zi-rK_bigger.jpeg,AssortedDonuts,https://twitter.com/AssortedDonuts,
http://pbs.twimg.com/profile_images/2934545775/175822c6d00f3d5eb03365baca48d987_bigger.png,IdrisAlnoor,https://twitter.com/IdrisAlnoor,
http://pbs.twimg.com/profile_images/544792372648091648/So4-D19h_bigger.jpeg,pixdailydealsde,https://twitter.com/pixdailydealsde,
http://pbs.twimg.com/profile_images/526944989821956096/O0PSKnBD_bigger.jpeg,bandungrevs,https://twitter.com/bandungrevs,
http://pbs.twimg.com/profile_images/527581251402620928/wrLVQF5Q_bigger.jpeg,asasd54,https://twitter.com/asasd54,
http://pbs.twimg.com/profile_images/547375691080036352/SnYp1hHD_bigger.jpeg,randusaritravel,https://twitter.com/randusaritravel,
http://pbs.twimg.com/profile_images/485814095069708288/TRC1i0ZT_bigger.jpeg,DMSWorShip,https://twitter.com/DMSWorShip,
http://abs.twimg.com/sticky/default_profile_images/default_profile_6_bigger.png,RivaldiZaputra,https://twitter.com/RivaldiZaputra,
http://pbs.twimg.com/profile_images/530234675977936896/ko8hTC-u_bigger.jpeg,garlockowashlie,https://twitter.com/garlockowashlie,
http://abs.twimg.com/sticky/default_profile_images/default_profile_1_bigger.png,dkriulin25,https://twitter.com/dkriulin25,
http://pbs.twimg.com/profile_images/550690857649598468/oLth-OnT_bigger.jpeg,ozilkurnia13,https://twitter.com/ozilkurnia13,
http://pbs.twimg.com/profile_images/1479063919/mac_bigger.jpg,agri_mac,https://twitter.com/agri_mac,
http://pbs.twimg.com/profile_images/529804328043683840/CNolL4zM_bigger.jpeg,darrhoalbert,https://twitter.com/darrhoalbert,
http://pbs.twimg.com/profile_images/556390726842335232/kh_Ie5z__bigger.jpeg,Gun_City45,https://twitter.com/Gun_City45,
http://pbs.twimg.com/profile_images/2799529289/38e4420c24e686ed8220e71d2fdc208f_bigger.png,day24k,https://twitter.com/day24k,
http://abs.twimg.com/sticky/default_profile_images/default_profile_3_bigger.png,jessvogel28,https://twitter.com/jessvogel28,
http://pbs.twimg.com/profile_images/552274155442143232/P_zI2_-a_bigger.jpeg,luisarenash,https://twitter.com/luisarenash,
http://pbs.twimg.com/profile_images/378800000414386096/ac2c49a3b689b7fc03b75ad10f7dd85d_bigger.jpeg,nickremer48,https://twitter.com/nickremer48,
