http://pbs.twimg.com/profile_images/427458576588603392/V6s-Hu_Q_bigger.jpeg, hanurpudi,https://twitter.com/hanurpudi
http://pbs.twimg.com/profile_images/430252558028779520/MDm-pvxq_bigger.jpeg, harish2you,https://twitter.com/harish2you
http://pbs.twimg.com/profile_images/506524342507683840/blsRg_Ty_bigger.jpeg, SKNonline,https://twitter.com/SKNonline
http://pbs.twimg.com/profile_images/508281495882981376/d6_tvA_2_bigger.jpeg, AnupamPkher,https://twitter.com/AnupamPkher
http://pbs.twimg.com/profile_images/500550931964891136/hU-S6xLx_bigger.jpeg, aanchalator,https://twitter.com/aanchalator
http://pbs.twimg.com/profile_images/507060190827388929/PSghWK6c_bigger.jpeg, AlwayzRamCharan,https://twitter.com/AlwayzRamCharan
http://pbs.twimg.com/profile_images/509218814882357248/h-PeA289_bigger.jpeg, priyamani6,https://twitter.com/priyamani6
http://pbs.twimg.com/profile_images/509258538267324416/VpU-O9La_bigger.jpeg, ursbobby,https://twitter.com/ursbobby
http://pbs.twimg.com/profile_images/508874181413326848/AkvCJ15J_bigger.png, YouTube,https://twitter.com/YouTube
http://pbs.twimg.com/profile_images/442828740481912833/0sbWlHtY_bigger.jpeg, Skrillex,https://twitter.com/Skrillex
http://pbs.twimg.com/profile_images/501010376574500865/rX6wtzfs_bigger.jpeg, RJV4U,https://twitter.com/RJV4U
http://pbs.twimg.com/profile_images/505741414341165056/S_6CbgmH_bigger.jpeg, Actor_Siddharth,https://twitter.com/Actor_Siddharth
http://pbs.twimg.com/profile_images/508789440865529856/3NXNwRn3_bigger.jpeg, SRKUniverse,https://twitter.com/SRKUniverse
http://pbs.twimg.com/profile_images/501387296101257216/7yOx00yz_bigger.jpeg, pnavdeep26,https://twitter.com/pnavdeep26
http://pbs.twimg.com/profile_images/802666250/jeevi_bigger.jpg, idlebrainjeevi,https://twitter.com/idlebrainjeevi
http://pbs.twimg.com/profile_images/378800000570469567/5e35d12b2af2a8e4acc14598c547c006_bigger.jpeg, ThisIsDSP,https://twitter.com/ThisIsDSP
http://pbs.twimg.com/profile_images/509392366529028096/uiAllD1J_bigger.jpeg, PawanKalyanFan,https://twitter.com/PawanKalyanFan
http://pbs.twimg.com/profile_images/505121272247111680/yDzGNzM8_bigger.jpeg, PowerStarrFan,https://twitter.com/PowerStarrFan
http://pbs.twimg.com/profile_images/141909565/1_bigger.JPG, 123telugu,https://twitter.com/123telugu
http://pbs.twimg.com/profile_images/426226358033723392/otMsLPqj_bigger.jpeg, ihansika,https://twitter.com/ihansika
http://pbs.twimg.com/profile_images/503164909333393409/sOsAV1om_bigger.jpeg, aamir_khan,https://twitter.com/aamir_khan
http://pbs.twimg.com/profile_images/510037139350777856/h2kYePFm_bigger.jpeg, menontweetz,https://twitter.com/menontweetz
http://pbs.twimg.com/profile_images/3757732267/9cec164116ace07f112fb93c87518814_bigger.jpeg, Kalyanyourstar,https://twitter.com/Kalyanyourstar
http://pbs.twimg.com/profile_images/421250364482924544/hny6ypZ3_bigger.jpeg, bkrsatish,https://twitter.com/bkrsatish
http://pbs.twimg.com/profile_images/378800000755877173/e96d7dd049eef654b43e7cb34565d94d_bigger.jpeg, ynakg,https://twitter.com/ynakg
http://pbs.twimg.com/profile_images/470523672566829056/Fl38mfdK_bigger.jpeg, ssrajamouli,https://twitter.com/ssrajamouli
http://pbs.twimg.com/profile_images/438910281398247424/J8ekSrnT_bigger.jpeg, sri50,https://twitter.com/sri50
http://pbs.twimg.com/profile_images/499490110421757952/SJtDoav0_bigger.jpeg, iamnagarjuna,https://twitter.com/iamnagarjuna
http://pbs.twimg.com/profile_images/509534406390730752/_BSgHnLq_bigger.jpeg, PawanKalyan_IN,https://twitter.com/PawanKalyan_IN
http://pbs.twimg.com/profile_images/509307789043175425/CTARagL3_bigger.jpeg, prakashraaj,https://twitter.com/prakashraaj
http://pbs.twimg.com/profile_images/378800000328647637/ca2b932536ceddfe9af12e58406e3819_bigger.jpeg, ShareThis,https://twitter.com/ShareThis
http://pbs.twimg.com/profile_images/378800000570751784/34486373055c10722bbecf40a9194fe1_bigger.jpeg, purijagan,https://twitter.com/purijagan
http://pbs.twimg.com/profile_images/507004317077753856/e72-sP_2_bigger.jpeg, premzhere,https://twitter.com/premzhere
http://pbs.twimg.com/profile_images/491994155845832705/n2B1vKP__bigger.jpeg, actor_nithiin,https://twitter.com/actor_nithiin
http://pbs.twimg.com/profile_images/491677185812357120/IaF_vy3V_bigger.jpeg, trishtrashers,https://twitter.com/trishtrashers
http://pbs.twimg.com/profile_images/482001738237358080/cS3cFGap_bigger.jpeg, vikky1432,https://twitter.com/vikky1432
http://pbs.twimg.com/profile_images/490061740676096000/uDfKYFxX_bigger.jpeg, smkoneru,https://twitter.com/smkoneru
http://pbs.twimg.com/profile_images/509228003935518720/dGSN_W19_bigger.jpeg, OnlyBabaSehgal,https://twitter.com/OnlyBabaSehgal
http://pbs.twimg.com/profile_images/3616582736/b5304e6f01f84d9c1142b0785a79d01d_bigger.jpeg, shrutihaasan,https://twitter.com/shrutihaasan
http://pbs.twimg.com/profile_images/508626772854710272/-SaOPJIA_bigger.jpeg, MusicThaman,https://twitter.com/MusicThaman
http://pbs.twimg.com/profile_images/507349641239592960/XKLSJpCb_bigger.jpeg, ahiteja666,https://twitter.com/ahiteja666
http://pbs.twimg.com/profile_images/467262167847149568/bnkXllzV_bigger.jpeg, CHIRU_NEWS,https://twitter.com/CHIRU_NEWS
http://pbs.twimg.com/profile_images/483513878605619200/_W5TIfyi_bigger.jpeg, emraanhashmi,https://twitter.com/emraanhashmi
http://pbs.twimg.com/profile_images/442976667074445313/79WGqXfP_bigger.jpeg, TheNeelima,https://twitter.com/TheNeelima
http://pbs.twimg.com/profile_images/472739529116221440/Rdpiwr5__bigger.jpeg, urstrulyMahesh,https://twitter.com/urstrulyMahesh
http://pbs.twimg.com/profile_images/500748918343204864/_fq3w29u_bigger.jpeg, snehaulaalheart,https://twitter.com/snehaulaalheart
