http://pbs.twimg.com/profile_images/440037591996325888/ZEJurhGG_bigger.jpeg,AamAadmiParty,https://twitter.com/AamAadmiParty,
http://pbs.twimg.com/profile_images/550335868636909568/NL2SSUQN_bigger.jpeg,dna,https://twitter.com/dna,
http://pbs.twimg.com/profile_images/492937124727898114/9p81geeI_bigger.jpeg,CinemaVikatan,https://twitter.com/CinemaVikatan,
http://pbs.twimg.com/profile_images/292766993/ig-fan_bigger.png,igtamil,https://twitter.com/igtamil,
http://pbs.twimg.com/profile_images/551863593369493504/pfwVouLm_bigger.jpeg,Vijaytiwari1611,https://twitter.com/Vijaytiwari1611,
http://pbs.twimg.com/profile_images/537293761852604416/nGukR9Ci_bigger.jpeg,ImRahulSharma3,https://twitter.com/ImRahulSharma3,
http://pbs.twimg.com/profile_images/532778851688923136/Ubgb8WyE_bigger.jpeg,sriyareddy,https://twitter.com/sriyareddy,
http://pbs.twimg.com/profile_images/3085488542/af976899465808b22e3d473fc5c63437_bigger.jpeg,OnlyKollywood,https://twitter.com/OnlyKollywood,
http://pbs.twimg.com/profile_images/557169035800883200/mntj3BTm_bigger.jpeg,VANILLA_ROMA,https://twitter.com/VANILLA_ROMA,
http://pbs.twimg.com/profile_images/542199713122906113/0JekjWs9_bigger.jpeg,kapsology,https://twitter.com/kapsology,
http://pbs.twimg.com/profile_images/2289098487/kopl2gvnlwlpns676iby_bigger.jpeg,galattadotcom,https://twitter.com/galattadotcom,
http://pbs.twimg.com/profile_images/782605839/image_bigger.png,addicted_7,https://twitter.com/addicted_7,
http://pbs.twimg.com/profile_images/533149293276712961/DuH0ZHJq_bigger.jpeg,GappistanRadio,https://twitter.com/GappistanRadio,
http://pbs.twimg.com/profile_images/552917228538953729/gna6c7LT_bigger.jpeg,iamGunjanGrunge,https://twitter.com/iamGunjanGrunge,
http://pbs.twimg.com/profile_images/437315162521862144/nDLMFtWP_bigger.png,ScoopWhoopNews,https://twitter.com/ScoopWhoopNews,
http://pbs.twimg.com/profile_images/517842639094177792/wBmFBwIJ_bigger.jpeg,Workin4vacation,https://twitter.com/Workin4vacation,
http://pbs.twimg.com/profile_images/499301772704231425/sjIq9UVt_bigger.jpeg,canvas303,https://twitter.com/canvas303,
http://pbs.twimg.com/profile_images/459311533676167168/72OYr6Ow_bigger.jpeg,OneindiaKannada,https://twitter.com/OneindiaKannada,
http://pbs.twimg.com/profile_images/552667058786144256/nK2DEAan_bigger.jpeg,KokkiOfficial,https://twitter.com/KokkiOfficial,
http://pbs.twimg.com/profile_images/555621355412918272/aopEpGTi_bigger.jpeg,hnrajora,https://twitter.com/hnrajora,
http://pbs.twimg.com/profile_images/556418577394597888/OhrDKetN_bigger.jpeg,yoursbarca,https://twitter.com/yoursbarca,
http://pbs.twimg.com/profile_images/483625650616426497/1bAYZ2y3_bigger.jpeg,JollyHoo,https://twitter.com/JollyHoo,
http://pbs.twimg.com/profile_images/476858476199567360/heIFLf5O_bigger.jpeg,EDGARDOGARCIASA,https://twitter.com/EDGARDOGARCIASA,
http://pbs.twimg.com/profile_images/530065804495056896/Xb0eBlKr_bigger.jpeg,DirectorGokul,https://twitter.com/DirectorGokul,
http://pbs.twimg.com/profile_images/378800000472381122/7bf4a8970861ab54faf1fea62af28eb2_bigger.jpeg,ChennaiTimesTOI,https://twitter.com/ChennaiTimesTOI,
http://pbs.twimg.com/profile_images/556403267098263552/OTHNSM3d_bigger.jpeg,MhaAgyaani,https://twitter.com/MhaAgyaani,
http://pbs.twimg.com/profile_images/538887644092985345/ZvA5N6ZQ_bigger.png,Aapfans1,https://twitter.com/Aapfans1,
http://pbs.twimg.com/profile_images/497024883943931904/KzmdHWHF_bigger.png,cinema_lead,https://twitter.com/cinema_lead,
http://pbs.twimg.com/profile_images/488658087172001792/lyI8ftb6_bigger.jpeg,6jhmk,https://twitter.com/6jhmk,
http://pbs.twimg.com/profile_images/553616307526971393/tNaE2XyR_bigger.jpeg,Komal_Indian,https://twitter.com/Komal_Indian,
http://pbs.twimg.com/profile_images/548123045609496576/SZsKDNnZ_bigger.jpeg,kejriwalfanclub,https://twitter.com/kejriwalfanclub,
http://pbs.twimg.com/profile_images/552742897867427840/oH9pHUPg_bigger.jpeg,DinuAkshi,https://twitter.com/DinuAkshi,
http://pbs.twimg.com/profile_images/489063518323621888/GgS2MSrD_bigger.jpeg,CricWizz,https://twitter.com/CricWizz,
http://pbs.twimg.com/profile_images/491225222696009731/74VuUDig_bigger.jpeg,msrbpl,https://twitter.com/msrbpl,
http://pbs.twimg.com/profile_images/489257029001674753/-Tcz6_Qy_bigger.jpeg,shishhattangadi,https://twitter.com/shishhattangadi,
http://pbs.twimg.com/profile_images/508971474749640704/Dij1GuJj_bigger.jpeg,Shanknaad,https://twitter.com/Shanknaad,
http://pbs.twimg.com/profile_images/542281442948956162/G1-E8CzK_bigger.jpeg,divyajn07,https://twitter.com/divyajn07,
http://pbs.twimg.com/profile_images/551799904817778689/1qNR9IsZ_bigger.jpeg,blogeswari,https://twitter.com/blogeswari,
http://pbs.twimg.com/profile_images/551991099468693504/ONVimTOU_bigger.jpeg,SachinFan200,https://twitter.com/SachinFan200,
http://pbs.twimg.com/profile_images/548320775162191873/N3bAE3si_bigger.jpeg,Fussy_Ca,https://twitter.com/Fussy_Ca,
http://pbs.twimg.com/profile_images/548187035945545729/Hh6lsJmT_bigger.jpeg,ArunbuddyAP,https://twitter.com/ArunbuddyAP,
http://pbs.twimg.com/profile_images/533316937028096001/3eu5e6s7_bigger.jpeg,Shahrcasm,https://twitter.com/Shahrcasm,
http://pbs.twimg.com/profile_images/557139996151263233/AIj9Z04y_bigger.jpeg,joinSN,https://twitter.com/joinSN,
http://pbs.twimg.com/profile_images/549790086942826496/jXlHsO_4_bigger.jpeg,lovelyPOPZY,https://twitter.com/lovelyPOPZY,
http://pbs.twimg.com/profile_images/557386334541602816/dtQJqo8c_bigger.jpeg,bunbaby1,https://twitter.com/bunbaby1,
http://pbs.twimg.com/profile_images/553447617565192192/EKH6yf4Q_bigger.jpeg,akm_aa,https://twitter.com/akm_aa,
http://pbs.twimg.com/profile_images/553488251655184386/HYt3XLMK_bigger.jpeg,immoumita,https://twitter.com/immoumita,
http://pbs.twimg.com/profile_images/557328576580558848/6jiQ8RHP_bigger.jpeg,i_am_alosius,https://twitter.com/i_am_alosius,
http://pbs.twimg.com/profile_images/555417578856660992/1HmOpYtU_bigger.jpeg,Parithi_,https://twitter.com/Parithi_,
http://pbs.twimg.com/profile_images/499520997079281665/iM315WOx_bigger.jpeg,ImJames_,https://twitter.com/ImJames_,
http://pbs.twimg.com/profile_images/534005366250426368/OpAK0cxG_bigger.jpeg,pravenbg,https://twitter.com/pravenbg,
http://pbs.twimg.com/profile_images/443001703382536193/sKsSsOVH_bigger.jpeg,tamilstar,https://twitter.com/tamilstar,
http://pbs.twimg.com/profile_images/554536824542998528/_AOI0LaG_bigger.jpeg,Nelson_Ji,https://twitter.com/Nelson_Ji,
http://pbs.twimg.com/profile_images/2578869315/oeieaauvxzdm1iw2co7y_bigger.jpeg,ratanmaitra,https://twitter.com/ratanmaitra,
http://pbs.twimg.com/profile_images/545404529655562240/dZ5Klcoz_bigger.jpeg,AllYGirL85,https://twitter.com/AllYGirL85,
http://pbs.twimg.com/profile_images/491030807901765632/2jcZ-Kmf_bigger.jpeg,kaul_vivek,https://twitter.com/kaul_vivek,
http://pbs.twimg.com/profile_images/440490401430917121/ldRX6Irt_bigger.jpeg,AAPGujarat,https://twitter.com/AAPGujarat,
http://pbs.twimg.com/profile_images/516137360308727810/atuTqXxw_bigger.jpeg,kalakkalcinema,https://twitter.com/kalakkalcinema,
http://pbs.twimg.com/profile_images/556859131227697152/zRv05fhZ_bigger.jpeg,VJSethupathi,https://twitter.com/VJSethupathi,
http://pbs.twimg.com/profile_images/555382313798729728/1CCglNDv_bigger.jpeg,Banned_tweeter,https://twitter.com/Banned_tweeter,
http://pbs.twimg.com/profile_images/446291133656616960/eWo1qTwY_bigger.jpeg,krissh9207,https://twitter.com/krissh9207,
http://pbs.twimg.com/profile_images/482897723989823489/uGL-lHab_bigger.jpeg,_SACHisLIFE,https://twitter.com/_SACHisLIFE,
http://pbs.twimg.com/profile_images/546153911573549057/jlaW793n_bigger.jpeg,TheBelaKantaria,https://twitter.com/TheBelaKantaria,
http://pbs.twimg.com/profile_images/556473821985665024/1XV9Q7It_bigger.jpeg,sandheep_shan,https://twitter.com/sandheep_shan,
http://pbs.twimg.com/profile_images/421053022198693889/n2FK7gwV_bigger.png,cineulagam,https://twitter.com/cineulagam,
http://pbs.twimg.com/profile_images/555300633830371328/jHikfEeb_bigger.jpeg,merin_kumar,https://twitter.com/merin_kumar,
http://pbs.twimg.com/profile_images/533263434393989120/Vzgp50hm_bigger.jpeg,dkshukla1,https://twitter.com/dkshukla1,
http://pbs.twimg.com/profile_images/540899529797558272/JgnXlYHo_bigger.jpeg,RaviVijayAddict,https://twitter.com/RaviVijayAddict,
http://pbs.twimg.com/profile_images/557393414430273536/aBVQqWCq_bigger.jpeg,Gaychel22,https://twitter.com/Gaychel22,
http://pbs.twimg.com/profile_images/551039063591882752/NmTQT8UO_bigger.jpeg,AAPSingapore,https://twitter.com/AAPSingapore,
http://pbs.twimg.com/profile_images/2996463422/c8c583a16fb288af6f8d28ded3ec878c_bigger.jpeg,Shruti4fans,https://twitter.com/Shruti4fans,
http://pbs.twimg.com/profile_images/554697172461969408/ZM1NpFzg_bigger.jpeg,AAPKaMannu,https://twitter.com/AAPKaMannu,
http://pbs.twimg.com/profile_images/515362615833280512/1BoJ2HpH_bigger.jpeg,cheers_ss,https://twitter.com/cheers_ss,
http://pbs.twimg.com/profile_images/557375148181843968/Abmv2Xo9_bigger.jpeg,Rajasirr,https://twitter.com/Rajasirr,
http://pbs.twimg.com/profile_images/552480902534553600/nCC1nisq_bigger.jpeg,deepaknrn,https://twitter.com/deepaknrn,
http://pbs.twimg.com/profile_images/502868536914489344/OE-Vc2Lp_bigger.jpeg,TweetinderKaul,https://twitter.com/TweetinderKaul,
http://pbs.twimg.com/profile_images/551213673490808832/2QaZCas9_bigger.jpeg,KubrikStanley,https://twitter.com/KubrikStanley,
http://pbs.twimg.com/profile_images/487358610842734592/9IfHfWex_bigger.jpeg,Martin_A_,https://twitter.com/Martin_A_,
http://pbs.twimg.com/profile_images/529711321177001984/duwVlN9s_bigger.jpeg,mtanmay,https://twitter.com/mtanmay,
http://pbs.twimg.com/profile_images/550621975626788865/qD17inCQ_bigger.jpeg,yogkr,https://twitter.com/yogkr,
http://pbs.twimg.com/profile_images/420464636606287872/s-H9xuA7_bigger.jpeg,Rahealrao,https://twitter.com/Rahealrao,
http://pbs.twimg.com/profile_images/557429784129855489/fAIt2Ymi_bigger.jpeg,Selvam_R7,https://twitter.com/Selvam_R7,
http://pbs.twimg.com/profile_images/276296066/pen_bigger.jpg,msuganth,https://twitter.com/msuganth,
http://pbs.twimg.com/profile_images/556442766649999360/3ss7m0sb_bigger.png,n_shekar,https://twitter.com/n_shekar,
http://pbs.twimg.com/profile_images/554133959903158273/UkJq641d_bigger.jpeg,gana_vel,https://twitter.com/gana_vel,
http://pbs.twimg.com/profile_images/553753960591290369/TyImegYQ_bigger.jpeg,thamizhpaiyan,https://twitter.com/thamizhpaiyan,
http://pbs.twimg.com/profile_images/452323074583453697/NntelKJz_bigger.jpeg,Vijay_Raghs,https://twitter.com/Vijay_Raghs,
http://pbs.twimg.com/profile_images/546139551421308928/V-C4qF3x_bigger.jpeg,vazessa,https://twitter.com/vazessa,
http://pbs.twimg.com/profile_images/554135808198713345/SKmSLXAI_bigger.jpeg,euniverse800,https://twitter.com/euniverse800,
http://pbs.twimg.com/profile_images/1682762675/iFlickz-Twitter_bigger.png,IndiaFlickz,https://twitter.com/IndiaFlickz,
http://pbs.twimg.com/profile_images/431756829115183104/UTIZzdJE_bigger.jpeg,ILuvCinemaTamil,https://twitter.com/ILuvCinemaTamil,
http://pbs.twimg.com/profile_images/545864691289837568/b5lfNKOU_bigger.jpeg,rohitrana1973,https://twitter.com/rohitrana1973,
http://pbs.twimg.com/profile_images/555781521903464449/iSwNxuar_bigger.jpeg,Mukesh3101,https://twitter.com/Mukesh3101,
http://pbs.twimg.com/profile_images/513891972533088256/FkP2STcK_bigger.jpeg,iam_Nilay,https://twitter.com/iam_Nilay,
http://pbs.twimg.com/profile_images/557398974680662016/wDNxUn-C_bigger.jpeg,ramk8059,https://twitter.com/ramk8059,
http://pbs.twimg.com/profile_images/529749945314586624/0fRcRDYg_bigger.jpeg,BoopathyDeepan,https://twitter.com/BoopathyDeepan,
http://pbs.twimg.com/profile_images/556113580303450112/u2znAjg2_bigger.jpeg,Kaushik1695S,https://twitter.com/Kaushik1695S,
http://pbs.twimg.com/profile_images/522013419965132801/aGBb-QOu_bigger.jpeg,invest_mutual,https://twitter.com/invest_mutual,
http://pbs.twimg.com/profile_images/549211677678243841/guk7hd79_bigger.jpeg,rameappu,https://twitter.com/rameappu,
http://pbs.twimg.com/profile_images/557009370911764480/3uCxo7R2_bigger.jpeg,ParuWinSal,https://twitter.com/ParuWinSal,
http://pbs.twimg.com/profile_images/554284073158328321/S67ijqnj_bigger.jpeg,AamAadmiAryan,https://twitter.com/AamAadmiAryan,
http://pbs.twimg.com/profile_images/551700620818665472/DuayXV0u_bigger.jpeg,KingsNavas,https://twitter.com/KingsNavas,
http://pbs.twimg.com/profile_images/557391806657478657/y95HyS0j_bigger.jpeg,Jithin_VjFan,https://twitter.com/Jithin_VjFan,
http://pbs.twimg.com/profile_images/476495908352167936/FIwTXukP_bigger.png,AAPBangalore,https://twitter.com/AAPBangalore,
http://pbs.twimg.com/profile_images/2151003631/creepy_coffins_bigger.jpg,Creepycoffin,https://twitter.com/Creepycoffin,
http://pbs.twimg.com/profile_images/542288018317398016/fvaRqTGr_bigger.jpeg,manikandanars,https://twitter.com/manikandanars,
http://pbs.twimg.com/profile_images/543213524751618048/cun9BJEx_bigger.jpeg,Pradeep4fun,https://twitter.com/Pradeep4fun,
http://pbs.twimg.com/profile_images/556483427059257346/X7lDpmMG_bigger.jpeg,VijayCenaOrton,https://twitter.com/VijayCenaOrton,
http://pbs.twimg.com/profile_images/557430386339225600/PkYZ2cLq_bigger.jpeg,sharanvjaddict,https://twitter.com/sharanvjaddict,
http://pbs.twimg.com/profile_images/498032390757822464/YtItaI-x_bigger.jpeg,tamillcinema,https://twitter.com/tamillcinema,
http://pbs.twimg.com/profile_images/557240122534416384/cwU6hElS_bigger.jpeg,AjayTheSrkFan,https://twitter.com/AjayTheSrkFan,
http://pbs.twimg.com/profile_images/553831922242027520/38pztfI8_bigger.jpeg,iamvejey,https://twitter.com/iamvejey,
http://pbs.twimg.com/profile_images/485072876060409856/S0B8O5fM_bigger.jpeg,JaiAryawart,https://twitter.com/JaiAryawart,
http://pbs.twimg.com/profile_images/557247921712664576/RuiXM2hS_bigger.jpeg,karthik_jammy,https://twitter.com/karthik_jammy,
http://pbs.twimg.com/profile_images/553195648007151616/LfsVJbHO_bigger.jpeg,I_Raj13,https://twitter.com/I_Raj13,
http://pbs.twimg.com/profile_images/557153750599483392/011oZJJq_bigger.jpeg,ShivangChauhans,https://twitter.com/ShivangChauhans,
http://pbs.twimg.com/profile_images/3374521460/88ca84dfcba2469b791e2a182d40946f_bigger.jpeg,shaels,https://twitter.com/shaels,
http://pbs.twimg.com/profile_images/530014886764744704/IxpAl8Ss_bigger.jpeg,vivekvijay3,https://twitter.com/vivekvijay3,
http://pbs.twimg.com/profile_images/556411183758995457/Mf5zHI3O_bigger.jpeg,PTVSp0rts_U,https://twitter.com/PTVSp0rts_U,
http://pbs.twimg.com/profile_images/557414630507552768/AK1AYj09_bigger.jpeg,LaVanYaVJAddict,https://twitter.com/LaVanYaVJAddict,
http://pbs.twimg.com/profile_images/551300088144752641/JP2V6Hy4_bigger.jpeg,SK_Bagga,https://twitter.com/SK_Bagga,
http://pbs.twimg.com/profile_images/423139136115994624/M4plS4Ob_bigger.jpeg,ayushact91,https://twitter.com/ayushact91,
http://pbs.twimg.com/profile_images/548866749848752129/-T6l7Bep_bigger.jpeg,dexilsam,https://twitter.com/dexilsam,
http://pbs.twimg.com/profile_images/556449607790510080/V6hEOWKn_bigger.jpeg,TakeBackIndia,https://twitter.com/TakeBackIndia,
http://pbs.twimg.com/profile_images/554715924100833282/fpcFNYwj_bigger.jpeg,cricadharsh,https://twitter.com/cricadharsh,
http://pbs.twimg.com/profile_images/554662077457907713/ouvSUuzf_bigger.jpeg,Vijay_SRK,https://twitter.com/Vijay_SRK,
http://pbs.twimg.com/profile_images/556174792135438336/3O79b-rE_bigger.jpeg,VijayFansTweets,https://twitter.com/VijayFansTweets,
http://pbs.twimg.com/profile_images/542569996904194048/5JkWIySt_bigger.jpeg,Mr_LonelySRKian,https://twitter.com/Mr_LonelySRKian,
http://pbs.twimg.com/profile_images/556063655041564672/q3xDAbek_bigger.jpeg,nandi_harika,https://twitter.com/nandi_harika,
http://pbs.twimg.com/profile_images/554527481227530240/_eb_EoTR_bigger.jpeg,srkdhonifan,https://twitter.com/srkdhonifan,
http://pbs.twimg.com/profile_images/467965511142105088/GWUyvtdZ_bigger.jpeg,sane_voices,https://twitter.com/sane_voices,
http://pbs.twimg.com/profile_images/507564301541187584/SIm7Tcn8_bigger.jpeg,imsomya,https://twitter.com/imsomya,
http://pbs.twimg.com/profile_images/523832781332160512/XKeqLde0_bigger.jpeg,shankszoneindcr,https://twitter.com/shankszoneindcr,
http://pbs.twimg.com/profile_images/557167267650097155/-ZtW6qim_bigger.jpeg,nishukickK,https://twitter.com/nishukickK,
http://pbs.twimg.com/profile_images/557222064185036800/aZezFLtx_bigger.jpeg,reachmerin,https://twitter.com/reachmerin,
http://pbs.twimg.com/profile_images/557436677962989568/mtx_EvjJ_bigger.jpeg,Satyaake,https://twitter.com/Satyaake,
http://pbs.twimg.com/profile_images/492489589638975488/EaFgtNh7_bigger.jpeg,dindaALT,https://twitter.com/dindaALT,
http://pbs.twimg.com/profile_images/556846569786318848/3BuokE3S_bigger.jpeg,kaththiprem,https://twitter.com/kaththiprem,
http://pbs.twimg.com/profile_images/550271955388358656/ZUeH-hDS_bigger.jpeg,srijai980,https://twitter.com/srijai980,
http://pbs.twimg.com/profile_images/551735972388282368/7hgpfHVx_bigger.jpeg,ImSarath7,https://twitter.com/ImSarath7,
http://pbs.twimg.com/profile_images/556855692263305216/okFr3Qt7_bigger.jpeg,SrkSaroz,https://twitter.com/SrkSaroz,
http://pbs.twimg.com/profile_images/551668199851192322/-vHvFphS_bigger.jpeg,John_Chapter1,https://twitter.com/John_Chapter1,
http://pbs.twimg.com/profile_images/550193556950745089/z3F1YsQY_bigger.jpeg,tweet_to_raj,https://twitter.com/tweet_to_raj,
http://pbs.twimg.com/profile_images/542861029382688769/da0EvxOi_bigger.jpeg,ThuppakkiGani,https://twitter.com/ThuppakkiGani,
http://pbs.twimg.com/profile_images/2969267320/b1193138fe632e1ef26bc51300ebb0e5_bigger.jpeg,manavdas,https://twitter.com/manavdas,
http://pbs.twimg.com/profile_images/518057153236828160/5aswHeao_bigger.jpeg,harjitchahal84,https://twitter.com/harjitchahal84,
http://pbs.twimg.com/profile_images/556168028782481408/69uFKv6D_bigger.jpeg,RajuSword,https://twitter.com/RajuSword,
http://pbs.twimg.com/profile_images/515488167122595840/u7y0GhNn_bigger.png,PluzmediaIN,https://twitter.com/PluzmediaIN,
http://pbs.twimg.com/profile_images/555887332969046016/JyIy3CSN_bigger.jpeg,vanitha_pspk,https://twitter.com/vanitha_pspk,
http://pbs.twimg.com/profile_images/555282028204019712/6yyps2gi_bigger.jpeg,VikkyBhamraa,https://twitter.com/VikkyBhamraa,
http://pbs.twimg.com/profile_images/528728675429404672/gBkcapa2_bigger.jpeg,HereforAjith,https://twitter.com/HereforAjith,
http://pbs.twimg.com/profile_images/554893747872215040/qGmDEEpg_bigger.jpeg,revengerthala,https://twitter.com/revengerthala,
http://pbs.twimg.com/profile_images/556803289451208704/7giEDGUy_bigger.jpeg,chnvaasi,https://twitter.com/chnvaasi,
http://pbs.twimg.com/profile_images/549532355061231616/RPdG5Zqz_bigger.jpeg,ichaseptiasari,https://twitter.com/ichaseptiasari,
http://pbs.twimg.com/profile_images/490549181807747072/dg_FPp9p_bigger.png,LiveNewsyTweets,https://twitter.com/LiveNewsyTweets,
http://pbs.twimg.com/profile_images/554347790810505217/dAs3fXRd_bigger.jpeg,Abhijit_19,https://twitter.com/Abhijit_19,
http://pbs.twimg.com/profile_images/554332075969351681/en7vjioT_bigger.jpeg,Vijay_YD,https://twitter.com/Vijay_YD,
http://pbs.twimg.com/profile_images/418988401807728640/i23AS_4o_bigger.jpeg,FrancisBolFM,https://twitter.com/FrancisBolFM,
http://pbs.twimg.com/profile_images/378800000044761557/3ebfcf1c32fd5578b2c72c50fc6570da_bigger.jpeg,newstignews,https://twitter.com/newstignews,
http://pbs.twimg.com/profile_images/550459050870050818/SqUdomBO_bigger.jpeg,rakeshvchandran,https://twitter.com/rakeshvchandran,
http://pbs.twimg.com/profile_images/1289934827/250px-Samudracoin1_bigger.jpg,dhanu_lagna,https://twitter.com/dhanu_lagna,
http://pbs.twimg.com/profile_images/1221013808/_CBDu_QQB2k___KGrHqEOKj0E0TP_8dr5BNGGNupoGg___21_bigger.JPG,TAMILTORRENTCOM,https://twitter.com/TAMILTORRENTCOM,
http://pbs.twimg.com/profile_images/378800000728916126/a366ae73a39ffc51daf0d70cb7360126_bigger.jpeg,BJPWinDelhi,https://twitter.com/BJPWinDelhi,
http://pbs.twimg.com/profile_images/548689103856730112/kufGKog8_bigger.jpeg,Mokianew,https://twitter.com/Mokianew,
http://pbs.twimg.com/profile_images/557066899083628544/VCAVW-vR_bigger.jpeg,balahariharanG,https://twitter.com/balahariharanG,
http://pbs.twimg.com/profile_images/548753926321741824/9nX08eJf_bigger.jpeg,sharankalyan424,https://twitter.com/sharankalyan424,
http://pbs.twimg.com/profile_images/549976530974044161/S9ZDwUo__bigger.jpeg,Diggi840,https://twitter.com/Diggi840,
http://pbs.twimg.com/profile_images/540176081366446080/a_4h8-I8_bigger.jpeg,johnrarulraj,https://twitter.com/johnrarulraj,
http://pbs.twimg.com/profile_images/554672563352133632/8L9V0A-j_bigger.jpeg,pravishvj,https://twitter.com/pravishvj,
http://pbs.twimg.com/profile_images/555632222200283136/JI-NKpa6_bigger.jpeg,chiru750,https://twitter.com/chiru750,
http://pbs.twimg.com/profile_images/554268275454910464/RM-cedMf_bigger.jpeg,iamrizkhan8970,https://twitter.com/iamrizkhan8970,
http://pbs.twimg.com/profile_images/548071646544678912/j-CabyGN_bigger.jpeg,AficionadoYash,https://twitter.com/AficionadoYash,
http://pbs.twimg.com/profile_images/378800000658840419/ed2cc0cbdbb9a2372adbfa14fbe0e3ea_bigger.jpeg,saraswathi1717,https://twitter.com/saraswathi1717,
http://pbs.twimg.com/profile_images/512948881508667392/ZWLASzQS_bigger.jpeg,vijay_rajan,https://twitter.com/vijay_rajan,
http://pbs.twimg.com/profile_images/523497772494757888/bK-cSwPc_bigger.png,CWCWatch,https://twitter.com/CWCWatch,
http://pbs.twimg.com/profile_images/557435141362962434/hfiMay7m_bigger.jpeg,sundar_vjy,https://twitter.com/sundar_vjy,
http://pbs.twimg.com/profile_images/556753166243344384/dxZ2952M_bigger.jpeg,ArnabWants2Know,https://twitter.com/ArnabWants2Know,
http://pbs.twimg.com/profile_images/556724355967627264/qVfG95Dm_bigger.jpeg,iam_zaid,https://twitter.com/iam_zaid,
http://pbs.twimg.com/profile_images/463994660344451072/M44JlKiA_bigger.jpeg,puththan,https://twitter.com/puththan,
http://pbs.twimg.com/profile_images/478691454991081472/GmEAz1GO_bigger.jpeg,amritwafa,https://twitter.com/amritwafa,
http://pbs.twimg.com/profile_images/557170364568985602/A55LlLYV_bigger.jpeg,Itz_vj,https://twitter.com/Itz_vj,
http://pbs.twimg.com/profile_images/482376153957548032/bjZN7G4x_bigger.jpeg,Kuhukhanna,https://twitter.com/Kuhukhanna,
http://pbs.twimg.com/profile_images/790544425/DSC00223_bigger.JPG,kaushal_pks,https://twitter.com/kaushal_pks,
http://pbs.twimg.com/profile_images/546515972182380544/6FPxYrbf_bigger.jpeg,GuzzlersInc,https://twitter.com/GuzzlersInc,
http://pbs.twimg.com/profile_images/546212751652040704/vPCERHLW_bigger.png,ram_aduri,https://twitter.com/ram_aduri,
http://pbs.twimg.com/profile_images/553797478466600960/_BwrZKHD_bigger.jpeg,RNitheez,https://twitter.com/RNitheez,
http://pbs.twimg.com/profile_images/557230021635350529/ogtWT9bz_bigger.jpeg,rajkamalp6667,https://twitter.com/rajkamalp6667,
http://pbs.twimg.com/profile_images/378800000454876194/cb188c974220d59acf768e68454f8c68_bigger.jpeg,Sh07509514,https://twitter.com/Sh07509514,
http://pbs.twimg.com/profile_images/555671023090012160/qEatRGMj_bigger.jpeg,ALANKGF,https://twitter.com/ALANKGF,
http://pbs.twimg.com/profile_images/555557203390648321/SV8KcSn6_bigger.jpeg,Iniyaraj2,https://twitter.com/Iniyaraj2,
http://pbs.twimg.com/profile_images/541849701629194240/h6M_Cdmt_bigger.jpeg,IAMTHEBEETLE,https://twitter.com/IAMTHEBEETLE,
http://pbs.twimg.com/profile_images/540580866255093760/FMtwevfz_bigger.jpeg,denzilmartin05,https://twitter.com/denzilmartin05,
http://pbs.twimg.com/profile_images/556360696678469632/F-sHwDwI_bigger.jpeg,shrikantd31,https://twitter.com/shrikantd31,
http://pbs.twimg.com/profile_images/378800000071814988/0015d92718abd2b525e8bf0d5d87079e_bigger.jpeg,bhaveshgorsia,https://twitter.com/bhaveshgorsia,
http://pbs.twimg.com/profile_images/1998773724/set_bigger.jpg,ovshake42,https://twitter.com/ovshake42,
http://pbs.twimg.com/profile_images/550593917398183937/vLGGzJD3_bigger.jpeg,PrasannaPeshkar,https://twitter.com/PrasannaPeshkar,
http://pbs.twimg.com/profile_images/461547442744201216/hJw4g-cs_bigger.png,vuinmedia,https://twitter.com/vuinmedia,
http://pbs.twimg.com/profile_images/556492274247274496/OuavNnQa_bigger.jpeg,ImSriram_,https://twitter.com/ImSriram_,
http://pbs.twimg.com/profile_images/555494398020956160/xdQkYjLk_bigger.jpeg,vijay_hindu24,https://twitter.com/vijay_hindu24,
http://pbs.twimg.com/profile_images/539839508368216064/VNTxfvLi_bigger.jpeg,RajeshRSingam,https://twitter.com/RajeshRSingam,
http://pbs.twimg.com/profile_images/555698886308687872/OhHR5QrG_bigger.jpeg,Mahesh_bhaktudu,https://twitter.com/Mahesh_bhaktudu,
http://pbs.twimg.com/profile_images/461872319774740481/Cx4mXwVf_bigger.jpeg,santoshsinghrag,https://twitter.com/santoshsinghrag,
http://pbs.twimg.com/profile_images/556417277059289088/AmdVol0g_bigger.jpeg,Mascheraknows,https://twitter.com/Mascheraknows,
http://pbs.twimg.com/profile_images/551777681490980864/bkPXXiNj_bigger.jpeg,selvaraj2709,https://twitter.com/selvaraj2709,
http://pbs.twimg.com/profile_images/429880117/amitgupta_bigger.jpg,amitmirror,https://twitter.com/amitmirror,
http://pbs.twimg.com/profile_images/415836227749687296/ZR2jr86M_bigger.jpeg,myscribblings,https://twitter.com/myscribblings,
http://pbs.twimg.com/profile_images/551730340058783744/RHZFecxf_bigger.png,dineshsn117,https://twitter.com/dineshsn117,
http://pbs.twimg.com/profile_images/552095081054744576/kaDcsdYz_bigger.jpeg,viking_vijay,https://twitter.com/viking_vijay,
http://pbs.twimg.com/profile_images/550166666995175424/5S-smCGs_bigger.jpeg,veerampraveen77,https://twitter.com/veerampraveen77,
http://pbs.twimg.com/profile_images/552379220958007296/Fh0YCeYJ_bigger.jpeg,koodalingam,https://twitter.com/koodalingam,
http://pbs.twimg.com/profile_images/551684911531167744/DyhvBVw2_bigger.jpeg,darkdestinynme,https://twitter.com/darkdestinynme,
http://pbs.twimg.com/profile_images/525336153012989952/8FRcCsJN_bigger.jpeg,manojshriganes1,https://twitter.com/manojshriganes1,
http://pbs.twimg.com/profile_images/557428691286781952/GA_FxnJS_bigger.jpeg,dreamer11_ana,https://twitter.com/dreamer11_ana,
http://pbs.twimg.com/profile_images/557388161719238658/Sa9kKO-4_bigger.jpeg,JAONE6,https://twitter.com/JAONE6,
http://pbs.twimg.com/profile_images/557256914669936640/bpntGgDG_bigger.jpeg,Vijay_fan10,https://twitter.com/Vijay_fan10,
http://pbs.twimg.com/profile_images/552102519170555904/9LFECTPt_bigger.jpeg,Ramlalla_nk,https://twitter.com/Ramlalla_nk,
http://pbs.twimg.com/profile_images/551684542625349633/PpvzjMN7_bigger.jpeg,ImVjAnand,https://twitter.com/ImVjAnand,
http://pbs.twimg.com/profile_images/534630971136421889/m1huvYh7_bigger.jpeg,jacobkevin1,https://twitter.com/jacobkevin1,
http://pbs.twimg.com/profile_images/548882285806620672/Hm4quDwp_bigger.jpeg,ThalapathyFan1,https://twitter.com/ThalapathyFan1,
http://pbs.twimg.com/profile_images/543735490227105792/6CeBi01I_bigger.jpeg,afifizawawie,https://twitter.com/afifizawawie,
http://pbs.twimg.com/profile_images/554659364347195392/ajnQ8rEu_bigger.jpeg,TheNarenSharma,https://twitter.com/TheNarenSharma,
http://pbs.twimg.com/profile_images/556400449159315456/gcBKmPUx_bigger.jpeg,SKGadiwale,https://twitter.com/SKGadiwale,
http://pbs.twimg.com/profile_images/545174361074720769/R5UG6KVD_bigger.jpeg,srini_mudaliar,https://twitter.com/srini_mudaliar,
http://pbs.twimg.com/profile_images/557046181595860992/-haVbQIE_bigger.jpeg,kaththimonoj,https://twitter.com/kaththimonoj,
http://pbs.twimg.com/profile_images/550311635928109059/PcC0wF3w_bigger.jpeg,mithunraman,https://twitter.com/mithunraman,
http://pbs.twimg.com/profile_images/527839772140507138/c9cJ21Zt_bigger.jpeg,TeenDoPaanch,https://twitter.com/TeenDoPaanch,
http://pbs.twimg.com/profile_images/520855057214894080/vSMbR_AT_bigger.jpeg,srikarbt,https://twitter.com/srikarbt,
http://pbs.twimg.com/profile_images/435446248078716929/7z22AkOD_bigger.jpeg,sneha_karnik,https://twitter.com/sneha_karnik,
http://pbs.twimg.com/profile_images/556265488951418880/3wzkU7xx_bigger.jpeg,sathees992,https://twitter.com/sathees992,
http://pbs.twimg.com/profile_images/476952258580467712/p28zX_uL_bigger.jpeg,Senthil557,https://twitter.com/Senthil557,
http://pbs.twimg.com/profile_images/548700337712799744/NNARWNb8_bigger.jpeg,amischthaker,https://twitter.com/amischthaker,
http://pbs.twimg.com/profile_images/557391977512067073/bd7U4xGP_bigger.jpeg,TrulySamFan,https://twitter.com/TrulySamFan,
http://pbs.twimg.com/profile_images/541263800335220736/e_krZ4U9_bigger.jpeg,kohilaneymar,https://twitter.com/kohilaneymar,
http://pbs.twimg.com/profile_images/556736978368991232/G3w80mf9_bigger.jpeg,djaanshul,https://twitter.com/djaanshul,
http://pbs.twimg.com/profile_images/557236230048346112/i3MHIEwu_bigger.jpeg,CricLogue,https://twitter.com/CricLogue,
http://pbs.twimg.com/profile_images/556789483786354688/QcmEojPf_bigger.jpeg,AADeshmukh143,https://twitter.com/AADeshmukh143,
http://pbs.twimg.com/profile_images/553331333217275904/O6SI9Fjs_bigger.jpeg,Vijay_Fanatic,https://twitter.com/Vijay_Fanatic,
http://pbs.twimg.com/profile_images/466980869433851904/KPE-7eKh_bigger.jpeg,KmrAnil19,https://twitter.com/KmrAnil19,
http://pbs.twimg.com/profile_images/553909668192321537/XRtbyCXP_bigger.jpeg,veenusandhu,https://twitter.com/veenusandhu,
http://pbs.twimg.com/profile_images/378800000726109902/0fec2a7edac6fab5ed8a31e14e5ec4b6_bigger.jpeg,PrologInfo,https://twitter.com/PrologInfo,
http://pbs.twimg.com/profile_images/557402406191783937/2sdoFLQB_bigger.jpeg,amit_155,https://twitter.com/amit_155,
http://pbs.twimg.com/profile_images/550563137624104960/gS55fVlM_bigger.jpeg,cric_SKB,https://twitter.com/cric_SKB,
http://pbs.twimg.com/profile_images/557394900493148161/S3Uvqnpl_bigger.jpeg,iamjahir,https://twitter.com/iamjahir,
http://pbs.twimg.com/profile_images/479949800507310081/cM_ZLxcM_bigger.jpeg,gajariavishal,https://twitter.com/gajariavishal,
http://pbs.twimg.com/profile_images/548814983325175808/3SgvdviV_bigger.jpeg,MenonAjay87,https://twitter.com/MenonAjay87,
http://pbs.twimg.com/profile_images/550364713423360000/UO5FEuor_bigger.jpeg,AshmeetSinghAAP,https://twitter.com/AshmeetSinghAAP,
http://pbs.twimg.com/profile_images/555656693804068865/a097spJZ_bigger.jpeg,JustoneK7,https://twitter.com/JustoneK7,
http://pbs.twimg.com/profile_images/549685416647872512/KIv_PDfy_bigger.png,thimblvideos,https://twitter.com/thimblvideos,
http://pbs.twimg.com/profile_images/483497789981089792/XYJjO7Uh_bigger.png,MarketAnanlyst,https://twitter.com/MarketAnanlyst,
http://pbs.twimg.com/profile_images/552759606296842242/q7v8fscp_bigger.jpeg,SSDhileep,https://twitter.com/SSDhileep,
http://pbs.twimg.com/profile_images/546713116432941056/dMn8250F_bigger.jpeg,Jackclapham_9,https://twitter.com/Jackclapham_9,
http://pbs.twimg.com/profile_images/433352088609763328/uGCIyyAb_bigger.jpeg,azadalam,https://twitter.com/azadalam,
http://pbs.twimg.com/profile_images/540165683615506432/tMQPwPc1_bigger.jpeg,jaaffersadiq,https://twitter.com/jaaffersadiq,
http://pbs.twimg.com/profile_images/556704009960960000/I8Ld0JOW_bigger.jpeg,Prasath_Nila,https://twitter.com/Prasath_Nila,
http://pbs.twimg.com/profile_images/378800000710054619/c8749f6cbf1c150401fe19dba3254934_bigger.jpeg,Fancricket12,https://twitter.com/Fancricket12,
http://pbs.twimg.com/profile_images/548936633144209409/xk4stwB0_bigger.jpeg,abbas_haiderr,https://twitter.com/abbas_haiderr,
http://pbs.twimg.com/profile_images/550349987293323265/R21ZQpUP_bigger.jpeg,IntrepidWordist,https://twitter.com/IntrepidWordist,
http://pbs.twimg.com/profile_images/3450706161/807dbc343d4be5d39f043849a5c0456b_bigger.jpeg,VKF_TEAM,https://twitter.com/VKF_TEAM,
http://pbs.twimg.com/profile_images/1894373793/image_bigger.jpg,keshav555,https://twitter.com/keshav555,
http://pbs.twimg.com/profile_images/2415957422/upppmqo6juog3vu5m984_bigger.jpeg,AhaYourself,https://twitter.com/AhaYourself,
http://pbs.twimg.com/profile_images/533146861784166400/npAAylNt_bigger.jpeg,shaktishekhar39,https://twitter.com/shaktishekhar39,
http://pbs.twimg.com/profile_images/1812860000/logo_bigger.jpg,SAMAYA_TV,https://twitter.com/SAMAYA_TV,
http://pbs.twimg.com/profile_images/512657603130703872/dvyn1zdx_bigger.jpeg,vijay_vssct,https://twitter.com/vijay_vssct,
http://pbs.twimg.com/profile_images/554575083448979456/q4hSBhoN_bigger.jpeg,balaji_KB,https://twitter.com/balaji_KB,
http://pbs.twimg.com/profile_images/544144880508108801/J3H7Uvuz_bigger.jpeg,swetasahaay,https://twitter.com/swetasahaay,
http://pbs.twimg.com/profile_images/546894803338665984/Amt9e5Ai_bigger.jpeg,sohamkuma,https://twitter.com/sohamkuma,
http://pbs.twimg.com/profile_images/469512203029073920/2LO7ZUIM_bigger.jpeg,CHE_PK_70,https://twitter.com/CHE_PK_70,
http://pbs.twimg.com/profile_images/555917473577316352/Iwvu_hDr_bigger.jpeg,itisnmk,https://twitter.com/itisnmk,
http://pbs.twimg.com/profile_images/1812616970/Indii_Logo_bigger.jpg,IndiiRestaurant,https://twitter.com/IndiiRestaurant,
http://pbs.twimg.com/profile_images/555436258831265792/t5J0digc_bigger.jpeg,freelancer11,https://twitter.com/freelancer11,
http://pbs.twimg.com/profile_images/557433704633470976/EP4Aa9bi_bigger.jpeg,vj_gopi,https://twitter.com/vj_gopi,
http://pbs.twimg.com/profile_images/554874139471667200/eKMYVWmw_bigger.jpeg,rockportsays,https://twitter.com/rockportsays,
http://pbs.twimg.com/profile_images/536893875780997122/WQu5eoWx_bigger.jpeg,muhamedarshad,https://twitter.com/muhamedarshad,
http://pbs.twimg.com/profile_images/534351498369449985/QC4lZfmX_bigger.jpeg,kopforeva18,https://twitter.com/kopforeva18,
http://pbs.twimg.com/profile_images/555482841186725888/RteoSOhs_bigger.jpeg,raaja_zheik,https://twitter.com/raaja_zheik,
http://pbs.twimg.com/profile_images/490206608731815938/aW7euurt_bigger.jpeg,sant116,https://twitter.com/sant116,
http://pbs.twimg.com/profile_images/502247325524168705/LOUauJdC_bigger.jpeg,extraordinaryvj,https://twitter.com/extraordinaryvj,
http://pbs.twimg.com/profile_images/557229129230061568/GKl5mKN7_bigger.jpeg,SelvaSRT,https://twitter.com/SelvaSRT,
http://pbs.twimg.com/profile_images/557046347015016448/WE1-PsNR_bigger.jpeg,am_Akiraa,https://twitter.com/am_Akiraa,
http://pbs.twimg.com/profile_images/556163717147017216/KUPrS1pe_bigger.jpeg,Yaavano_Obba,https://twitter.com/Yaavano_Obba,
http://pbs.twimg.com/profile_images/555764161074839552/Xp6-YinD_bigger.jpeg,vashistha_s,https://twitter.com/vashistha_s,
http://pbs.twimg.com/profile_images/439721133168816129/nvOvqPRP_bigger.jpeg,janonymous14,https://twitter.com/janonymous14,
http://pbs.twimg.com/profile_images/906927714/amit_2_bigger.jpg,amitbimal,https://twitter.com/amitbimal,
http://pbs.twimg.com/profile_images/548279407979139072/whwy44DY_bigger.jpeg,pravinkumar2451,https://twitter.com/pravinkumar2451,
http://pbs.twimg.com/profile_images/557033165181550593/cVrDJsQM_bigger.jpeg,vijayanjana,https://twitter.com/vijayanjana,
http://pbs.twimg.com/profile_images/531913693462667265/-zwcpsrI_bigger.jpeg,shiyadshah,https://twitter.com/shiyadshah,
http://pbs.twimg.com/profile_images/554910450492514304/Qjz5bsrD_bigger.jpeg,vijay_annan,https://twitter.com/vijay_annan,
http://pbs.twimg.com/profile_images/541207704178401280/GIgGT3eq_bigger.jpeg,narenk96,https://twitter.com/narenk96,
http://pbs.twimg.com/profile_images/525420486088335360/Xb_MkhHM_bigger.jpeg,alpha93339,https://twitter.com/alpha93339,
http://pbs.twimg.com/profile_images/527099666664394753/nTFj5eBr_bigger.jpeg,divyang_7,https://twitter.com/divyang_7,
http://pbs.twimg.com/profile_images/489047472577077248/_xOuBtHt_bigger.jpeg,VimarshMunsif,https://twitter.com/VimarshMunsif,
http://pbs.twimg.com/profile_images/470952532382986240/v50GavTE_bigger.jpeg,AAPkaKetan,https://twitter.com/AAPkaKetan,
http://pbs.twimg.com/profile_images/550755163514753024/5asHjKug_bigger.jpeg,exclusive_arun,https://twitter.com/exclusive_arun,
http://pbs.twimg.com/profile_images/554964056289726464/Rhgxciq-_bigger.jpeg,Vishnu31369136,https://twitter.com/Vishnu31369136,
http://pbs.twimg.com/profile_images/446571780929376256/zAixn9gA_bigger.jpeg,Subhash_Bagde,https://twitter.com/Subhash_Bagde,
http://pbs.twimg.com/profile_images/473773876145438722/0lVHgDuV_bigger.jpeg,ImMathiew,https://twitter.com/ImMathiew,
http://pbs.twimg.com/profile_images/1835411282/Screen_20110807_184426_bigger.jpg,prats_pratik,https://twitter.com/prats_pratik,
http://pbs.twimg.com/profile_images/2620054157/dvbqcpx3y8qadzbhtxac_bigger.jpeg,samavedam_vijay,https://twitter.com/samavedam_vijay,
http://pbs.twimg.com/profile_images/2434422224/images_bigger.jpg,youhavethewrite,https://twitter.com/youhavethewrite,
http://pbs.twimg.com/profile_images/553605297965498368/552jwYLj_bigger.jpeg,thala_young,https://twitter.com/thala_young,
http://pbs.twimg.com/profile_images/543674078788206592/aSwD7WfC_bigger.jpeg,rajarajan__k,https://twitter.com/rajarajan__k,
http://pbs.twimg.com/profile_images/378800000252998497/24e996c84f9545e97c34d722f416f451_bigger.jpeg,satishbossn,https://twitter.com/satishbossn,
http://pbs.twimg.com/profile_images/555042258710298625/JBJCbBu-_bigger.jpeg,gowthamvjfan,https://twitter.com/gowthamvjfan,
http://pbs.twimg.com/profile_images/507422124101746688/16KzAEU-_bigger.jpeg,RohanPahwa2,https://twitter.com/RohanPahwa2,
http://pbs.twimg.com/profile_images/494781999341506562/1yV71bBN_bigger.jpeg,ajaisriv,https://twitter.com/ajaisriv,
http://pbs.twimg.com/profile_images/540526701621428224/PpkPoXO1_bigger.jpeg,PoudelPrenesh,https://twitter.com/PoudelPrenesh,
http://pbs.twimg.com/profile_images/555618798707814400/Pj41cDqn_bigger.jpeg,sreebaalajii,https://twitter.com/sreebaalajii,
http://pbs.twimg.com/profile_images/491558961141657600/ZBo-weYT_bigger.jpeg,biztriangle,https://twitter.com/biztriangle,
http://pbs.twimg.com/profile_images/554853649025740800/NUSCGgIu_bigger.jpeg,Ram_Murthy5,https://twitter.com/Ram_Murthy5,
http://pbs.twimg.com/profile_images/542714570167422976/PAdbG26p_bigger.jpeg,SeemonVijay,https://twitter.com/SeemonVijay,
http://pbs.twimg.com/profile_images/548703607097671681/wzbIchBp_bigger.jpeg,Jeetendra89,https://twitter.com/Jeetendra89,
http://pbs.twimg.com/profile_images/543337473493827586/E9SOBY6H_bigger.jpeg,sumanthagowda,https://twitter.com/sumanthagowda,
http://abs.twimg.com/sticky/default_profile_images/default_profile_5_bigger.png,chalotweetkare,https://twitter.com/chalotweetkare,
http://pbs.twimg.com/profile_images/378800000308287164/c6f6f0ff781e4c34bb260e89252d867d_bigger.jpeg,cool_sah,https://twitter.com/cool_sah,
http://pbs.twimg.com/profile_images/557261252171276288/0T6iuSFO_bigger.jpeg,RajatCruz,https://twitter.com/RajatCruz,
http://pbs.twimg.com/profile_images/554900612022665218/NCDL-1X7_bigger.jpeg,siva_bhuvan,https://twitter.com/siva_bhuvan,
http://pbs.twimg.com/profile_images/463705400756285440/DUGMBXHw_bigger.png,citizenramji,https://twitter.com/citizenramji,
http://pbs.twimg.com/profile_images/507092714886668288/0UaEZBsM_bigger.jpeg,FilmibeatKa,https://twitter.com/FilmibeatKa,
http://pbs.twimg.com/profile_images/525609028928294912/WQTXmwsu_bigger.jpeg,WaseemFeroz_,https://twitter.com/WaseemFeroz_,
http://pbs.twimg.com/profile_images/486033864511336448/50zUzoCX_bigger.jpeg,Vijay4AAP,https://twitter.com/Vijay4AAP,
http://pbs.twimg.com/profile_images/533401703752548353/y5pNeDEf_bigger.png,Tamilbots,https://twitter.com/Tamilbots,
http://pbs.twimg.com/profile_images/553020917295505408/Pxxwp2pQ_bigger.jpeg,Drpanpoo,https://twitter.com/Drpanpoo,
http://pbs.twimg.com/profile_images/458961913959837697/ZMlqY-ky_bigger.jpeg,snigdhadev92,https://twitter.com/snigdhadev92,
http://pbs.twimg.com/profile_images/533170819828965378/ClpERgqt_bigger.jpeg,rathoreIITB,https://twitter.com/rathoreIITB,
http://pbs.twimg.com/profile_images/550155552353812480/NSKGEyyj_bigger.jpeg,viveken007,https://twitter.com/viveken007,
http://pbs.twimg.com/profile_images/557031495802449921/XCHWhIRg_bigger.jpeg,shiva_vijayfan,https://twitter.com/shiva_vijayfan,
http://pbs.twimg.com/profile_images/496218893715664896/YBvbaSJ0_bigger.jpeg,vijay_agrawal3,https://twitter.com/vijay_agrawal3,
http://pbs.twimg.com/profile_images/521001178180501504/fAyt-27i_bigger.jpeg,specialthings41,https://twitter.com/specialthings41,
http://pbs.twimg.com/profile_images/543657739579174913/GOvf0L8y_bigger.jpeg,ArpanGupta71,https://twitter.com/ArpanGupta71,
http://pbs.twimg.com/profile_images/550294919613399041/VKsEMXiw_bigger.jpeg,huntersubash,https://twitter.com/huntersubash,
http://pbs.twimg.com/profile_images/496090777681162240/yWkPGkyI_bigger.jpeg,vijay_p94,https://twitter.com/vijay_p94,
http://pbs.twimg.com/profile_images/510701521336414209/SjrE2h_m_bigger.jpeg,Shamim_Anwerr,https://twitter.com/Shamim_Anwerr,
http://pbs.twimg.com/profile_images/522794666287058944/W40Gy6Tu_bigger.jpeg,steeraam,https://twitter.com/steeraam,
http://pbs.twimg.com/profile_images/470470611995590656/Gcjv5YOe_bigger.jpeg,_AkashSahu,https://twitter.com/_AkashSahu,
http://pbs.twimg.com/profile_images/510426084043526144/L4pEAqKG_bigger.jpeg,BanarasBlues,https://twitter.com/BanarasBlues,
http://pbs.twimg.com/profile_images/470472048704118784/a6WQ1Ukp_bigger.jpeg,Mishrapankajs,https://twitter.com/Mishrapankajs,
http://pbs.twimg.com/profile_images/506000321345101824/2349hbF5_bigger.jpeg,Ozshikharpooner,https://twitter.com/Ozshikharpooner,
http://pbs.twimg.com/profile_images/378800000418612442/9bd0260a4d35a0f0dcca7bf49e2e0b07_bigger.jpeg,ankketjain,https://twitter.com/ankketjain,
http://abs.twimg.com/sticky/default_profile_images/default_profile_0_bigger.png,SuryanSiva,https://twitter.com/SuryanSiva,
http://pbs.twimg.com/profile_images/552700430174519296/NmorypoL_bigger.jpeg,Karthic12345,https://twitter.com/Karthic12345,
http://pbs.twimg.com/profile_images/557077966744604672/VZdnIZOC_bigger.jpeg,Mr_Amritesh,https://twitter.com/Mr_Amritesh,
http://pbs.twimg.com/profile_images/529091820123607041/8Sc9J1mn_bigger.jpeg,amarakhbaranth,https://twitter.com/amarakhbaranth,
http://pbs.twimg.com/profile_images/504474368257175552/poczB5U7_bigger.jpeg,sachinhn,https://twitter.com/sachinhn,
http://pbs.twimg.com/profile_images/527694125651349505/Qj8UGzAK_bigger.jpeg,jnjprakash,https://twitter.com/jnjprakash,
http://pbs.twimg.com/profile_images/554513534902472704/rXY1kfOd_bigger.jpeg,gsr0777,https://twitter.com/gsr0777,
http://pbs.twimg.com/profile_images/553161425363816449/pl2Sj7B__bigger.jpeg,naz_krq,https://twitter.com/naz_krq,
http://pbs.twimg.com/profile_images/553620998860193792/rLh0kk66_bigger.jpeg,ashu12175,https://twitter.com/ashu12175,
http://pbs.twimg.com/profile_images/540461193492566016/hfRlGO-M_bigger.jpeg,ndb143,https://twitter.com/ndb143,
http://pbs.twimg.com/profile_images/516776678484242432/--9gkBCL_bigger.jpeg,ivijey,https://twitter.com/ivijey,
http://pbs.twimg.com/profile_images/553207420227305474/BfyHFSXT_bigger.jpeg,koucorner,https://twitter.com/koucorner,
http://pbs.twimg.com/profile_images/533554526666493952/h5E2QKBf_bigger.jpeg,DineshChander,https://twitter.com/DineshChander,
http://pbs.twimg.com/profile_images/541488646419791872/fXfUOZEE_bigger.jpeg,karthick599,https://twitter.com/karthick599,
http://pbs.twimg.com/profile_images/543365961617645568/7Vardcuk_bigger.jpeg,RakhiPanchal1,https://twitter.com/RakhiPanchal1,
http://pbs.twimg.com/profile_images/556068176027324416/TabHjO93_bigger.jpeg,ssanu176,https://twitter.com/ssanu176,
http://pbs.twimg.com/profile_images/420399274174595072/kGt6oO9X_bigger.jpeg,Mahaswamy108,https://twitter.com/Mahaswamy108,
http://pbs.twimg.com/profile_images/549552727202615296/God4jdQw_bigger.jpeg,singhsethi2014,https://twitter.com/singhsethi2014,
http://pbs.twimg.com/profile_images/551970985763565568/0fq8aQiH_bigger.jpeg,PriyaVidhya,https://twitter.com/PriyaVidhya,
http://pbs.twimg.com/profile_images/519690780709908480/FSjPlCRe_bigger.jpeg,vijay_lalwani,https://twitter.com/vijay_lalwani,
http://pbs.twimg.com/profile_images/418983704996753409/3_UhzJOf_bigger.jpeg,vijay_dhamu,https://twitter.com/vijay_dhamu,
http://pbs.twimg.com/profile_images/521514889068556288/nkuP_azu_bigger.jpeg,vijay_sharma86,https://twitter.com/vijay_sharma86,
http://pbs.twimg.com/profile_images/1699683827/374683494124_bigger.jpg,kartik_valipay,https://twitter.com/kartik_valipay,
http://pbs.twimg.com/profile_images/507476537298264064/yAbB_Jp8_bigger.png,RajivNerd,https://twitter.com/RajivNerd,
http://pbs.twimg.com/profile_images/457907205413404672/P8Mo9joK_bigger.jpeg,PrinceKumarG,https://twitter.com/PrinceKumarG,
http://pbs.twimg.com/profile_images/551771471693881344/2Kwwux-L_bigger.jpeg,sat1984mca,https://twitter.com/sat1984mca,
http://pbs.twimg.com/profile_images/556881519260606464/s1xOeitx_bigger.jpeg,ZhakeerKhan,https://twitter.com/ZhakeerKhan,
http://pbs.twimg.com/profile_images/548478421475409920/Y1OUU3Rz_bigger.jpeg,vasu_agg,https://twitter.com/vasu_agg,
http://pbs.twimg.com/profile_images/509990090546745344/tYCCTdJl_bigger.jpeg,darshan_sawe,https://twitter.com/darshan_sawe,
http://pbs.twimg.com/profile_images/482767137954476032/COMX8rVb_bigger.jpeg,jprincejesr,https://twitter.com/jprincejesr,
http://pbs.twimg.com/profile_images/545638306117988352/JQGh1EEp_bigger.jpeg,IdiotsruthiRaja,https://twitter.com/IdiotsruthiRaja,
http://pbs.twimg.com/profile_images/3494481528/3a5058294ce6ee3959dca9420ec9d8d4_bigger.jpeg,lavineshdude,https://twitter.com/lavineshdude,
http://pbs.twimg.com/profile_images/451259379602309120/7EaoOzlj_bigger.jpeg,Om_Seva_RJT,https://twitter.com/Om_Seva_RJT,
http://pbs.twimg.com/profile_images/554549270271897600/KFBx_ZoL_bigger.jpeg,PopzBunz,https://twitter.com/PopzBunz,
http://pbs.twimg.com/profile_images/511176984634740737/WgWzm_d3_bigger.jpeg,VjfanPraveen,https://twitter.com/VjfanPraveen,
http://pbs.twimg.com/profile_images/429606827354259456/Cot36VMN_bigger.jpeg,nregalsuit,https://twitter.com/nregalsuit,
http://pbs.twimg.com/profile_images/553567627100966913/0Mvjf7h6_bigger.jpeg,Tweet2Chayan,https://twitter.com/Tweet2Chayan,
http://pbs.twimg.com/profile_images/541810973472849920/TaGli7FK_bigger.jpeg,ICEXMumbai,https://twitter.com/ICEXMumbai,
http://pbs.twimg.com/profile_images/2695241047/06eb161493f2f0408ebd3f5b634ce6ca_bigger.png,hkijf,https://twitter.com/hkijf,
http://pbs.twimg.com/profile_images/490113245986820097/FB7T_vWk_bigger.png,raantus,https://twitter.com/raantus,
http://pbs.twimg.com/profile_images/517342755526148098/Vt5H-ZtQ_bigger.jpeg,Kumar33_India,https://twitter.com/Kumar33_India,
http://pbs.twimg.com/profile_images/420131852968398848/4SXum4ZZ_bigger.jpeg,vijay_kaneria,https://twitter.com/vijay_kaneria,
http://pbs.twimg.com/profile_images/552752357751001089/NuiWLKtc_bigger.jpeg,vijay_sagiraju,https://twitter.com/vijay_sagiraju,
http://pbs.twimg.com/profile_images/461827814501515264/aC6-xRiL_bigger.jpeg,astro_rat,https://twitter.com/astro_rat,
http://pbs.twimg.com/profile_images/530441495082704896/UQePbVqU_bigger.jpeg,dileeptripthi,https://twitter.com/dileeptripthi,
http://pbs.twimg.com/profile_images/534575131033477120/0EI3_2ZO_bigger.jpeg,gdx619,https://twitter.com/gdx619,
http://pbs.twimg.com/profile_images/555403408983601154/V6xuw23E_bigger.jpeg,Harimhs49,https://twitter.com/Harimhs49,
http://pbs.twimg.com/profile_images/553907424386510849/dHFlyOEg_bigger.jpeg,vijay_bhayani,https://twitter.com/vijay_bhayani,
http://pbs.twimg.com/profile_images/2868649113/956ce7c3c8401195a6bd1df92674caae_bigger.jpeg,hmmJD1,https://twitter.com/hmmJD1,
http://pbs.twimg.com/profile_images/489286533128531968/5wtNXzEH_bigger.jpeg,MegaFansss,https://twitter.com/MegaFansss,
http://pbs.twimg.com/profile_images/466802431062319104/6tqXSukn_bigger.jpeg,Abhaygu39508522,https://twitter.com/Abhaygu39508522,
http://pbs.twimg.com/profile_images/430708494585450496/TBGbeGtx_bigger.jpeg,vijay_gohar,https://twitter.com/vijay_gohar,
http://pbs.twimg.com/profile_images/530616912607068160/NOX13UjY_bigger.jpeg,shipra307,https://twitter.com/shipra307,
http://pbs.twimg.com/profile_images/522386510029410305/xSiSPXaP_bigger.jpeg,gun_karthik,https://twitter.com/gun_karthik,
http://pbs.twimg.com/profile_images/550339496223309824/5hq2evFo_bigger.jpeg,karthik14982257,https://twitter.com/karthik14982257,
http://pbs.twimg.com/profile_images/1791599353/30306_385899806748_625591748_4007275_8204960_n_bigger.jpg,86deepakyadav,https://twitter.com/86deepakyadav,
http://pbs.twimg.com/profile_images/553271251418894336/cSaTb6MV_bigger.jpeg,mukeshrai881,https://twitter.com/mukeshrai881,
http://pbs.twimg.com/profile_images/536203449218527232/hYwez8bF_bigger.jpeg,kishothm,https://twitter.com/kishothm,
http://pbs.twimg.com/profile_images/544384713041784832/vEfQY3Yx_bigger.jpeg,ksraja27,https://twitter.com/ksraja27,
http://abs.twimg.com/sticky/default_profile_images/default_profile_5_bigger.png,RahulGhodeshwar,https://twitter.com/RahulGhodeshwar,
http://pbs.twimg.com/profile_images/1983508458/IMG_6718_bigger.jpg,vijayddubey,https://twitter.com/vijayddubey,
http://pbs.twimg.com/profile_images/555603667756130304/-khvTUIZ_bigger.jpeg,ilayabharti,https://twitter.com/ilayabharti,
http://pbs.twimg.com/profile_images/540189149223866369/UZEmVY9P_bigger.jpeg,ashokpraveen7,https://twitter.com/ashokpraveen7,
http://pbs.twimg.com/profile_images/557232991043211265/PwvjT5lX_bigger.jpeg,chocolaty_nads,https://twitter.com/chocolaty_nads,
http://pbs.twimg.com/profile_images/2023082076/13_bigger.jpg,mateguy26,https://twitter.com/mateguy26,
http://pbs.twimg.com/profile_images/445463470633271296/2K6VQiuk_bigger.jpeg,ASHISH_425,https://twitter.com/ASHISH_425,
http://pbs.twimg.com/profile_images/551040398403969024/r9W1j5ky_bigger.jpeg,TheValluvan,https://twitter.com/TheValluvan,
http://pbs.twimg.com/profile_images/555613025332256768/hNQuRr0b_bigger.jpeg,arushi1111,https://twitter.com/arushi1111,
http://pbs.twimg.com/profile_images/420923844602650625/4ySaTBTJ_bigger.jpeg,kohli_jas,https://twitter.com/kohli_jas,
http://pbs.twimg.com/profile_images/556483819532865536/xxbxMDhO_bigger.jpeg,BhayankarLog,https://twitter.com/BhayankarLog,
http://pbs.twimg.com/profile_images/551398644184670212/dbrSwKaY_bigger.jpeg,balapurushot,https://twitter.com/balapurushot,
http://pbs.twimg.com/profile_images/503782574129303552/7S9jh3KU_bigger.png,AsterMedcity14,https://twitter.com/AsterMedcity14,
http://pbs.twimg.com/profile_images/427522038790901760/zv--XEvq_bigger.jpeg,rajmit1972,https://twitter.com/rajmit1972,
http://pbs.twimg.com/profile_images/552745078259601408/s7-YSw3z_bigger.jpeg,coolhoney097,https://twitter.com/coolhoney097,
http://pbs.twimg.com/profile_images/549901497622732801/BE2xvuNH_bigger.jpeg,Sumitg129,https://twitter.com/Sumitg129,
http://pbs.twimg.com/profile_images/540022828666335232/KkhI1SQG_bigger.png,VentureVenue,https://twitter.com/VentureVenue,
http://abs.twimg.com/sticky/default_profile_images/default_profile_2_bigger.png,2014AAPkahi,https://twitter.com/2014AAPkahi,
http://pbs.twimg.com/profile_images/539370830191292416/RwvJvXh8_bigger.jpeg,PusadkarAnkit,https://twitter.com/PusadkarAnkit,
http://pbs.twimg.com/profile_images/553444212977324032/jLi3QH-v_bigger.jpeg,muthvadivel,https://twitter.com/muthvadivel,
http://pbs.twimg.com/profile_images/3233980368/72af11f1e362e3ada5c34ac6852d8936_bigger.jpeg,pariharamit79,https://twitter.com/pariharamit79,
http://abs.twimg.com/sticky/default_profile_images/default_profile_1_bigger.png,FahamBasha,https://twitter.com/FahamBasha,
http://pbs.twimg.com/profile_images/545206694544814082/7LK9gfCZ_bigger.jpeg,nowtweex,https://twitter.com/nowtweex,
http://pbs.twimg.com/profile_images/3591731303/f45868f553de2cd7409248197f581dec_bigger.jpeg,Panks3009,https://twitter.com/Panks3009,
http://pbs.twimg.com/profile_images/548004577803386881/AxAod0Oe_bigger.jpeg,MahapatraAshis,https://twitter.com/MahapatraAshis,
http://pbs.twimg.com/profile_images/556617193878597632/25ysS95b_bigger.jpeg,nsdhade,https://twitter.com/nsdhade,
http://pbs.twimg.com/profile_images/378800000454228263/22dbc7fccf80b4695ab308c86a46e079_bigger.jpeg,anurag_bpr,https://twitter.com/anurag_bpr,
http://pbs.twimg.com/profile_images/549922285637746688/anivl_vT_bigger.jpeg,meerashah5,https://twitter.com/meerashah5,
http://pbs.twimg.com/profile_images/552490713842057216/0hyQ9Jzh_bigger.jpeg,Shanojnatthila,https://twitter.com/Shanojnatthila,
http://pbs.twimg.com/profile_images/378800000536642587/16efd5971fb3e276d13f268ff24f10ae_bigger.jpeg,srinevisathees,https://twitter.com/srinevisathees,
http://pbs.twimg.com/profile_images/416913370034360320/7O4_qqmA_bigger.jpeg,lasimhan,https://twitter.com/lasimhan,
http://pbs.twimg.com/profile_images/3552868603/35df8e20c3308060fbdcaa98da2617dd_bigger.jpeg,Sharmanikhil85,https://twitter.com/Sharmanikhil85,
http://pbs.twimg.com/profile_images/378800000273878053/79d6194f042bbc258f6ff50a891fb365_bigger.jpeg,pradeevrebel,https://twitter.com/pradeevrebel,
http://pbs.twimg.com/profile_images/3102102525/4b0a160d6d344cddeafbe16380413308_bigger.jpeg,vishalpbansal,https://twitter.com/vishalpbansal,
http://pbs.twimg.com/profile_images/424043415685185536/E2g3O9Ds_bigger.jpeg,KotwalSurendra,https://twitter.com/KotwalSurendra,
http://abs.twimg.com/sticky/default_profile_images/default_profile_1_bigger.png,mates112,https://twitter.com/mates112,
http://pbs.twimg.com/profile_images/551684127074709506/30V2mATU_bigger.png,Web_Traffic_Hub,https://twitter.com/Web_Traffic_Hub,
http://pbs.twimg.com/profile_images/526930573164433408/3FX26oys_bigger.jpeg,airingIPTV,https://twitter.com/airingIPTV,
http://abs.twimg.com/sticky/default_profile_images/default_profile_1_bigger.png,ashishkumaraks,https://twitter.com/ashishkumaraks,
http://pbs.twimg.com/profile_images/555974693652414464/0m9qCrsl_bigger.jpeg,Aryansingh18,https://twitter.com/Aryansingh18,
http://pbs.twimg.com/profile_images/1684576408/sj-compared-to-you-i-m-a-genius-371_bigger.png,iali4576,https://twitter.com/iali4576,
http://pbs.twimg.com/profile_images/524728158189142016/0Ast7lbH_bigger.jpeg,linus2chaudhary,https://twitter.com/linus2chaudhary,
http://pbs.twimg.com/profile_images/455023549959249920/0UxNNe47_bigger.jpeg,DEVANGNAGHERA,https://twitter.com/DEVANGNAGHERA,
http://abs.twimg.com/sticky/default_profile_images/default_profile_0_bigger.png,JaydipKaneria,https://twitter.com/JaydipKaneria,
http://pbs.twimg.com/profile_images/531742808625774592/g71Si3Qz_bigger.jpeg,insha_vijay,https://twitter.com/insha_vijay,
http://abs.twimg.com/sticky/default_profile_images/default_profile_4_bigger.png,143RobinUthappa,https://twitter.com/143RobinUthappa,
http://pbs.twimg.com/profile_images/2896702699/e9cc5138f61c36952accc6c4b53d6856_bigger.jpeg,NainilG,https://twitter.com/NainilG,
http://pbs.twimg.com/profile_images/557415586880180224/l4i2tKgt_bigger.jpeg,udayakanth2,https://twitter.com/udayakanth2,
http://pbs.twimg.com/profile_images/557404924821008384/I21c5CXL_bigger.jpeg,vijay_kshitij,https://twitter.com/vijay_kshitij,
http://pbs.twimg.com/profile_images/463572040193015808/DTHdwlGK_bigger.jpeg,sandeepdevera,https://twitter.com/sandeepdevera,
http://abs.twimg.com/sticky/default_profile_images/default_profile_5_bigger.png,Sreejasreeram,https://twitter.com/Sreejasreeram,
http://abs.twimg.com/sticky/default_profile_images/default_profile_5_bigger.png,dadachrispin,https://twitter.com/dadachrispin,
