http://pbs.twimg.com/profile_images/550335868636909568/NL2SSUQN_bigger.jpeg,dna,https://twitter.com/dna,
http://pbs.twimg.com/profile_images/423817762121580544/uoHmoD-z_bigger.jpeg,periodicovzlano,https://twitter.com/periodicovzlano,
http://pbs.twimg.com/profile_images/3522313220/6060065998ba1b2e3ad29379b3de4830_bigger.jpeg,Canadum,https://twitter.com/Canadum,
http://pbs.twimg.com/profile_images/550116620232691714/aNKrA7iG_bigger.jpeg,Bebyroid,https://twitter.com/Bebyroid,
http://pbs.twimg.com/profile_images/542374036139819009/dFMs-WZg_bigger.jpeg,ikpikpz,https://twitter.com/ikpikpz,
http://pbs.twimg.com/profile_images/540496541153099776/v-XLOREm_bigger.png,somosyoigo,https://twitter.com/somosyoigo,
http://pbs.twimg.com/profile_images/497633402942537730/P2YkI_V__bigger.jpeg,jaume_jlb,https://twitter.com/jaume_jlb,
http://pbs.twimg.com/profile_images/419987824717213696/jDu1T8do_bigger.jpeg,sony_jpn,https://twitter.com/sony_jpn,
http://pbs.twimg.com/profile_images/2493294350/eayhsdcbr9wj7eg0519p_bigger.jpeg,twit_cintaaa,https://twitter.com/twit_cintaaa,
http://pbs.twimg.com/profile_images/517665714837024768/wuBFaMyI_bigger.jpeg,periclesmoscow,https://twitter.com/periclesmoscow,
http://pbs.twimg.com/profile_images/544265742498004992/ZaeiDotZ_bigger.png,miyahara_hazuki,https://twitter.com/miyahara_hazuki,
http://pbs.twimg.com/profile_images/2355018702/jmsmrfrosx934rwpl4ge_bigger.jpeg,flame000,https://twitter.com/flame000,
http://pbs.twimg.com/profile_images/440476704826351617/wtuV5JkM_bigger.jpeg,getautosocial,https://twitter.com/getautosocial,
http://pbs.twimg.com/profile_images/455676552/logo_bigger.gif,abondance_com,https://twitter.com/abondance_com,
http://pbs.twimg.com/profile_images/490408496400064512/ozyJ4_-B_bigger.jpeg,Rene_gadeCowboy,https://twitter.com/Rene_gadeCowboy,
http://pbs.twimg.com/profile_images/2203481674/audio_bigger.jpg,afaudio,https://twitter.com/afaudio,
http://pbs.twimg.com/profile_images/460717839003836416/PltSYCio_bigger.jpeg,hardwareplustr,https://twitter.com/hardwareplustr,
http://pbs.twimg.com/profile_images/553262286974877696/o-mjFO74_bigger.png,SalidaPorLaIzq,https://twitter.com/SalidaPorLaIzq,
http://pbs.twimg.com/profile_images/554673480952979456/05z3AXqL_bigger.jpeg,AV_HD,https://twitter.com/AV_HD,
http://pbs.twimg.com/profile_images/2955825114/0824dabcbeae43490f8b2c6ffb9f1e49_bigger.png,TeknoConsolas,https://twitter.com/TeknoConsolas,
http://pbs.twimg.com/profile_images/431401661404155904/djMYpJnF_bigger.png,zdnet_de,https://twitter.com/zdnet_de,
http://pbs.twimg.com/profile_images/2333307610/rbrwkyu36mps1asdpbea_bigger.gif,rmpilar,https://twitter.com/rmpilar,
http://pbs.twimg.com/profile_images/496697697449938944/q-l-HxCs_bigger.jpeg,GadgetGan,https://twitter.com/GadgetGan,
http://pbs.twimg.com/profile_images/484223187031310336/mEqVtdzV_bigger.jpeg,gasumasuku9,https://twitter.com/gasumasuku9,
http://pbs.twimg.com/profile_images/477325449400705024/rihb4Etw_bigger.jpeg,_TechDifferent_,https://twitter.com/_TechDifferent_,
http://pbs.twimg.com/profile_images/3375134829/1ff3dc3861821a91c6311e77c3150851_bigger.jpeg,jdfbier9348yh78,https://twitter.com/jdfbier9348yh78,
http://pbs.twimg.com/profile_images/557442984040747008/MqlXvliE_bigger.jpeg,homeshopbuzz,https://twitter.com/homeshopbuzz,
http://pbs.twimg.com/profile_images/557439225843310592/V_7ngDcJ_bigger.jpeg,abdulkhalik__,https://twitter.com/abdulkhalik__,
http://pbs.twimg.com/profile_images/1001446975/sigle_bigger.jpg,RaphSEO,https://twitter.com/RaphSEO,
http://pbs.twimg.com/profile_images/825253029/kaimonosukiicon_bigger.jpg,kaimonosuki,https://twitter.com/kaimonosuki,
http://pbs.twimg.com/profile_images/548867610087915521/L4aGeehF_bigger.png,a_jennie02146,https://twitter.com/a_jennie02146,
http://pbs.twimg.com/profile_images/1772624712/thainewslive1_bigger.jpg,Thainews_live,https://twitter.com/Thainews_live,
http://pbs.twimg.com/profile_images/378800000768948073/0b91853c209aada63dc165a8a45a2416_bigger.png,PGATourNewsNow,https://twitter.com/PGATourNewsNow,
http://pbs.twimg.com/profile_images/2172020013/imagesbk_bigger.jpg,Beyonce_Watch,https://twitter.com/Beyonce_Watch,
http://pbs.twimg.com/profile_images/465104160963059712/NO1wy7Ba_bigger.jpeg,sumiko_love,https://twitter.com/sumiko_love,
http://pbs.twimg.com/profile_images/2655101723/eb77d5f81a14cf99fb33c87bd8c7cb10_bigger.png,RedSharkNews,https://twitter.com/RedSharkNews,
http://pbs.twimg.com/profile_images/553180611217596417/zqe1Ifh-_bigger.jpeg,WeAreJROCKSTARS,https://twitter.com/WeAreJROCKSTARS,
http://pbs.twimg.com/profile_images/412784903655129088/eSFlG2xI_bigger.jpeg,RiotZephyreal,https://twitter.com/RiotZephyreal,
http://pbs.twimg.com/profile_images/551918274485567489/CK8tMncr_bigger.jpeg,MahmoudDiaby,https://twitter.com/MahmoudDiaby,
http://pbs.twimg.com/profile_images/498033918986035200/HMDn4YLy_bigger.jpeg,QuantumPope,https://twitter.com/QuantumPope,
http://pbs.twimg.com/profile_images/552461265931481088/BQ1RrpGD_bigger.jpeg,Goddamittt,https://twitter.com/Goddamittt,
http://pbs.twimg.com/profile_images/557030525324390401/EGdKhpE__bigger.jpeg,believeme03,https://twitter.com/believeme03,
http://pbs.twimg.com/profile_images/473526958748209153/dYrm1AkV_bigger.jpeg,Informador_mor,https://twitter.com/Informador_mor,
http://pbs.twimg.com/profile_images/3308580153/652820c70d625789b3be8ea09d4ce263_bigger.jpeg,eltonbowie,https://twitter.com/eltonbowie,
http://pbs.twimg.com/profile_images/411859279017017344/y4Vjg3TG_bigger.jpeg,PSAllNews,https://twitter.com/PSAllNews,
http://pbs.twimg.com/profile_images/2202213608/IMG-20120507-00749_bigger.jpg,SMOKEYFORMBY,https://twitter.com/SMOKEYFORMBY,
http://pbs.twimg.com/profile_images/533972622778703873/B9U7WlV3_bigger.jpeg,TechExquisite,https://twitter.com/TechExquisite,
http://pbs.twimg.com/profile_images/553625446190157824/a_yWzJ8r_bigger.jpeg,smartclinic56,https://twitter.com/smartclinic56,
http://pbs.twimg.com/profile_images/555575247911407616/NCFvg8P3_bigger.jpeg,VideoGamesMall,https://twitter.com/VideoGamesMall,
http://pbs.twimg.com/profile_images/499726835370844161/6RueOik2_bigger.png,SouthernChef123,https://twitter.com/SouthernChef123,
http://pbs.twimg.com/profile_images/451093542664810496/5TaL67de_bigger.jpeg,viewandroid_com,https://twitter.com/viewandroid_com,
http://pbs.twimg.com/profile_images/506901264660041728/wcQffAYM_bigger.png,SonyRumors,https://twitter.com/SonyRumors,
http://pbs.twimg.com/profile_images/553609527354871808/AW_EaU9r_bigger.png,herbert_mirus,https://twitter.com/herbert_mirus,
http://pbs.twimg.com/profile_images/1569806720/cooltext569749275_bigger.png,netsecu,https://twitter.com/netsecu,
http://pbs.twimg.com/profile_images/481540415871795200/PYH_I6CO_bigger.png,MVFCLR22,https://twitter.com/MVFCLR22,
http://pbs.twimg.com/profile_images/481586016521056256/03MWtsed_bigger.png,johnmangino,https://twitter.com/johnmangino,
http://pbs.twimg.com/profile_images/556859142640381953/3Sq9vb6__bigger.jpeg,engkongniy,https://twitter.com/engkongniy,
http://pbs.twimg.com/profile_images/463217723363700736/ILPXgILy_bigger.jpeg,haberdartrtturk,https://twitter.com/haberdartrtturk,
http://pbs.twimg.com/profile_images/534189861859631105/tXKdf5UJ_bigger.png,DictionaryVoice,https://twitter.com/DictionaryVoice,
http://pbs.twimg.com/profile_images/533406152902455297/u-HRtWyc_bigger.jpeg,youtubemastre,https://twitter.com/youtubemastre,
http://pbs.twimg.com/profile_images/475594603044024320/Ck_CDQXk_bigger.png,KMaslova52,https://twitter.com/KMaslova52,
http://pbs.twimg.com/profile_images/529319031749476354/XZmXy9RX_bigger.jpeg,AnnaGoinRogue,https://twitter.com/AnnaGoinRogue,
http://pbs.twimg.com/profile_images/1386163975/ho_2_bigger.jpg,helpowl,https://twitter.com/helpowl,
http://pbs.twimg.com/profile_images/472040689585635328/BKEKN6zt_bigger.jpeg,VEliseev19,https://twitter.com/VEliseev19,
http://pbs.twimg.com/profile_images/481649955237810176/QvCU2aW-_bigger.png,ProyectoFiare,https://twitter.com/ProyectoFiare,
http://pbs.twimg.com/profile_images/514314268892618752/V4BizlbC_bigger.jpeg,joeyyeo13,https://twitter.com/joeyyeo13,
http://pbs.twimg.com/profile_images/423080121931534336/ZOnA5wWV_bigger.jpeg,HackAlertNews,https://twitter.com/HackAlertNews,
http://pbs.twimg.com/profile_images/1780295495/music_mycity_ic_bigger.jpg,music_mycity,https://twitter.com/music_mycity,
http://pbs.twimg.com/profile_images/521818679961739264/ebP1xASa_bigger.jpeg,fracfulmiro1973,https://twitter.com/fracfulmiro1973,
http://pbs.twimg.com/profile_images/557155718621437952/KRczF-se_bigger.jpeg,fariz1234,https://twitter.com/fariz1234,
http://pbs.twimg.com/profile_images/378800000720848256/165b65726592178fd63205ea2d5856d3_bigger.jpeg,mrtsoft,https://twitter.com/mrtsoft,
http://pbs.twimg.com/profile_images/486015162038501379/l23U6xvR_bigger.png,sureken_log,https://twitter.com/sureken_log,
http://pbs.twimg.com/profile_images/3464991057/81b2752d59c1880e7f26f2e0276ddfc1_bigger.png,tenin_sato,https://twitter.com/tenin_sato,
http://pbs.twimg.com/profile_images/552089264985370624/3HfeCZks_bigger.jpeg,vip_tyosuke,https://twitter.com/vip_tyosuke,
http://pbs.twimg.com/profile_images/553873034512056321/Exu-LZxT_bigger.jpeg,guluzp,https://twitter.com/guluzp,
http://pbs.twimg.com/profile_images/378800000127327679/3a2697479d05a9a1c58470918260b1fe_bigger.png,HighEnd_USA,https://twitter.com/HighEnd_USA,
http://pbs.twimg.com/profile_images/519548216786690050/drLMzcTX_bigger.jpeg,Lance_Cannady,https://twitter.com/Lance_Cannady,
http://abs.twimg.com/sticky/default_profile_images/default_profile_1_bigger.png,Huiysa__Taicma,https://twitter.com/Huiysa__Taicma,
http://pbs.twimg.com/profile_images/524874181037404160/e3RlTSzi_bigger.png,dovELfiore,https://twitter.com/dovELfiore,
http://pbs.twimg.com/profile_images/421152972093919232/o9YbFnIC_bigger.jpeg,TsuhanLove555,https://twitter.com/TsuhanLove555,
http://pbs.twimg.com/profile_images/535883744574337024/p3jk4WVU_bigger.jpeg,Vuumde__Wiewyi,https://twitter.com/Vuumde__Wiewyi,
http://pbs.twimg.com/profile_images/514315301572182018/hUXNR-za_bigger.jpeg,Manuel_Wimbley,https://twitter.com/Manuel_Wimbley,
http://pbs.twimg.com/profile_images/556214853778415616/05lN-_Nw_bigger.png,Cowctus,https://twitter.com/Cowctus,
http://pbs.twimg.com/profile_images/378800000626573974/a3213c49da6f8b447fbcc5d10db18aa4_bigger.jpeg,Collectbook,https://twitter.com/Collectbook,
http://pbs.twimg.com/profile_images/1304602852/Nuke_Egg_bigger.gif,RealTimeHack,https://twitter.com/RealTimeHack,
http://pbs.twimg.com/profile_images/535179732996747264/VqMc3lHq_bigger.jpeg,Coulpu__Rionpi,https://twitter.com/Coulpu__Rionpi,
http://pbs.twimg.com/profile_images/3023409609/9cc67ea386f19d4a6ec1dc171d4c081b_bigger.jpeg,nicoherve,https://twitter.com/nicoherve,
http://pbs.twimg.com/profile_images/535185301027573760/VocNA1jd_bigger.jpeg,Goilqu__Soohhe,https://twitter.com/Goilqu__Soohhe,
http://pbs.twimg.com/profile_images/555961051779325952/i-pB_B5d_bigger.jpeg,CamerasShopping,https://twitter.com/CamerasShopping,
http://pbs.twimg.com/profile_images/522353891867123712/IROnp3BK_bigger.png,cunctepevi1981,https://twitter.com/cunctepevi1981,
http://pbs.twimg.com/profile_images/532789852379836418/nvrQ-9Z5_bigger.png,excellent_nsk,https://twitter.com/excellent_nsk,
http://pbs.twimg.com/profile_images/378800000034497859/a26840c3d9da9eab88792b23a66bfed2_bigger.png,sony_ninten,https://twitter.com/sony_ninten,
http://pbs.twimg.com/profile_images/530748961837944832/HaB72xJ5_bigger.png,bokerasaludy,https://twitter.com/bokerasaludy,
http://pbs.twimg.com/profile_images/417408871108313088/nGQtVO0z_bigger.jpeg,SVergaraNews,https://twitter.com/SVergaraNews,
http://pbs.twimg.com/profile_images/539444282352861186/MP1pueAm_bigger.jpeg,Zueczi__Joofna,https://twitter.com/Zueczi__Joofna,
http://pbs.twimg.com/profile_images/1502221976/cellgeek_bigger.png,CellPhoneGeeks,https://twitter.com/CellPhoneGeeks,
http://pbs.twimg.com/profile_images/547023720213008385/29uM1xnx_bigger.jpeg,5fd2ooypsrywhor,https://twitter.com/5fd2ooypsrywhor,
http://pbs.twimg.com/profile_images/537582471290691585/wuNfkm3l_bigger.jpeg,Giubka__Bearqi,https://twitter.com/Giubka__Bearqi,
http://pbs.twimg.com/profile_images/532535310891368448/dK7YgHtf_bigger.jpeg,TGoncharova49,https://twitter.com/TGoncharova49,
http://pbs.twimg.com/profile_images/481776120757755904/-htUni2l_bigger.png,CSnBDi,https://twitter.com/CSnBDi,
http://pbs.twimg.com/profile_images/539450603760398336/1pjIXLjm_bigger.jpeg,Jeikja__Moucxe,https://twitter.com/Jeikja__Moucxe,
http://pbs.twimg.com/profile_images/539523797926154241/aNFatUlu_bigger.jpeg,Roohpo__Keipce,https://twitter.com/Roohpo__Keipce,
http://pbs.twimg.com/profile_images/557423289354551297/cBsMrKxS_bigger.jpeg,HollyO28,https://twitter.com/HollyO28,
http://pbs.twimg.com/profile_images/515794580101287936/FMcypYRa_bigger.jpeg,Michael_Willoug,https://twitter.com/Michael_Willoug,
http://pbs.twimg.com/profile_images/539837912200663040/As1etN0k_bigger.jpeg,niginigi001,https://twitter.com/niginigi001,
http://pbs.twimg.com/profile_images/536251321792217088/WXFRr9Ht_bigger.jpeg,Tiuzxa__Suibpe,https://twitter.com/Tiuzxa__Suibpe,
http://pbs.twimg.com/profile_images/537615976947150848/oVO5feyD_bigger.jpeg,Caonwe__Diilnu,https://twitter.com/Caonwe__Diilnu,
http://pbs.twimg.com/profile_images/532694843227897857/TCeRoqjm_bigger.png,m_kornely,https://twitter.com/m_kornely,
http://pbs.twimg.com/profile_images/535867100355514371/8vNa93XR_bigger.jpeg,Geifbo__Biugbe,https://twitter.com/Geifbo__Biugbe,
http://pbs.twimg.com/profile_images/516084755423428608/q8LxCJp__bigger.jpeg,kevin_chesterr,https://twitter.com/kevin_chesterr,
http://pbs.twimg.com/profile_images/522457499962589184/d94zvfiO_bigger.jpeg,BrookeNash12,https://twitter.com/BrookeNash12,
http://pbs.twimg.com/profile_images/533265698437750784/OK_SR66N_bigger.jpeg,din105z,https://twitter.com/din105z,
http://pbs.twimg.com/profile_images/538371418811924481/xEiNOWml_bigger.jpeg,Roaxni__Sauvda,https://twitter.com/Roaxni__Sauvda,
http://pbs.twimg.com/profile_images/536220426444107776/8jYdBRms_bigger.jpeg,Meoxko__Tiohjo,https://twitter.com/Meoxko__Tiohjo,
http://pbs.twimg.com/profile_images/540586048061853696/JwDdORcW_bigger.jpeg,Seecbe__Suagce,https://twitter.com/Seecbe__Suagce,
http://pbs.twimg.com/profile_images/542369755760300033/oqs4HNJt_bigger.jpeg,Beaqwo__Ceerta,https://twitter.com/Beaqwo__Ceerta,
http://pbs.twimg.com/profile_images/530751942713040897/K9ye7xqT_bigger.png,lasulocivola,https://twitter.com/lasulocivola,
http://pbs.twimg.com/profile_images/533314999062908928/b6gbzpEI_bigger.jpeg,sony_slezkina,https://twitter.com/sony_slezkina,
http://pbs.twimg.com/profile_images/535504824452648960/JnWMgmX1_bigger.jpeg,Joekho__Suejvo,https://twitter.com/Joekho__Suejvo,
http://pbs.twimg.com/profile_images/540142485914128384/UmJizGeS_bigger.jpeg,Taijge__Biecgu,https://twitter.com/Taijge__Biecgu,
http://pbs.twimg.com/profile_images/540514739164418048/L1qY9jhM_bigger.jpeg,Yoavko__Paonfa,https://twitter.com/Yoavko__Paonfa,
http://abs.twimg.com/sticky/default_profile_images/default_profile_6_bigger.png,Laakco__Teefqe,https://twitter.com/Laakco__Teefqe,
http://pbs.twimg.com/profile_images/428652456688369664/HN42jgZ6_bigger.png,ramiromora,https://twitter.com/ramiromora,
http://pbs.twimg.com/profile_images/532577083793608704/XgwSvnRD_bigger.jpeg,dimon31337,https://twitter.com/dimon31337,
http://pbs.twimg.com/profile_images/555129443425849345/BuqEJvib_bigger.jpeg,Sandy_Vest,https://twitter.com/Sandy_Vest,
http://pbs.twimg.com/profile_images/540904416778276865/xXdxnKCf_bigger.jpeg,garnkni__magrkp,https://twitter.com/garnkni__magrkp,
http://abs.twimg.com/sticky/default_profile_images/default_profile_1_bigger.png,Taennu__Raapma,https://twitter.com/Taennu__Raapma,
http://pbs.twimg.com/profile_images/444010740282716160/JE9qQaC1_bigger.jpeg,okomeki,https://twitter.com/okomeki,
http://pbs.twimg.com/profile_images/535339292735057920/X3Zaw0Br_bigger.jpeg,flamimawam,https://twitter.com/flamimawam,
http://pbs.twimg.com/profile_images/540504188505960448/T4TIo6NA_bigger.jpeg,Faugdo__Heesse,https://twitter.com/Faugdo__Heesse,
http://pbs.twimg.com/profile_images/555233823978295296/e6LIBl-b_bigger.jpeg,sony_is_sony,https://twitter.com/sony_is_sony,
http://pbs.twimg.com/profile_images/514314341198221312/QN8cz-n2_bigger.jpeg,WilliamGossW,https://twitter.com/WilliamGossW,
http://pbs.twimg.com/profile_images/481990138646761472/wfzt6jRY_bigger.png,CharlesEllery,https://twitter.com/CharlesEllery,
http://pbs.twimg.com/profile_images/1166561763/robot-icone-6020-128_bigger.png,Android_feeds,https://twitter.com/Android_feeds,
http://pbs.twimg.com/profile_images/535415787985838080/ZO_HBboS_bigger.jpeg,zhmirenko,https://twitter.com/zhmirenko,
http://pbs.twimg.com/profile_images/378800000250596240/16efb4d00dbcfad7306c0cf14758b41c_bigger.jpeg,RodBorboja,https://twitter.com/RodBorboja,
http://pbs.twimg.com/profile_images/535194314906038272/LhUUbulo_bigger.jpeg,yeah_vienna,https://twitter.com/yeah_vienna,
http://pbs.twimg.com/profile_images/518457467328823297/SEvKrqxa_bigger.jpeg,Fitri_pisces95,https://twitter.com/Fitri_pisces95,
http://pbs.twimg.com/profile_images/482061946066579457/S6hpu2KH_bigger.png,Talita_cogo,https://twitter.com/Talita_cogo,
http://pbs.twimg.com/profile_images/482205996979601408/DKUEwiXF_bigger.png,AiluCarp14,https://twitter.com/AiluCarp14,
http://pbs.twimg.com/profile_images/536843662429138944/Y1kI1Yip_bigger.jpeg,Koazxu__Goazre,https://twitter.com/Koazxu__Goazre,
http://pbs.twimg.com/profile_images/378800000262914482/9574174131188867a30f4af8b9969ddb_bigger.jpeg,welvic,https://twitter.com/welvic,
http://pbs.twimg.com/profile_images/482056342296072192/f0Me2zHr_bigger.png,HardestWhite,https://twitter.com/HardestWhite,
http://pbs.twimg.com/profile_images/482091425094725632/hp_4AdNl_bigger.png,PleinairSan,https://twitter.com/PleinairSan,
http://pbs.twimg.com/profile_images/2754404878/2644f446bd37fd4b3a55ea4cbd29b71a_bigger.jpeg,qwikrazor87,https://twitter.com/qwikrazor87,
http://pbs.twimg.com/profile_images/472615217600692226/-fes3Z54_bigger.jpeg,TAndreevna28,https://twitter.com/TAndreevna28,
http://pbs.twimg.com/profile_images/542787979593252864/8YqkWM8Z_bigger.jpeg,Leocqu__Paetda,https://twitter.com/Leocqu__Paetda,
http://pbs.twimg.com/profile_images/484153585065033728/cAUaaua7_bigger.png,aprilanne97,https://twitter.com/aprilanne97,
http://pbs.twimg.com/profile_images/551715707356852225/XyzE_jvW_bigger.jpeg,ackee7,https://twitter.com/ackee7,
http://pbs.twimg.com/profile_images/482258606356967425/IH4xK_nF_bigger.png,AndreBigode09,https://twitter.com/AndreBigode09,
http://pbs.twimg.com/profile_images/2283284323/silver-sportscar_bigger.jpg,ServiceGuides,https://twitter.com/ServiceGuides,
http://pbs.twimg.com/profile_images/514709420228370432/V94749EM_bigger.jpeg,xpavncvwd,https://twitter.com/xpavncvwd,
http://pbs.twimg.com/profile_images/455717628493828097/No_5saJY_bigger.png,news24hidn,https://twitter.com/news24hidn,
http://pbs.twimg.com/profile_images/490006381651832832/91qXPczn_bigger.png,EJERCITOBR13,https://twitter.com/EJERCITOBR13,
http://pbs.twimg.com/profile_images/522108563024408576/nrVqWZ3j_bigger.jpeg,BaberJose,https://twitter.com/BaberJose,
http://pbs.twimg.com/profile_images/556353086772359169/HGod_QBj_bigger.jpeg,HendiBram,https://twitter.com/HendiBram,
http://pbs.twimg.com/profile_images/484452078899970048/C0-ZeLZs_bigger.png,tareqaljazaeere,https://twitter.com/tareqaljazaeere,
http://pbs.twimg.com/profile_images/542582330603220992/hSIDRwQf_bigger.png,g83Apps,https://twitter.com/g83Apps,
http://pbs.twimg.com/profile_images/538577769232601089/iEZcH3OH_bigger.jpeg,zemnaya2004,https://twitter.com/zemnaya2004,
http://pbs.twimg.com/profile_images/490303618780626944/meL-dfVS_bigger.jpeg,trishwill26,https://twitter.com/trishwill26,
http://pbs.twimg.com/profile_images/515796758106886145/ACh0wndJ_bigger.jpeg,JameserSmith,https://twitter.com/JameserSmith,
http://pbs.twimg.com/profile_images/557325107035533313/MR8wvgk9_bigger.jpeg,joejoe_tango,https://twitter.com/joejoe_tango,
http://pbs.twimg.com/profile_images/487295303981490176/rrAGl6Y4_bigger.png,xxFrimpongxx,https://twitter.com/xxFrimpongxx,
http://pbs.twimg.com/profile_images/551442852732227585/sdHszPuu_bigger.jpeg,cape_town_brad,https://twitter.com/cape_town_brad,
http://pbs.twimg.com/profile_images/518200182098243584/4VzpTNBo_bigger.png,MillettAle,https://twitter.com/MillettAle,
http://pbs.twimg.com/profile_images/378800000301757623/11056a6e1d7b718a328b05d4cac927df_bigger.jpeg,RomuloAspee,https://twitter.com/RomuloAspee,
http://pbs.twimg.com/profile_images/513951677418725376/CtPnPbBr_bigger.jpeg,RoyVolz,https://twitter.com/RoyVolz,
http://pbs.twimg.com/profile_images/555589331725725698/pxMgYpvS_bigger.jpeg,mikanzukituyu02,https://twitter.com/mikanzukituyu02,
http://pbs.twimg.com/profile_images/547496710570643456/ybxb1Bnh_bigger.jpeg,Kuodna__Laelbo,https://twitter.com/Kuodna__Laelbo,
http://pbs.twimg.com/profile_images/538003442808414208/EDc5CYD4_bigger.jpeg,plehanova_yu,https://twitter.com/plehanova_yu,
http://pbs.twimg.com/profile_images/378800000328743177/27f81c1c39f31133d471e97bf690620f_bigger.jpeg,love_sony_bean,https://twitter.com/love_sony_bean,
http://pbs.twimg.com/profile_images/514715466263048193/6rke4HzR_bigger.jpeg,q0oioj2c4rs7j,https://twitter.com/q0oioj2c4rs7j,
http://pbs.twimg.com/profile_images/487223991514693632/v5zxuv5f_bigger.png,INSANITY_GYE,https://twitter.com/INSANITY_GYE,
http://pbs.twimg.com/profile_images/514705357440966656/-bPdekMP_bigger.jpeg,BourquinWai,https://twitter.com/BourquinWai,
http://pbs.twimg.com/profile_images/546654702792744961/oHd5cdFH_bigger.jpeg,Saatti__Jeeqwa,https://twitter.com/Saatti__Jeeqwa,
http://pbs.twimg.com/profile_images/487275433675993089/W4GFt-lw_bigger.png,wegotakeshita,https://twitter.com/wegotakeshita,
http://pbs.twimg.com/profile_images/556067962210488320/xhx1uT_Z_bigger.jpeg,MoniqueAubrey,https://twitter.com/MoniqueAubrey,
http://pbs.twimg.com/profile_images/378800000750398975/5ff297b939ad5fec03e6df5e3c14be33_bigger.jpeg,cyarupa,https://twitter.com/cyarupa,
http://pbs.twimg.com/profile_images/515797405283778560/Dv1Z3mEP_bigger.jpeg,iMatthew_Garcia,https://twitter.com/iMatthew_Garcia,
http://pbs.twimg.com/profile_images/552869867544514562/BmllF0Nx_bigger.png,tinoseeber,https://twitter.com/tinoseeber,
http://abs.twimg.com/sticky/default_profile_images/default_profile_3_bigger.png,tiupacfueni,https://twitter.com/tiupacfueni,
http://pbs.twimg.com/profile_images/487457959690387456/6B3ZKDxs_bigger.png,Enzok559,https://twitter.com/Enzok559,
http://pbs.twimg.com/profile_images/1317073932/images_bigger.jpeg,tsubuyakimania,https://twitter.com/tsubuyakimania,
http://pbs.twimg.com/profile_images/487273030151065601/mXuVrrNC_bigger.png,lewisdoublel,https://twitter.com/lewisdoublel,
http://pbs.twimg.com/profile_images/546019699348078593/Kmc1DeNL_bigger.jpeg,Mualzo__Qaibki,https://twitter.com/Mualzo__Qaibki,
http://pbs.twimg.com/profile_images/419901636723503104/9o4l3OC1_bigger.jpeg,roswitwit,https://twitter.com/roswitwit,
http://pbs.twimg.com/profile_images/514720701454884866/OrUYVZkk_bigger.jpeg,5n6ggmape2rlt,https://twitter.com/5n6ggmape2rlt,
http://pbs.twimg.com/profile_images/487286902413070339/UEBZNdPu_bigger.png,NishaManagement,https://twitter.com/NishaManagement,
http://pbs.twimg.com/profile_images/514726436351913984/dT6WrLXK_bigger.jpeg,hakiucu1c6uo,https://twitter.com/hakiucu1c6uo,
http://pbs.twimg.com/profile_images/2280835321/gqm76qai730n29hrfdj2_bigger.jpeg,EbookManuals,https://twitter.com/EbookManuals,
http://pbs.twimg.com/profile_images/512169501043855362/yGzkGNu2_bigger.jpeg,Aid_Liberty,https://twitter.com/Aid_Liberty,
http://pbs.twimg.com/profile_images/487479141638217728/A76ulvTR_bigger.png,_ModeloEspecial,https://twitter.com/_ModeloEspecial,
http://pbs.twimg.com/profile_images/514728342038147072/oQFw37H9_bigger.jpeg,p8hn3csf94h,https://twitter.com/p8hn3csf94h,
http://pbs.twimg.com/profile_images/438955905317482496/vRCl6MyW_bigger.jpeg,mannooran,https://twitter.com/mannooran,
http://pbs.twimg.com/profile_images/2127712521/oomph_bigger.jpg,autoaffiliates,https://twitter.com/autoaffiliates,
http://pbs.twimg.com/profile_images/485893270946340865/Fl4CdO9T_bigger.jpeg,KiosFR,https://twitter.com/KiosFR,
http://pbs.twimg.com/profile_images/549235967798673408/qvuTHZ5e_bigger.jpeg,Nausti__Riorra,https://twitter.com/Nausti__Riorra,
http://pbs.twimg.com/profile_images/487321529739644928/8KZ8Rs9__bigger.png,edwinyogaswara,https://twitter.com/edwinyogaswara,
http://pbs.twimg.com/profile_images/546648241870094336/F0cBoC1j_bigger.jpeg,Neijma__Siumno,https://twitter.com/Neijma__Siumno,
http://pbs.twimg.com/profile_images/487305301121826817/bAhUTHfU_bigger.png,Xaaaavier_,https://twitter.com/Xaaaavier_,
http://pbs.twimg.com/profile_images/503493735133360129/VWCJ2Wu4_bigger.jpeg,melonandtorchon,https://twitter.com/melonandtorchon,
http://pbs.twimg.com/profile_images/515798672815038464/QJg0258b_bigger.jpeg,Thomas_Ostlund,https://twitter.com/Thomas_Ostlund,
http://pbs.twimg.com/profile_images/514712681475891201/ZWeTbUQa_bigger.jpeg,grhy6kapph0,https://twitter.com/grhy6kapph0,
http://pbs.twimg.com/profile_images/549257207166939137/PA2Wxz_h_bigger.jpeg,Noehbe__Quimme,https://twitter.com/Noehbe__Quimme,
http://pbs.twimg.com/profile_images/487289895917211648/qFHzQ_iS_bigger.png,mogitatescience,https://twitter.com/mogitatescience,
http://pbs.twimg.com/profile_images/487314672081985536/8wSPvjfo_bigger.png,ohh_itsDez,https://twitter.com/ohh_itsDez,
http://pbs.twimg.com/profile_images/515375284129107968/3t3jMI6__bigger.jpeg,Promo_high_tech,https://twitter.com/Promo_high_tech,
http://pbs.twimg.com/profile_images/487303616618037248/pkM1KZrG_bigger.png,TechlandiaCast,https://twitter.com/TechlandiaCast,
http://pbs.twimg.com/profile_images/1892231704/retro-slux-apparad_bigger.jpg,MaVaCoAll,https://twitter.com/MaVaCoAll,
http://pbs.twimg.com/profile_images/487484400490512385/Uff7yH4t_bigger.png,dmond_1383,https://twitter.com/dmond_1383,
http://pbs.twimg.com/profile_images/537304604053364736/q7JjXyQU_bigger.jpeg,BOBBYPINDAS,https://twitter.com/BOBBYPINDAS,
http://pbs.twimg.com/profile_images/550020010387591168/wLdDBZY5_bigger.jpeg,Seipfe__Yoedxi,https://twitter.com/Seipfe__Yoedxi,
http://pbs.twimg.com/profile_images/378800000676071759/375a2248dd5c8818836b2fbb2558cf9a_bigger.jpeg,ONES_Gadget,https://twitter.com/ONES_Gadget,
http://pbs.twimg.com/profile_images/552717727144886272/tkhlQQQA_bigger.jpeg,Grim_Da_Kid,https://twitter.com/Grim_Da_Kid,
http://pbs.twimg.com/profile_images/551066552317931520/cp4dx4qT_bigger.jpeg,Feipfu__Suawlu,https://twitter.com/Feipfu__Suawlu,
http://pbs.twimg.com/profile_images/1268842497/foto_200x300_bigger.png,djcandido,https://twitter.com/djcandido,
http://pbs.twimg.com/profile_images/538509392648220672/0IiY3EP2_bigger.jpeg,funfearless,https://twitter.com/funfearless,
http://pbs.twimg.com/profile_images/487317109090054144/uCFy5wE-_bigger.png,1d___boyband,https://twitter.com/1d___boyband,
http://pbs.twimg.com/profile_images/522462641969590272/ddeOL7n9_bigger.jpeg,HollieWebb16,https://twitter.com/HollieWebb16,
http://pbs.twimg.com/profile_images/378800000654945067/ea112a0ffd3fb97c3783591a0fd9b5fb_bigger.jpeg,shurgamers,https://twitter.com/shurgamers,
http://pbs.twimg.com/profile_images/481217274175426561/Fy3zPr_M_bigger.jpeg,fuusan,https://twitter.com/fuusan,
http://pbs.twimg.com/profile_images/551457806532882432/i3Og1ufj_bigger.jpeg,Laizre__Giorza,https://twitter.com/Laizre__Giorza,
http://pbs.twimg.com/profile_images/484157990824456193/WGTSi2UO_bigger.jpeg,BSeeprs85,https://twitter.com/BSeeprs85,
http://pbs.twimg.com/profile_images/514346610608713728/wcKJKiSz_bigger.jpeg,FlickVelia,https://twitter.com/FlickVelia,
http://pbs.twimg.com/profile_images/1557307741/20101011_Base4Graphics__17_van_17__bigger.jpg,BasHaans,https://twitter.com/BasHaans,
http://pbs.twimg.com/profile_images/487279528528871424/kFdEifBC_bigger.png,Ciel_150,https://twitter.com/Ciel_150,
http://pbs.twimg.com/profile_images/447014401116090368/Ql4dVl8v_bigger.jpeg,Morpheus_News,https://twitter.com/Morpheus_News,
http://pbs.twimg.com/profile_images/536602321510100993/vISrjmrC_bigger.jpeg,FrankSlijper,https://twitter.com/FrankSlijper,
http://pbs.twimg.com/profile_images/555796545866457089/2-ouxaqd_bigger.jpeg,ejoff21st,https://twitter.com/ejoff21st,
http://pbs.twimg.com/profile_images/490364142419582977/zdAjoE7j_bigger.jpeg,Gernot_Frank,https://twitter.com/Gernot_Frank,
http://pbs.twimg.com/profile_images/499862150395858945/JPOznhUR_bigger.jpeg,Volkard_Seidel,https://twitter.com/Volkard_Seidel,
http://pbs.twimg.com/profile_images/466561023731040256/FC3cDTHR_bigger.png,rusifar1024,https://twitter.com/rusifar1024,
http://pbs.twimg.com/profile_images/522880113793196032/xr6L0oK-_bigger.jpeg,vigilmich3,https://twitter.com/vigilmich3,
http://pbs.twimg.com/profile_images/516078742506991616/fT-w7wkp_bigger.jpeg,downforce,https://twitter.com/downforce,
http://pbs.twimg.com/profile_images/537464515382632448/a5uLyuMe_bigger.jpeg,ggddsae1111,https://twitter.com/ggddsae1111,
http://pbs.twimg.com/profile_images/2048638155/cats_bigger.jpg,multitempo1,https://twitter.com/multitempo1,
http://pbs.twimg.com/profile_images/514710673180213248/LDU_zsqf_bigger.jpeg,Jana__Frey,https://twitter.com/Jana__Frey,
http://pbs.twimg.com/profile_images/552871865350246400/PDkV4Qa7_bigger.jpeg,im_bicky,https://twitter.com/im_bicky,
http://pbs.twimg.com/profile_images/491084298309865472/orUYKgXQ_bigger.png,HxNxSxKx70taaan,https://twitter.com/HxNxSxKx70taaan,
http://pbs.twimg.com/profile_images/556725118747947008/FJbquidC_bigger.jpeg,tuti_0428_L,https://twitter.com/tuti_0428_L,
http://pbs.twimg.com/profile_images/424703551655268352/_A5uvFOV_bigger.jpeg,real_arts_com,https://twitter.com/real_arts_com,
http://pbs.twimg.com/profile_images/505278304492871680/2HhGNE_J_bigger.jpeg,tele_soka,https://twitter.com/tele_soka,
http://pbs.twimg.com/profile_images/524605420996788224/GyK6beWA_bigger.jpeg,cardosogomes1,https://twitter.com/cardosogomes1,
http://pbs.twimg.com/profile_images/544380866882179072/8ZbtC9_G_bigger.jpeg,brave_x_cat,https://twitter.com/brave_x_cat,
http://pbs.twimg.com/profile_images/469654556394008576/hMdh2rV5_bigger.jpeg,rahul_sr,https://twitter.com/rahul_sr,
http://pbs.twimg.com/profile_images/557007178599395328/K4dedrBp_bigger.jpeg,fu_conan1254,https://twitter.com/fu_conan1254,
http://pbs.twimg.com/profile_images/2197219741/kakashi_bigger.jpg,mouchotto_de,https://twitter.com/mouchotto_de,
http://pbs.twimg.com/profile_images/378800000005783348/942fb0033e227e7e5a8dd1d93a7a57ef_bigger.png,KlasFoto,https://twitter.com/KlasFoto,
http://pbs.twimg.com/profile_images/553420831242457089/lxnMi96C_bigger.jpeg,dilahfauzi,https://twitter.com/dilahfauzi,
http://pbs.twimg.com/profile_images/494045975241957376/0Yrw0bnD_bigger.jpeg,elsabalinesia,https://twitter.com/elsabalinesia,
http://pbs.twimg.com/profile_images/427009657601658881/RrV9PUaR_bigger.jpeg,sportvantgarde1,https://twitter.com/sportvantgarde1,
http://pbs.twimg.com/profile_images/508427840262385664/b68o_MQc_bigger.jpeg,putrirachma17,https://twitter.com/putrirachma17,
http://pbs.twimg.com/profile_images/514294154856132608/FIHNW0Zt_bigger.jpeg,Markus_SchultzZ,https://twitter.com/Markus_SchultzZ,
http://pbs.twimg.com/profile_images/2712537570/9a88e6e767a61475aa3ca1968176c712_bigger.png,ka_nipan,https://twitter.com/ka_nipan,
http://pbs.twimg.com/profile_images/2342394182/qwq_bigger.png,alexpro_ya_chef,https://twitter.com/alexpro_ya_chef,
http://pbs.twimg.com/profile_images/512525062327394304/GqGrtNBJ_bigger.jpeg,Niklas_BauerR,https://twitter.com/Niklas_BauerR,
http://pbs.twimg.com/profile_images/515021669824344064/IB-po83w_bigger.jpeg,AusterliDaniel,https://twitter.com/AusterliDaniel,
http://pbs.twimg.com/profile_images/531459105529946112/isDw4AGi_bigger.jpeg,PashaFJati,https://twitter.com/PashaFJati,
http://pbs.twimg.com/profile_images/518777354987270144/RgZHP-vu_bigger.jpeg,BurakNyr,https://twitter.com/BurakNyr,
http://pbs.twimg.com/profile_images/491212568598282240/_VSRGBvC_bigger.png,nynerweiner,https://twitter.com/nynerweiner,
http://pbs.twimg.com/profile_images/911575504/Faryl_Saliman_Reingold_casual_upload_version_bigger.jpg,DocFaryl,https://twitter.com/DocFaryl,
http://pbs.twimg.com/profile_images/529719722212741120/VV07iZSt_bigger.jpeg,samblaq,https://twitter.com/samblaq,
http://pbs.twimg.com/profile_images/534444536244625408/alAK3Uha_bigger.jpeg,ModernShoppingY,https://twitter.com/ModernShoppingY,
http://pbs.twimg.com/profile_images/489039557229154304/aqKySEv7_bigger.jpeg,HoranziHock,https://twitter.com/HoranziHock,
http://pbs.twimg.com/profile_images/514324507872350209/U63A2kzv_bigger.jpeg,JaninaBeich,https://twitter.com/JaninaBeich,
http://pbs.twimg.com/profile_images/552365715278139392/erI2LzsI_bigger.jpeg,__________510,https://twitter.com/__________510,
http://pbs.twimg.com/profile_images/3395644775/2f2b65e589b9a8ba88c2398d849e85d9_bigger.jpeg,VideosOnlineTV,https://twitter.com/VideosOnlineTV,
http://pbs.twimg.com/profile_images/554769202137939968/sg2q8fJt_bigger.jpeg,Diiqpa__Boogxi,https://twitter.com/Diiqpa__Boogxi,
http://pbs.twimg.com/profile_images/552910491845427202/VVZUs6oe_bigger.jpeg,SaffronHorizon,https://twitter.com/SaffronHorizon,
http://pbs.twimg.com/profile_images/512528934898900993/Ni9cVzsK_bigger.jpeg,Lucas_Pfaff,https://twitter.com/Lucas_Pfaff,
http://pbs.twimg.com/profile_images/555704384886042624/45fr6ZbR_bigger.jpeg,FnKdjGLa8b,https://twitter.com/FnKdjGLa8b,
http://pbs.twimg.com/profile_images/514306589818249217/axiVJbcW_bigger.jpeg,LeahEberhart,https://twitter.com/LeahEberhart,
http://pbs.twimg.com/profile_images/554826966134571008/1XBGL3nG_bigger.jpeg,Hbinwoo801,https://twitter.com/Hbinwoo801,
http://pbs.twimg.com/profile_images/553803109353279488/k-1Uqig8_bigger.jpeg,TheAlecGonzales,https://twitter.com/TheAlecGonzales,
http://pbs.twimg.com/profile_images/556109883464896512/tqPbGm0C_bigger.jpeg,ninzin3939,https://twitter.com/ninzin3939,
http://pbs.twimg.com/profile_images/549174853224247298/mWDtDHtg_bigger.jpeg,AllRiseForever,https://twitter.com/AllRiseForever,
http://pbs.twimg.com/profile_images/419716945320374272/PZUkzVTf_bigger.jpeg,4337575ARF,https://twitter.com/4337575ARF,
http://pbs.twimg.com/profile_images/2156816656/NRG_bigger.jpg,NRG_fx,https://twitter.com/NRG_fx,
http://pbs.twimg.com/profile_images/378800000011731063/d296d6a1cc55e5cbf81973ef2b977eb1_bigger.gif,AhihBundy,https://twitter.com/AhihBundy,
http://pbs.twimg.com/profile_images/443458484239998976/cwC06hYa_bigger.png,FayDoom,https://twitter.com/FayDoom,
http://pbs.twimg.com/profile_images/3229114455/975aa49b05b22dc9d19a74f526731ed1_bigger.png,ticketdonichi,https://twitter.com/ticketdonichi,
http://pbs.twimg.com/profile_images/2888935372/1c9d8c70fd4a8363d9bf0905c4efd560_bigger.jpeg,Kleeblatt1977,https://twitter.com/Kleeblatt1977,
http://abs.twimg.com/sticky/default_profile_images/default_profile_2_bigger.png,storojevskaya19,https://twitter.com/storojevskaya19,
http://pbs.twimg.com/profile_images/378800000573480742/fe605c0b917b052910abf13c0f44a511_bigger.jpeg,R3DGaming,https://twitter.com/R3DGaming,
http://pbs.twimg.com/profile_images/514712997491519488/_MDjXDYU_bigger.jpeg,LeaFurst,https://twitter.com/LeaFurst,
http://pbs.twimg.com/profile_images/495035552823902208/kzqhJkKj_bigger.jpeg,LightItUpDan,https://twitter.com/LightItUpDan,
http://pbs.twimg.com/profile_images/514685517196062720/6xxRN5Ny_bigger.jpeg,iEvelynKirk,https://twitter.com/iEvelynKirk,
http://pbs.twimg.com/profile_images/2610310174/f1x3ig2bk48tura5qwa9_bigger.jpeg,LiveOrigins,https://twitter.com/LiveOrigins,
http://pbs.twimg.com/profile_images/514368505458618369/UBMtcPcd_bigger.jpeg,KarolinAckerma,https://twitter.com/KarolinAckerma,
http://pbs.twimg.com/profile_images/514292537662504961/CsCwPZJM_bigger.jpeg,UngerPhillipp,https://twitter.com/UngerPhillipp,
http://pbs.twimg.com/profile_images/523239593798139904/IOELbNfF_bigger.png,kennethahotutip,https://twitter.com/kennethahotutip,
http://pbs.twimg.com/profile_images/556221606687559680/srFsAnzH_bigger.jpeg,nakake326,https://twitter.com/nakake326,
http://pbs.twimg.com/profile_images/530278897204490240/VdZqjfCQ_bigger.jpeg,payalsaxena3010,https://twitter.com/payalsaxena3010,
http://pbs.twimg.com/profile_images/487436807840096256/buzNR7Mz_bigger.jpeg,ikkou_u,https://twitter.com/ikkou_u,
http://pbs.twimg.com/profile_images/549968604788424704/3CA0xPh9_bigger.jpeg,tomone_40,https://twitter.com/tomone_40,
http://pbs.twimg.com/profile_images/514291104007454722/CmLOwmd1_bigger.jpeg,EbersChristian,https://twitter.com/EbersChristian,
http://abs.twimg.com/sticky/default_profile_images/default_profile_5_bigger.png,mys1len07629145,https://twitter.com/mys1len07629145,
http://pbs.twimg.com/profile_images/483169918632734720/0a8ueU2W_bigger.jpeg,sony_agent,https://twitter.com/sony_agent,
http://pbs.twimg.com/profile_images/556680393718386688/p4vPHr7o_bigger.jpeg,CtWoodbury,https://twitter.com/CtWoodbury,
http://pbs.twimg.com/profile_images/2183621910/logo_elcolectivo_bigger.jpg,ColectivoRadio,https://twitter.com/ColectivoRadio,
http://pbs.twimg.com/profile_images/522122375408537602/Tc_3gKJK_bigger.jpeg,fisher26510401,https://twitter.com/fisher26510401,
http://pbs.twimg.com/profile_images/514316041355161600/NBxnNkFx_bigger.jpeg,FelixOstermann,https://twitter.com/FelixOstermann,
http://pbs.twimg.com/profile_images/555357626993635329/yYn6CR6z_bigger.jpeg,sampaulwilson0,https://twitter.com/sampaulwilson0,
http://pbs.twimg.com/profile_images/519882216201936896/wYhzKeTp_bigger.jpeg,HarthprofileC,https://twitter.com/HarthprofileC,
http://pbs.twimg.com/profile_images/515094523316158464/HGiOP4ut_bigger.jpeg,Kristia_Strauss,https://twitter.com/Kristia_Strauss,
http://pbs.twimg.com/profile_images/462586866907090945/2_AHr-wE_bigger.jpeg,Enne_d,https://twitter.com/Enne_d,
http://pbs.twimg.com/profile_images/520313566113439744/yG7Ifl9-_bigger.jpeg,austin_lyda,https://twitter.com/austin_lyda,
http://pbs.twimg.com/profile_images/522812967390154752/qYT_syQd_bigger.jpeg,Oliveirsouza1,https://twitter.com/Oliveirsouza1,
http://pbs.twimg.com/profile_images/552975247318978562/a--MsHhS_bigger.jpeg,_vacosta_,https://twitter.com/_vacosta_,
http://pbs.twimg.com/profile_images/486177035396452354/cQI6gcta_bigger.png,roccoklein,https://twitter.com/roccoklein,
http://pbs.twimg.com/profile_images/515130423018393601/NHJanmU0_bigger.jpeg,Maximilian_Kapp,https://twitter.com/Maximilian_Kapp,
http://pbs.twimg.com/profile_images/520294360387031040/3cXaMvs7_bigger.jpeg,LucaGregg,https://twitter.com/LucaGregg,
http://pbs.twimg.com/profile_images/2277675249/1h7vtvzg6wno3qucmcgl_bigger.jpeg,northkoreannews,https://twitter.com/northkoreannews,
http://pbs.twimg.com/profile_images/490177056416595968/FA1RfU8s_bigger.jpeg,RonsakLone,https://twitter.com/RonsakLone,
http://pbs.twimg.com/profile_images/514701284775952386/fjtfygPH_bigger.jpeg,MariaFeierabend,https://twitter.com/MariaFeierabend,
http://pbs.twimg.com/profile_images/552598458092105728/gkLh6V6z_bigger.jpeg,potyoo,https://twitter.com/potyoo,
http://pbs.twimg.com/profile_images/514685505833693184/2TbnGymM_bigger.jpeg,AnneFrankfurtr,https://twitter.com/AnneFrankfurtr,
http://pbs.twimg.com/profile_images/514006694276247552/DrL5H3xZ_bigger.jpeg,LauraSchuhmach,https://twitter.com/LauraSchuhmach,
http://pbs.twimg.com/profile_images/518041338751639552/TyXAuAKo_bigger.jpeg,deltacomtech,https://twitter.com/deltacomtech,
http://pbs.twimg.com/profile_images/535743691889987584/l_eOHg-5_bigger.jpeg,muftinternet,https://twitter.com/muftinternet,
http://pbs.twimg.com/profile_images/512582976912125952/EdSbWapG_bigger.jpeg,iMarcEsser,https://twitter.com/iMarcEsser,
http://pbs.twimg.com/profile_images/519544636767879168/8m7TJe9F_bigger.jpeg,Derek34098138,https://twitter.com/Derek34098138,
http://pbs.twimg.com/profile_images/552577754093613057/0FmxdErx_bigger.jpeg,AligamersIGN,https://twitter.com/AligamersIGN,
http://pbs.twimg.com/profile_images/519541208545116160/OL762EEd_bigger.jpeg,Veedisha0123,https://twitter.com/Veedisha0123,
http://pbs.twimg.com/profile_images/3420760302/f7e806f802c4abf137133a54a2f17b8d_bigger.png,luisvilla913,https://twitter.com/luisvilla913,
http://pbs.twimg.com/profile_images/545652033949155328/WTAeUkUd_bigger.png,Sony_Plaguesell,https://twitter.com/Sony_Plaguesell,
http://pbs.twimg.com/profile_images/514683013003624448/g8QhknlK_bigger.jpeg,KlaudiaSchuste,https://twitter.com/KlaudiaSchuste,
http://pbs.twimg.com/profile_images/654384506/IMG_1406ensan5552_bigger.JPG,shindyen,https://twitter.com/shindyen,
http://pbs.twimg.com/profile_images/493691403256336384/-GQhAUYv_bigger.jpeg,satish_mevada,https://twitter.com/satish_mevada,
http://pbs.twimg.com/profile_images/520292244939493376/ZHOWiC9g_bigger.jpeg,BenKeen14,https://twitter.com/BenKeen14,
http://pbs.twimg.com/profile_images/458276040792473600/oDE7rpqS_bigger.png,susuwavawyq,https://twitter.com/susuwavawyq,
http://pbs.twimg.com/profile_images/458276051869630464/ObJ5YIn4_bigger.png,wupiwaxogewi,https://twitter.com/wupiwaxogewi,
http://pbs.twimg.com/profile_images/458276052897263616/UocKveHd_bigger.png,tinarubyryco,https://twitter.com/tinarubyryco,
http://pbs.twimg.com/profile_images/3692974049/adfb928f15bd27065d7972cb4f3dd798_bigger.jpeg,khalid_sabil,https://twitter.com/khalid_sabil,
http://pbs.twimg.com/profile_images/378800000053944872/f25114e02ad3a7e201432a6b208cac19_bigger.jpeg,sumiyo_hydelove,https://twitter.com/sumiyo_hydelove,
http://pbs.twimg.com/profile_images/514012570424856577/k-_ycKLl_bigger.jpeg,iKatrinBecker,https://twitter.com/iKatrinBecker,
http://pbs.twimg.com/profile_images/551895527416004608/aWV_4uil_bigger.jpeg,check_rkam,https://twitter.com/check_rkam,
http://pbs.twimg.com/profile_images/552103319951265795/oFyv19BU_bigger.jpeg,Baier_Barjexu,https://twitter.com/Baier_Barjexu,
http://pbs.twimg.com/profile_images/551376008943632385/yFowIoQn_bigger.jpeg,DavidBrnsua,https://twitter.com/DavidBrnsua,
http://pbs.twimg.com/profile_images/551418563139862529/Lr9duD4f_bigger.jpeg,aroltio,https://twitter.com/aroltio,
http://pbs.twimg.com/profile_images/378800000027200659/648a75ebdb0402038a7cad2b740505f3_bigger.jpeg,mobiledirectuk,https://twitter.com/mobiledirectuk,
http://pbs.twimg.com/profile_images/2985995829/9ad3b83b00bb48a624281e5fe4c168a6_bigger.png,hatebu_hot50,https://twitter.com/hatebu_hot50,
http://pbs.twimg.com/profile_images/533607064040267776/035lS5V6_bigger.jpeg,yuzumin,https://twitter.com/yuzumin,
http://pbs.twimg.com/profile_images/1296017615/op_bigger.jpg,gorritsu,https://twitter.com/gorritsu,
http://pbs.twimg.com/profile_images/494153817458356226/1PFU7usu_bigger.png,tsunagi_nagi,https://twitter.com/tsunagi_nagi,
http://pbs.twimg.com/profile_images/537188118198505472/b50tknfs_bigger.jpeg,114Tina,https://twitter.com/114Tina,
http://pbs.twimg.com/profile_images/514661292372541441/mnz6wJzs_bigger.jpeg,Sabine_Klug,https://twitter.com/Sabine_Klug,
http://pbs.twimg.com/profile_images/545385164126158848/rkanDCgb_bigger.png,TaboriHK,https://twitter.com/TaboriHK,
http://abs.twimg.com/sticky/default_profile_images/default_profile_3_bigger.png,a28041767,https://twitter.com/a28041767,
http://pbs.twimg.com/profile_images/514297538069798912/sWhJlLA0_bigger.jpeg,BirgitScherer,https://twitter.com/BirgitScherer,
http://pbs.twimg.com/profile_images/522476284576690176/OAdDSRmL_bigger.jpeg,Barbara3Lawl,https://twitter.com/Barbara3Lawl,
http://pbs.twimg.com/profile_images/471706985071521792/1X8heI93_bigger.png,pricetrak,https://twitter.com/pricetrak,
http://pbs.twimg.com/profile_images/521498391033831424/H31z9oZv_bigger.jpeg,miya_ichi,https://twitter.com/miya_ichi,
http://pbs.twimg.com/profile_images/546786149776125952/GZ1UP6Wq_bigger.jpeg,minarinsukiy,https://twitter.com/minarinsukiy,
http://pbs.twimg.com/profile_images/443344933663956992/Dhhf3qGM_bigger.png,CompleteDeals,https://twitter.com/CompleteDeals,
http://pbs.twimg.com/profile_images/555762658461220864/vCQYWbY5_bigger.jpeg,Caehsu__Qaacna,https://twitter.com/Caehsu__Qaacna,
http://pbs.twimg.com/profile_images/488310291340357632/8qvbY7Q4_bigger.jpeg,KoradaDealz,https://twitter.com/KoradaDealz,
http://pbs.twimg.com/profile_images/3460419295/2a9f7fa7b4bf1be5ac7bc0b7146831a6_bigger.jpeg,ShirleyDutton1,https://twitter.com/ShirleyDutton1,
http://pbs.twimg.com/profile_images/477801831780069376/wBXrSAKm_bigger.jpeg,sony_parker,https://twitter.com/sony_parker,
http://pbs.twimg.com/profile_images/446038151434211328/n-tMLDcs_bigger.png,Papi_Geekito,https://twitter.com/Papi_Geekito,
http://pbs.twimg.com/profile_images/1197197366/Fidytha_painter_bigger.jpg,mwanajamia,https://twitter.com/mwanajamia,
http://pbs.twimg.com/profile_images/3460142821/203edec300eed945573adc1328239337_bigger.jpeg,MabelTaylor14,https://twitter.com/MabelTaylor14,
http://pbs.twimg.com/profile_images/544847201017397248/cb-1JpO7_bigger.png,playstationclan,https://twitter.com/playstationclan,
http://pbs.twimg.com/profile_images/521726035507703808/pvVwINDQ_bigger.jpeg,Tammy43Price,https://twitter.com/Tammy43Price,
http://pbs.twimg.com/profile_images/519541782040682498/G0sWNFYs_bigger.jpeg,H6Rayno,https://twitter.com/H6Rayno,
http://pbs.twimg.com/profile_images/515097423824183296/3AF0rN6D_bigger.jpeg,IBernd_Werner,https://twitter.com/IBernd_Werner,
http://pbs.twimg.com/profile_images/515954076442705920/wzFVMNLc_bigger.jpeg,Klomb4Corrado,https://twitter.com/Klomb4Corrado,
http://pbs.twimg.com/profile_images/433175085793308672/ixPlae3p_bigger.jpeg,SirkisYoran,https://twitter.com/SirkisYoran,
http://pbs.twimg.com/profile_images/551230740268982272/uUequNTm_bigger.jpeg,MillonakisPlan,https://twitter.com/MillonakisPlan,
http://pbs.twimg.com/profile_images/514027680497299456/olL9BByn_bigger.jpeg,iSteffenNagel,https://twitter.com/iSteffenNagel,
http://pbs.twimg.com/profile_images/3687106784/e1b7e23715df739df85f13de11dd1756_bigger.jpeg,ganigulec35,https://twitter.com/ganigulec35,
http://pbs.twimg.com/profile_images/557107955041329152/slZmh3ZO_bigger.jpeg,MaHINdra_D2,https://twitter.com/MaHINdra_D2,
http://pbs.twimg.com/profile_images/488710300288294913/B4LQUaMQ_bigger.jpeg,MoktavOffers,https://twitter.com/MoktavOffers,
http://pbs.twimg.com/profile_images/514348394542669824/5ScZokpi_bigger.jpeg,SaraBeckenbaue,https://twitter.com/SaraBeckenbaue,
http://pbs.twimg.com/profile_images/522489932883836930/chiDEhdG_bigger.jpeg,logics_lu,https://twitter.com/logics_lu,
http://pbs.twimg.com/profile_images/520309749410045952/gBt0sFcn_bigger.jpeg,AndreasJitis,https://twitter.com/AndreasJitis,
http://pbs.twimg.com/profile_images/551000190023643137/gGXhZ3r3_bigger.jpeg,Eduino21,https://twitter.com/Eduino21,
http://pbs.twimg.com/profile_images/551471569781141506/ZOjj8D4T_bigger.png,logristm,https://twitter.com/logristm,
http://pbs.twimg.com/profile_images/520312053471264768/maje9VL7_bigger.jpeg,Alexand19690661,https://twitter.com/Alexand19690661,
http://pbs.twimg.com/profile_images/2385739558/nrzq9e60yp00oeew6cr9_bigger.jpeg,Gindro,https://twitter.com/Gindro,
http://pbs.twimg.com/profile_images/553538698357530624/EcSR00YX_bigger.jpeg,arden_paladin,https://twitter.com/arden_paladin,
http://pbs.twimg.com/profile_images/523987221473280000/MWkj-Uvr_bigger.jpeg,FIRE_EMS_ALERST,https://twitter.com/FIRE_EMS_ALERST,
http://pbs.twimg.com/profile_images/524217627816640512/xuwihUhL_bigger.jpeg,LaurenDShnin,https://twitter.com/LaurenDShnin,
http://pbs.twimg.com/profile_images/556137746868088832/0iZCPYOp_bigger.png,hatebu_eandb,https://twitter.com/hatebu_eandb,
http://pbs.twimg.com/profile_images/540330857878134784/y8Hq8VH6_bigger.jpeg,aguaaaron,https://twitter.com/aguaaaron,
http://pbs.twimg.com/profile_images/552439691472285696/u2j8kuUN_bigger.jpeg,worldfamous5095,https://twitter.com/worldfamous5095,
http://pbs.twimg.com/profile_images/520978508659429376/VA1pNfBx_bigger.jpeg,KJantti,https://twitter.com/KJantti,
http://pbs.twimg.com/profile_images/514498999181520896/gY-aWzAB_bigger.jpeg,voidiss,https://twitter.com/voidiss,
http://pbs.twimg.com/profile_images/526709436908204032/CCxyLGyW_bigger.jpeg,katumidayoo,https://twitter.com/katumidayoo,
http://pbs.twimg.com/profile_images/522491530154504192/Zaxn-q6e_bigger.jpeg,ji_lution,https://twitter.com/ji_lution,
http://pbs.twimg.com/profile_images/442609652572749824/qBpWhquB_bigger.jpeg,h1m4nshuu,https://twitter.com/h1m4nshuu,
http://pbs.twimg.com/profile_images/556010412068462592/WmqPo160_bigger.jpeg,Hi_Yamt,https://twitter.com/Hi_Yamt,
http://pbs.twimg.com/profile_images/459300274733977600/ko32aMEs_bigger.png,i_LoVe_BaRi,https://twitter.com/i_LoVe_BaRi,
http://pbs.twimg.com/profile_images/547958204672405504/D7htjx9N_bigger.jpeg,andresaccio,https://twitter.com/andresaccio,
http://pbs.twimg.com/profile_images/522634893629472769/oq-zljsO_bigger.jpeg,grodesignsw,https://twitter.com/grodesignsw,
http://pbs.twimg.com/profile_images/556074681250246656/uu3l14il_bigger.jpeg,maimai_yk_love,https://twitter.com/maimai_yk_love,
http://pbs.twimg.com/profile_images/1394523949/image_bigger.jpg,alberolu,https://twitter.com/alberolu,
http://pbs.twimg.com/profile_images/522473043277279232/stRIE7Hy_bigger.jpeg,Jackie5Hale,https://twitter.com/Jackie5Hale,
http://pbs.twimg.com/profile_images/557439541808599041/4mo3vu9K_bigger.jpeg,____M_1108,https://twitter.com/____M_1108,
http://pbs.twimg.com/profile_images/514301461392400386/WTxgPkvL_bigger.jpeg,iLucaBurger,https://twitter.com/iLucaBurger,
http://pbs.twimg.com/profile_images/537350240546729986/y9fGR3Cc_bigger.jpeg,ptoryy99,https://twitter.com/ptoryy99,
http://pbs.twimg.com/profile_images/555322139390140417/nRm73ih3_bigger.jpeg,dddrkkjhhh,https://twitter.com/dddrkkjhhh,
http://pbs.twimg.com/profile_images/533597141239742465/ReYG3dp0_bigger.jpeg,ardhyNH,https://twitter.com/ardhyNH,
http://pbs.twimg.com/profile_images/521401523360641024/UMSbkauM_bigger.jpeg,ZainabAwoon,https://twitter.com/ZainabAwoon,
http://pbs.twimg.com/profile_images/378800000867961623/24JLR46__bigger.jpeg,2wnw6gau,https://twitter.com/2wnw6gau,
http://pbs.twimg.com/profile_images/543840977425674241/gP64sqcI_bigger.jpeg,nunocolombino,https://twitter.com/nunocolombino,
http://pbs.twimg.com/profile_images/547961836583124992/xXwp7ER3_bigger.jpeg,andreuadalberto,https://twitter.com/andreuadalberto,
http://pbs.twimg.com/profile_images/378800000666613329/104f48090e72911c2baff7344759bb0d_bigger.png,AvGurusTeam,https://twitter.com/AvGurusTeam,
http://pbs.twimg.com/profile_images/469577760986234880/TSMzM_uA_bigger.jpeg,flatscreentva,https://twitter.com/flatscreentva,
http://pbs.twimg.com/profile_images/555455996337065986/pqJp65hB_bigger.jpeg,SuckerZz15,https://twitter.com/SuckerZz15,
http://pbs.twimg.com/profile_images/378800000739331147/8af4aeb2cd9632659cf8f2bb62caf629_bigger.png,Tweetmensajero,https://twitter.com/Tweetmensajero,
http://pbs.twimg.com/profile_images/493807209663299585/tXwRdwrB_bigger.jpeg,verybigd2004,https://twitter.com/verybigd2004,
http://pbs.twimg.com/profile_images/2679758127/a6f9d022be9d6db84ea758af74d0eb62_bigger.jpeg,Gewinnplaza,https://twitter.com/Gewinnplaza,
http://pbs.twimg.com/profile_images/544269404704227328/ZWPtrl1V_bigger.jpeg,priantedanilo,https://twitter.com/priantedanilo,
http://pbs.twimg.com/profile_images/378800000119913650/35da8bacd9401372c9f518c294e14532_bigger.png,ClorithApps,https://twitter.com/ClorithApps,
http://pbs.twimg.com/profile_images/538050425325236224/jB2z5h4X_bigger.jpeg,hoplasd_23tr,https://twitter.com/hoplasd_23tr,
http://pbs.twimg.com/profile_images/551240876425347073/-nSqliMv_bigger.jpeg,villavaldemar3,https://twitter.com/villavaldemar3,
http://pbs.twimg.com/profile_images/378800000359948577/18e535b3a069515005c14d80c8a188c4_bigger.jpeg,Nota_Gamer,https://twitter.com/Nota_Gamer,
http://pbs.twimg.com/profile_images/548330737649209345/liAfukx7_bigger.jpeg,izunsaposeidon,https://twitter.com/izunsaposeidon,
http://pbs.twimg.com/profile_images/522073865367728128/62JONcx__bigger.jpeg,Beverly4Till,https://twitter.com/Beverly4Till,
http://pbs.twimg.com/profile_images/550862915541032960/mBsmfICv_bigger.jpeg,ProductLavish,https://twitter.com/ProductLavish,
http://pbs.twimg.com/profile_images/528200844785631234/0SdCC9Nz_bigger.jpeg,acceleratedesd,https://twitter.com/acceleratedesd,
http://pbs.twimg.com/profile_images/426714306978541568/c7fQoKtV_bigger.jpeg,giu_andrea,https://twitter.com/giu_andrea,
http://pbs.twimg.com/profile_images/550164742849847296/vrNh12H1_bigger.jpeg,deal_grand,https://twitter.com/deal_grand,
http://pbs.twimg.com/profile_images/3737460949/0ed07cd550694730d31f15129f041bcf_bigger.jpeg,ACV_Qban,https://twitter.com/ACV_Qban,
http://pbs.twimg.com/profile_images/524604318154903553/gjGb4yWf_bigger.jpeg,a_ashusharm,https://twitter.com/a_ashusharm,
http://pbs.twimg.com/profile_images/378800000310000304/19168e204cdef35cee8bcb96a5e2a79d_bigger.jpeg,LordMoonBot,https://twitter.com/LordMoonBot,
http://pbs.twimg.com/profile_images/552352816476336128/jt4SZml0_bigger.jpeg,nadirarango4,https://twitter.com/nadirarango4,
http://pbs.twimg.com/profile_images/556844932430700544/117-Dmlo_bigger.png,CaPTaiNDaRK974,https://twitter.com/CaPTaiNDaRK974,
http://pbs.twimg.com/profile_images/511733853308735488/tjr-0843_bigger.jpeg,LoggiTV,https://twitter.com/LoggiTV,
http://pbs.twimg.com/profile_images/521687393876070400/8V3rb7WF_bigger.jpeg,fabiogen1966,https://twitter.com/fabiogen1966,
http://pbs.twimg.com/profile_images/378800000832980113/8894d04dd1381da745806e80b6a5699f_bigger.jpeg,EmperorLeather,https://twitter.com/EmperorLeather,
http://pbs.twimg.com/profile_images/444162722305822720/PFwc3bN7_bigger.jpeg,mdroidmy,https://twitter.com/mdroidmy,
http://abs.twimg.com/sticky/default_profile_images/default_profile_3_bigger.png,wheresthebeef11,https://twitter.com/wheresthebeef11,
http://pbs.twimg.com/profile_images/537696305867284480/HVAOwsns_bigger.jpeg,nleviablai,https://twitter.com/nleviablai,
http://pbs.twimg.com/profile_images/552600582695825408/NA0sKVB2_bigger.jpeg,mikaelagua4,https://twitter.com/mikaelagua4,
http://pbs.twimg.com/profile_images/3497228865/158016ceb2e9b66cb8e32c98a15ce842_bigger.jpeg,JohnsonBenson6,https://twitter.com/JohnsonBenson6,
http://pbs.twimg.com/profile_images/552350389551374336/jf-UXxAg_bigger.jpeg,nahuelardura4,https://twitter.com/nahuelardura4,
http://pbs.twimg.com/profile_images/554818471926571010/QeesHQAO_bigger.jpeg,adonaiaraujo451,https://twitter.com/adonaiaraujo451,
http://pbs.twimg.com/profile_images/554528556953268225/tKkY7xBd_bigger.jpeg,lealquntana,https://twitter.com/lealquntana,
http://pbs.twimg.com/profile_images/554819354651398145/j7ISMEDs_bigger.jpeg,adolfoarango6,https://twitter.com/adolfoarango6,
http://pbs.twimg.com/profile_images/529319681081884673/uqPF7gmL_bigger.jpeg,SauronTV,https://twitter.com/SauronTV,
http://pbs.twimg.com/profile_images/378800000278897763/7c7224cba5ab44941130b1031a0b8b1e_bigger.jpeg,JohnBer89,https://twitter.com/JohnBer89,
http://pbs.twimg.com/profile_images/554693236988461056/645N2lvY_bigger.jpeg,justinopeterso1,https://twitter.com/justinopeterso1,
http://pbs.twimg.com/profile_images/554725538581860352/OnpL8yls_bigger.jpeg,julioperezjuli2,https://twitter.com/julioperezjuli2,
http://pbs.twimg.com/profile_images/447637545698869248/KNR8Pfqf_bigger.jpeg,OutdoWorld,https://twitter.com/OutdoWorld,
http://abs.twimg.com/sticky/default_profile_images/default_profile_1_bigger.png,kinnotorikago,https://twitter.com/kinnotorikago,
http://pbs.twimg.com/profile_images/528170303500083202/soNi2t4T_bigger.jpeg,gmtechltdng,https://twitter.com/gmtechltdng,
http://pbs.twimg.com/profile_images/554460357624741888/At2BE19q_bigger.jpeg,juegones,https://twitter.com/juegones,
http://pbs.twimg.com/profile_images/555692415806218240/8F5CM3u3_bigger.jpeg,nuvygojozuga,https://twitter.com/nuvygojozuga,
http://pbs.twimg.com/profile_images/3395764764/b7d9b22a88da8c8a131348613e42583e_bigger.jpeg,DjChiefDavies,https://twitter.com/DjChiefDavies,
http://pbs.twimg.com/profile_images/458276040771514368/H4bR_L2c_bigger.png,tyqamogiwywa,https://twitter.com/tyqamogiwywa,
http://pbs.twimg.com/profile_images/526463653768200193/oAeonrAN_bigger.png,YuKeepSmileTTV,https://twitter.com/YuKeepSmileTTV,
http://pbs.twimg.com/profile_images/458276044391215104/JnivGeNJ_bigger.png,baqutiwadef,https://twitter.com/baqutiwadef,
http://pbs.twimg.com/profile_images/526184517967417344/Ln9wXEEm_bigger.png,htc_cbkc,https://twitter.com/htc_cbkc,
http://pbs.twimg.com/profile_images/536213664068415489/h-QZvkPv_bigger.jpeg,fulfuill_now,https://twitter.com/fulfuill_now,
