"","score","text","path"
"6",1,"I liked a @YouTube video from @dayavjfan http://t.co/qY1R8NuhdO SarathKumar Sir About IlayaThalapathy Vijay","https://twitter.com/robostalin6"
"24",1,"@cricketingview His game isn't cut for these pitches.struggles on these overseas wickets. Vijay can play better and has opened before","https://twitter.com/navinrajaram"
"33",1,"Reverse innovation is a big opportunity for India Inc: Vijay Govindarajan ... - Economic Times: Reverse innova... http://t.co/4LA3EYZqJ9","https://twitter.com/yourquestion"
"35",1,"Cheteshwar Pujara, Ajinkya Rahane, Murali Vijay and Ravindra Jadeja have all flourished under Captain Cool! He is the encouraging captain!","https://twitter.com/ScoopWhoopNews"
"48",1,"@bhogleharsha one question for u sir .. After good batting in test matches why Murli vijay out of d WC team ?","https://twitter.com/nikhils91108191"
"54",1,"Google sticks to EU-only application of 'right to be forgotten': Google is only removing search results from E... http://t.co/YnZpS6aMQK","https://twitter.com/vijay_sharma86"
"56",1,"RT @ChennaiTimesTOI: #Vijay gifts gold coin to more than 250 people on the set of #Puli http://t.co/fc62FwqTtu","https://twitter.com/sakthysaravana"
"59",1,"@manbravogee  i  am doin  so so good   man","https://twitter.com/GH_vijay"
"66",1,"I would like to share my 7pieces with Nellie Gengan","https://twitter.com/vijay_naicker"
"71",2,"Reverse innovation is a big opportunity for India Inc: Vijay Govindarajan ... - Economic Times http://t.co/itVfyGVGTI #innovation","https://twitter.com/AhaYourself"
"75",1,"RT @itisprashanth: Rajini,  kamal,  vijay and now vikram in the elite 100 crore club. He totally deserves it for all his hard work. #I","https://twitter.com/Autonagar_Chai"
"82",1,"@cricketaakash Don't think we need Dhawan anymore. Get Rohit and Rahane to open. Would've been interesting to have Vijay around #INDvsENG","https://twitter.com/purepiscean"
"84",1,"RT @elkay14: #thupakki is d 1st movie in #India 2 talk abt #sleepercells functionin ,a bold subjct by @ARMurugadoss. #mass hero #Vijay, #vjâ¦","https://twitter.com/kedi_sunil"
"87",1,"@ipoonampandey Damn cool.","https://twitter.com/vijay_kkumar"
"97",2,"RT @dexilsam: Flexes by Vijay anna fans in trivandrum  supporting the historic event in Kerala ""Run Kerala Run""  #Ilayathalapathy http://t.â¦","https://twitter.com/Anithasvjsis"
"102",1,"@jayatvdottv sir pls katthi ippa venam sir all vijay anna fans rquest pls sir.","https://twitter.com/tselvan573"
"114",2,"RT @dexilsam: Flexes by Vijay anna fans in trivandrum  supporting the historic event in Kerala ""Run Kerala Run""  #Ilayathalapathy http://t.â¦","https://twitter.com/sundar_vjy"
"118",2,"RT @dexilsam: Flexes by Vijay anna fans in trivandrum  supporting the historic event in Kerala ""Run Kerala Run""  #Ilayathalapathy http://t.â¦","https://twitter.com/AllYGirL85"
"122",1,"RT @_SACHisLIFE: My best RTs this week came from: @Vijay_SRK @CWCWatch @shrikantd31 @Gokul_srt #thankSAll via http://t.co/KGZuXiTtFD","https://twitter.com/shrikantd31"
"123",1,"RT @VTLTeam: #Vijay59 will have the necessary massy elements to keep all #Vijay fans pumped up- @gvprakash","https://twitter.com/vasudevan5"
"124",1,"@CricManiacDeep They even said he's lot better than Murali vijay Rofl","https://twitter.com/Vishnu31369136"
"125",1,"My best RTs this week came from: @Vijay_SRK @CWCWatch @shrikantd31 @Gokul_srt #thankSAll via http://t.co/KGZuXiTtFD","https://twitter.com/_SACHisLIFE"
"126",3,"RT @Lmkmoviemaniac: GV on #Vijay59 ""There'll be at least 2 love songs that'll satisfy diehard romance fans, and also the massy elements to â¦","https://twitter.com/dineshsn117"
"130",1,"RT @elkay14: #thupakki is d 1st movie in #India 2 talk abt #sleepercells functionin ,a bold subjct by @ARMurugadoss. #mass hero #Vijay, #vjâ¦","https://twitter.com/vasudevan5"
"132",1,"RT @narendramodi: The inputs on the Embassies received through MyGov would be very valuable for the Conference of Heads of Mission, being hâ¦","https://twitter.com/vijay_kaneria"
"140",1,"@vikrantgupta73 @aajtak well dne #Vikrant u r d person can take views to @BCCI 
#VIRAT @3 nt #Rayudu #Vijay n #Yuvi n team
#WORLDCUP2015","https://twitter.com/vishalpbansal"
"142",1,"RT @TheBelaKantaria: â¨í ¼í¼¹â¨
@Vijaytiwari1611 í ½í¸í ¼í¼ºí ¼í¾¼
Awwwhhhhh thanks Vijay!
...another amazing song from this movie!
Really looking forward to seâ¦","https://twitter.com/Vijaytiwari1611"
"143",1,"RT @TheBelaKantaria: â¨í ¼í¼¹â¨
@Vijaytiwari1611 í ½í¸í ¼í¼ºí ¼í¾¼
Thank you Vijay! I wish you a beautiful week too!
â¨í ¼í¼¹â¨","https://twitter.com/Vijaytiwari1611"
"144",2,"RT @TheBelaKantaria: â¨í ¼í¼¹â¨
@Vijaytiwari1611 í ½í¸í ¼í¼ºí ¼í¾¼
Yes, it's very soulful Vijay. They have great onscreen chemistry as well...
â¨í ¼í¼¹â¨","https://twitter.com/Vijaytiwari1611"
"146",2,"BCCI ..Bring back Yuvi and Vijay in team..Otherwise forget any chance of success in WC with players like Dhawan and Raina #INDvsENG","https://twitter.com/amancard431"
"149",1,"@BCCI get out s.dhawan from the team. He had got many chances to correct his batting skills all are wasted.give chance to M.VIJAY soon.","https://twitter.com/7QoCiXVxRlguJ50"
"155",1,"RT @ChennaiTimesTOI: #Vijay gifts gold coin to more than 250 people on the set of #Puli http://t.co/fc62FwqTtu","https://twitter.com/SLak85"
"159",2,"RT @reachmerin: Finally Vijay sir got his competitor very tough moment for him, hope vijay sir will lead. #Puli #Sagaaptham http://t.co/pETâ¦","https://twitter.com/CricLogue"
"163",2,"RT @dexilsam: Flexes by Vijay anna fans in trivandrum  supporting the historic event in Kerala ""Run Kerala Run""  #Ilayathalapathy http://t.â¦","https://twitter.com/johnrarulraj"
"165",1,"@igtamil yes vijay than all time super star","https://twitter.com/muthvadivel"
"169",2,"RT @reachmerin: Finally Vijay sir got his competitor very tough moment for him, hope vijay sir will lead. #Puli #Sagaaptham http://t.co/pETâ¦","https://twitter.com/Selvam_R7"
"170",1,"RT @MovifiedTamil: Wow, @ThisIsDSP says he is composing peppy songs for #IlayaThalapathy #Vijay #Puli which will attract all age groups httâ¦","https://twitter.com/Karthic04550820"
"171",1,"@vikrantgupta73 @aajtak nice show woowww what a Great point #Virat @3 not #Rayudu n #VIJAY n team woooowwwwww","https://twitter.com/vishalpbansal"
"173",1,"Vijay gifts gold coin to entire Puli Team...! https://t.co/5yMqMzQd7D","https://twitter.com/shivakatta32"
"174",1,"@suriya_gayathri Happy to see u in vijay TV...Me too an great Fan of Sarath Uncle :)","https://twitter.com/ChockyDhivya"
"192",2,"RT @sri50: #I has netted Rs 35Cr from TN during Pongal weekend. Monday there was a drop but steady at 60 to 65%, which is good. Today Testiâ¦","https://twitter.com/vijay_1079"
"196",1,"My best RTs this week came from: @Miss_Dyna_Mite @FunWit140 @n_i_s_h @mmanikseth #thankSAll via http://t.co/jy11fz3ELo","https://twitter.com/viking_vijay"
"197",2,"@BCCI Get s.dhawan  out and m Vijay in  the odi team. If thay really want to play good cricket. Vijay has got very good height and weight.","https://twitter.com/7QoCiXVxRlguJ50"
"201",2,"RT @ajaymaken: Lets discuss who has a better vision for Delhi and can provide better governance. All for a debate with @ArvindKejriwal &amp; @Tâ¦","https://twitter.com/vijay_aazad"
"208",1,"RT @YoursDeen: Sunil Kumar who has been associated with AAP-Karnataka since IAC days is in town from Dubai to support AAP in Delhi. http://â¦","https://twitter.com/vijay_aazad"
"215",1,"A golden gift from Vijay to the people at the sets of Vijay 58 Puli http://t.co/p4tFP1df8A","https://twitter.com/cochintalkies"
"222",2,"New #addidas ""There will be Haters"" advert is pure genius í ½í±í ½í±

http://t.co/lxqEevAKdr","https://twitter.com/vijay_p94"
"225",2,"@StarSportsIndia if openers do well in Aussie conditions the rest too will do well. Now India is paying the price of not selecting Vijay","https://twitter.com/RoaiArjun"
"230",1,"RT @ErosNowSouth: Which is your fav song from Shamitabh Album!!? 
Listen to the songs here - https://t.co/w23Hu8Ealp and tell us :) RT httpâ¦","https://twitter.com/vijay_1079"
"232",2,"@adynugrahazero vijay is super comedy actor like charlie chaplin @thalapathyabbas @Jagadishbliss","https://twitter.com/dinu2810"
"238",1,"RT @UberFacts: It would take a minimum wage worker in India six hours to earn enough money for a Big Mac.","https://twitter.com/vijay_lalwani"
"247",1,"@vikrantgupta73 problem with ind selection is that they just don't give chance to any player when he is at his best like vijay. uthappa.","https://twitter.com/satyaprasadtrip"
"248",1,"Hope @BCCI takes a affirmative decision on Dhawan soon &amp; replace him with M.Vijay / Yuvi. 
Let him take part in #fbb S.dhawan contest !","https://twitter.com/RaviVijayAddict"
"249",2,"Simbu, your favourite hero is Thala, but your style like Thalapathy vijay. Pls tell truth. whos ur fvrt actor?","https://twitter.com/iamimranbasheer"
"250",1,"Tweeted many times India wont need two similar players for WC #Jadeja and #Axar could have easily add a fast bowler or Vijay","https://twitter.com/sumanthagowda"
"252",1,"RT @SarahEmmaHughes: @Vijay_Rajan1 just do good things &amp; then eventually good things will happen to you &amp; the rest will fall into place. âºï¸","https://twitter.com/Vijay_Rajan1"
"253",2,"RT @reachmerin: Finally Vijay sir got his competitor very tough moment for him, hope vijay sir will lead. #Puli #Sagaaptham http://t.co/pETâ¦","https://twitter.com/rockportsays"
"258",1,"@Duniyavijay1 dear vijay Happy B day
From duniya to jackson u earned name, fame every thing through hardwork ..keep going .","https://twitter.com/saraswathi1717"
"260",1,"RT @cricadharsh: Count of tigers in india 
2008 - 1411 
2015  - 2226

And vijay fans are already saying that it's cos of their dear Dr ilayâ¦","https://twitter.com/Ram_Murthy5"
"261",1,"@onetiponehand_ Murli Vijay was in very good form..could have been in the squad in place of Shikhar Dhawan","https://twitter.com/snigdhadev92"
"266",1,"murali vijay on top of the world","https://twitter.com/aro_1993"
"277",1,"Count of tigers in india 
2008 - 1411 
2015  - 2226

And vijay fans are already saying that it's cos of their dear Dr ilayathalapathy í ½í¸","https://twitter.com/cricadharsh"
"282",1,"@koucorner agreed, bt hw abt including Vijay,don't think Rayudu has a caliber like Yuvi.Sad to say, but they aint a long term player!","https://twitter.com/this_is_amitabh"
"293",2,"RT @reachmerin: Finally Vijay sir got his competitor very tough moment for him, hope vijay sir will lead. #Puli #Sagaaptham http://t.co/pETâ¦","https://twitter.com/i_am_alosius"
"296",2,"RT @reachmerin: Finally Vijay sir got his competitor very tough moment for him, hope vijay sir will lead. #Puli #Sagaaptham http://t.co/pETâ¦","https://twitter.com/aro_1993"
"298",2,"Finally Vijay sir got his competitor very tough moment for him, hope vijay sir will lead. #Puli #Sagaaptham http://t.co/pETD05GcqL","https://twitter.com/reachmerin"
"302",1,"@Atlee_dir Pre Production work of #Vijay59 in full swing http://t.co/PPDQ52GcuS @VijayFansTrends @VijayFansTweets  http://t.co/fGjHRHp7dx""","https://twitter.com/pravinkumar2451"
"311",2,"RT @dexilsam: Flexes by Vijay anna fans in trivandrum  supporting the historic event in Kerala ""Run Kerala Run""  #Ilayathalapathy http://t.â¦","https://twitter.com/nowtweex"
"312",2,"RT @vj_gopi: Ilayathalapathy gifted gold coin to more than 250 people on the set of #Puli _/\_ Respect...!! #Vijay @Vijay_cjv http://t.co/tâ¦","https://twitter.com/kaththiprem"
"313",1,"@shishhattangadi Robin Uthappa better suited &amp; versed ODI batsmen tan Vijay anyday plus his wkt keeping skills !!","https://twitter.com/ramu14m"
"323",2,"Good friends...Both Vijay and Vikram...and their fans following them... That's Maturity of Vijay and vikram fans.. http://t.co/5TzgqYrYRn","https://twitter.com/vj_gopi"
"330",1,"@Himanshu_Maroo @imchoi_s I think Vijay for Dhawan, Yuvi for Axar and Uthappa for Rayudu would hav been good","https://twitter.com/raku035"
"331",1,"My favourite hero is vijay.","https://twitter.com/iamimranbasheer"
"337",2,"Ilayathalapathy gifted gold coin to more than 250 people on the set of #Puli _/\_ Respect...!! #Vijay @Vijay_cjv http://t.co/tjjkwSQaUG","https://twitter.com/vj_gopi"
"356",1,"Poor squad. Keeping out of good form players out. Specially vijay. Good in aus conditions #INDvsENG","https://twitter.com/smk_2109"
"363",1,"RT @vuinmedia: Pre Production work of #Vijay59 in full swing

http://t.co/YoeaBMJZiP

@VijayFansTrends @VijayFansTweets #Vijay http://t.co/â¦","https://twitter.com/VijayFansTweets"
"366",1,"Pre Production work of #Vijay59 in full swing

http://t.co/YoeaBMJZiP

@VijayFansTrends @VijayFansTweets #Vijay http://t.co/8p8Mnv5N3f","https://twitter.com/vuinmedia"
"372",2,"@Actor_Vijay  hi vijay sir u r so nice  I aim to be great actor and i need to see","https://twitter.com/VijayVijayaviji"
"384",1,"@BCCI give chance to m Vijay suitable opener in Australia conditions. S dhawan Wht he done this Australia tour. Better down from squad","https://twitter.com/nageahamed"
"388",1,"#Kohli and #Brisbane loves story continues..
Only #VIJAY scored century in #Brisbane in last test series..  
#IndvEng","https://twitter.com/I_Raj13"
"389",1,"@bhogleharsha : jaane bhe do yaaro .. we are used to this .. this is what happens if you don't pick likes of murli Vijay.. we need them...","https://twitter.com/TeenDoPaanch"
"392",1,"RT @MissMalini: The brilliant actor @Nawazuddin_S is all set to star in a film in Hollywood opposite Nicole Kidman! http://t.co/wApd5dArbu","https://twitter.com/vijay_budhiraja"
"402",1,"Vijay gifts gold and laddu for Puli team | Tamil Cinema News âº KollyInsider | Movie News - Kollywood http://t.co/ni6A6YG1i4","https://twitter.com/TamilStudios"
"423",2,"RT @behindwoods: #Vijay59 has enough to keep the fans pumped up

#Ilayathalapathy #Vijay #GVPrakash

http://t.co/AFdtO3opC8 http://t.co/s1fâ¦","https://twitter.com/Sarav_twists"
"425",2,"RT @dexilsam: Flexes by Vijay anna fans in trivandrum  supporting the historic event in Kerala ""Run Kerala Run""  #Ilayathalapathy http://t.â¦","https://twitter.com/cutevickkytweet"
"428",1,"RT @rameshsrivats: Both the Delhi CM candidates were followers of Anna. Pretty much like Tamil Nadu.","https://twitter.com/vijay_dhamu"
"436",1,"RT @ChennaiTimesTOI: #Vijay gifts gold coin to more than 250 people on the set of #Puli http://t.co/fc62FwqTtu","https://twitter.com/ashokpraveen7"
"447",1,"RT @MessiahFdn: #QuoteoftheDay 'Stop the race for declaring your individual religion the best.' - His Divine Eminence RA Gohar... http://t.â¦","https://twitter.com/vijay_gohar"
"451",1,"RT @RaGoharShahi: #QuoteoftheDay 'Stop the race for declaring your individual religion the best.' - His Divine Eminence RA Gohar... http://â¦","https://twitter.com/vijay_gohar"
"455",1,"RT @aasthacomputers: IMF cuts global growth outlook, calls for accommodative policy  http://t.co/rda3zcVYgQ","https://twitter.com/vijay_kaneria"
"458",1,"RT @mehdifoundation: #QuoteoftheDay 'Stop the race for declaring your individual religion the best.' - His Divine Eminenceâ¦ http://t.co/Solâ¦","https://twitter.com/vijay_gohar"
"459",1,"#Vikram's #I beats #Vijay's #Kaththi collections http://t.co/quJL5Hn2Li #boxoffice #shankar #top","https://twitter.com/TamilStudios"
"460",2,"#Vijay gifts gold and laddu for #Puli team http://t.co/0HyPH6jPYy #chimbudevan #hansikamotwani #shruthihaasan #top","https://twitter.com/TamilStudios"
"461",1,"#Vijay to act in #Hollywood movie http://t.co/rVRpv5KNPn #top","https://twitter.com/TamilStudios"
"466",1,"RT @mehdifoundation: 'Stop the race for declaring your individual religion the best.' - His Divine Eminence RA Gohar Shahi http://t.co/6bD6â¦","https://twitter.com/vijay_gohar"
"467",1,"RT @mehdifoundation: #QuoteoftheDay 'Stop the race for declaring your individual religion the best.' - His Divine Eminence RA Gohar... httpâ¦","https://twitter.com/vijay_gohar"
"470",1,"@ETCBollywood @akshaykumar  great dubbing actor who remarks vijay movie and stay in Bollywood with out remake he is nothing","https://twitter.com/jacob_abhay"
"471",1,"RT @CricWizz: Now, who is being missed by India ?

On 250 par pitches, how valuable could have been an in-form anchor like Murali Vijay !

â¦","https://twitter.com/kartik_valipay"
"473",1,"RT @mehdifoundation: '#Stop the #race for #declaring your #individual #religion the #best.' - His Divine Eminence RA #GoharShahi http://t.câ¦","https://twitter.com/vijay_gohar"
"476",1,"RT @KalkiAvatarFdn: #QuoteoftheDay 'Stop the race for declaring your individual religion the best.' - His Divine Eminenceâ¦ http://t.co/XxwVâ¦","https://twitter.com/vijay_gohar"
"477",1,"RT @KalkiAvatarFdn: #QuoteoftheDay 'Stop the race for declaring your individual religion the best.' - His Divine Eminence RA Gohar... http:â¦","https://twitter.com/vijay_gohar"
"482",1,"RT @rafu007: #ISIS executes 13 football fans for watching Iraq play Jordan on TV in Islamist-controlled Mosul http://t.co/3zETxxHyYM #ISIL â¦","https://twitter.com/vijay_gohar"
"490",1,"@paivijay vijay pai How to free #Islam from #radicalism? Read here: http://t.co/SDAFNSOT3y","https://twitter.com/islamrevisited6"
"491",1,"Dhawan , Rayadu , Yadaav are extra baggage right now
Vijay, Tiwari and Mohit/Kulkarni need to come in
#INDvsENG","https://twitter.com/ShaantanuSinha"
"493",1,"team india would have been better served by VIJAY rather than the 3rd spinner in the side","https://twitter.com/aashishkapoor71"
"496",2,"#vijay's immense love to his supporters- Gifts Gold coin to #Puli team http://t.co/oadcLiCt3W http://t.co/5kmSqKfsSq","https://twitter.com/freelancer11"
"498",2,"RT @rafu007: The image of His Divine Eminence on the Moon can perform any miracle. We invite you and encourage youâ¦ http://t.co/JuGRjaHfWv","https://twitter.com/vijay_gohar"
"514",3,"@ASUSIndia #EeeBook  #GoSleeek @AleeshaGupta @ekpaglichori do you like Rann Vijay .. do u like sleek books? go for it","https://twitter.com/myscribblings"
"522",1,"RT @ChennaiTimesTOI: #Vijay gifts gold coin to more than 250 people on the set of #Puli http://t.co/fc62FwqTtu","https://twitter.com/manikandanars"
"523",1,"@Vijay_cjv thank u","https://twitter.com/udayakanth2"
"531",1,"@s_navroop Satish U also tweeted today that BJP will under KB. yesterday Vijay Goel had supported KB.","https://twitter.com/dhanu_lagna"
"543",1,"#MuraliVijay opening only Gaved us good start for all 4 tests in Aus. So in Odi without Vijay India struggling to get a good Start @BCCI","https://twitter.com/manikandanars"
"551",2,"RT @dexilsam: Flexes by Vijay anna fans in trivandrum  supporting the historic event in Kerala ""Run Kerala Run""  #Ilayathalapathy http://t.â¦","https://twitter.com/euniverse800"
"556",2,"RT @sudhirchaudhary: The happiest people donât have the best of everything, they just make the best of everything.","https://twitter.com/insha_vijay"
"558",1,"RT @MSGTheFilm: Drug Abuse has destroyed creative power of millions of youth. #MSGMegaMovie is here to take control #BanDrugsNotMSG http://â¦","https://twitter.com/insha_vijay"
"563",1,"Google confirms it is working on Glass 2: Google has confirmed it is actually working on an upgraded Google Glass 2. http://t.co/MHlq0uuuYt","https://twitter.com/vijay_sharma86"
"564",2,"Would have been better to have Murali Vijay holding one end in ODIs. Dhawan has been given enough chances. #INDvsENG #cricket #India","https://twitter.com/SirKaustic"
"586",2,"RT @dexilsam: Flexes by Vijay anna fans in trivandrum  supporting the historic event in Kerala ""Run Kerala Run""  #Ilayathalapathy http://t.â¦","https://twitter.com/lovelyPOPZY"
"612",1,"RT @ChennaiTimesTOI: #Vijay gifts gold coin to more than 250 people on the set of #Puli http://t.co/fc62FwqTtu","https://twitter.com/msuganth"
"615",2,"RT @dexilsam: Flexes by Vijay anna fans in trivandrum  supporting the historic event in Kerala ""Run Kerala Run""  #Ilayathalapathy http://t.â¦","https://twitter.com/Pradeep4fun"
"620",1,"RT @CricWizz: Now, who is being missed by India ?

On 250 par pitches, how valuable could have been an in-form anchor like Murali Vijay !

â¦","https://twitter.com/GuzzlersInc"
"622",2,"Flexes by Vijay anna fans in trivandrum  supporting the historic event in Kerala ""Run Kerala Run""  #Ilayathalapathy http://t.co/30CxiJJWVP","https://twitter.com/dexilsam"
"639",1,"RT @sri50: #Puli update - #IlayathalapathyVijay gifts gold coin 2 all 265 unit members of film on Pongal day.The shooting is taking place iâ¦","https://twitter.com/vijay_1079"
"650",1,"RT @VijayFansCircle: European firm has reportedly expressed interest to cast #Vijay in the lead role of an English film

http://t.co/UnRcynâ¦","https://twitter.com/sarathvn94"
"656",1,"Lol classic @Dame_Lillard âï¸","https://twitter.com/vijay_hindu24"
"657",1,"RT @ChennaiTimesTOI: #Vijay gifts gold coin to more than 250 people on the set of #Puli http://t.co/fc62FwqTtu","https://twitter.com/RajeshRSingam"
"658",1,"@lovelyPOPZY vijay anna vename..vijay enku mama di..naan avare  rombe love pandren pllzzz change","https://twitter.com/bunbaby1"
"659",1,"RT @ImRahulSharma3: Thanks Vijay Bhai and specially @anilkumble1074 my guru Anil Bhai thanks for given me ur time .god bless u always. httpâ¦","https://twitter.com/SKGadiwale"
"662",1,"RT @ImRahulSharma3: Thanks Vijay Bhai and specially @anilkumble1074 my guru Anil Bhai thanks for given me ur time .god bless u always. httpâ¦","https://twitter.com/SpoGuerillaLIVE"
"666",1,"Thanks Vijay Bhai and specially @anilkumble1074 my guru Anil Bhai thanks for given me ur time .god bless u always. http://t.co/8ZMWro3Ech","https://twitter.com/ImRahulSharma3"
"670",1,"to train circus buffons. The illustrious products from that academy are Manish Tewary, Abishek Singhvi, Mani Sankar, Dig Vijay","https://twitter.com/lasimhan"
"671",1,"Now, who is being missed by India ?

On 250 par pitches, how valuable could have been an in-form anchor like Murali Vijay !

#ausvind","https://twitter.com/CricWizz"
"686",1,"@themohitgulati The most Lol! moment of the episode
Krshma: Main to tumhare bare mein sochti ho...grin emoticon
Gautam: So do you love me?","https://twitter.com/vijay_kshitij"
"689",1,"RT @ChennaiTimesTOI: #Vijay gifts gold coin to more than 250 people on the set of #Puli http://t.co/fc62FwqTtu","https://twitter.com/PriyaVidhya"
"692",1,"RT @ChennaiTimesTOI: #Vijay gifts gold coin to more than 250 people on the set of #Puli http://t.co/fc62FwqTtu","https://twitter.com/ALANKGF"
"693",1,"NZ will win this. Good fightback by Williamson.","https://twitter.com/Vijay_SRK"
"694",1,"RT @ChennaiTimesTOI: #Vijay gifts gold coin to more than 250 people on the set of #Puli http://t.co/fc62FwqTtu","https://twitter.com/Harimhs49"
"699",3,"This Is why i love him.. (Y) pure soul :D awesome personality :) 

#VerifyGautamGulati http://t.co/JP2IqQG9jA","https://twitter.com/vijay_kshitij"
"707",1,"RT @24x7_cinema: @Vijay_cjv gifts gold coin to more than 250 people on the sets of #Puli í ½í±
#Ilayathlapathy #Vijay #Puli #PongalGift http://â¦","https://twitter.com/Prasath_Nila"
"712",1,"RT @ChennaiTimesTOI: #Vijay gifts gold coin to more than 250 people on the set of #Puli http://t.co/fc62FwqTtu","https://twitter.com/Arun_caddy"
"713",2,"@msdhoni ..Sehwag and @GautamGambhir and vijay are the best openers than Shikhar dhawan!! Street boys play better than Dhawan","https://twitter.com/NainilG"
"716",1,"Thanks 4 helping Raju @Vijay_Amritraj Plz help Lolita, imprisoned for 44yrs, retire 2! Funds needed: http://t.co/Ik2iu6F8pw #marchforLolita","https://twitter.com/vazessa"
"720",1,"RT @GargiRawat: And the new tiger numbers are 2226! That's fantastic #tiger #climate #India http://t.co/fLToiyM85S","https://twitter.com/Vijay_SRK"
"723",1,"RT @ChennaiTimesTOI: #Vijay gifts gold coin to more than 250 people on the set of #Puli http://t.co/fc62FwqTtu","https://twitter.com/KingsNavas"
"724",1,"RT @happensinindia: @Swamy39 Letter to Rajiv Gandhi by Jagmohan. The case of the Kashmiri Pandits bears eloquent testimony to this fact. htâ¦","https://twitter.com/vijay_rajan"
"727",1,"@skpkaruna vijay is definitely a better player. @get2karthik","https://twitter.com/n_shekar"
"733",1,"RT @ChennaiTimesTOI: #Vijay gifts gold coin to more than 250 people on the set of #Puli http://t.co/fc62FwqTtu","https://twitter.com/srini_mudaliar"
"735",1,"RT @ChennaiTimesTOI: #Vijay gifts gold coin to more than 250 people on the set of #Puli http://t.co/fc62FwqTtu","https://twitter.com/ThuppakkiGani"
"737",1,"RT @ChennaiTimesTOI: #Vijay gifts gold coin to more than 250 people on the set of #Puli http://t.co/fc62FwqTtu","https://twitter.com/siva_bhuvan"
"742",1,"RT @ChennaiTimesTOI: #Vijay gifts gold coin to more than 250 people on the set of #Puli http://t.co/fc62FwqTtu","https://twitter.com/RNitheez"
"743",1,"RT @KicchaSudeep: Hope all u frnzz out the doin gud,,,Wrkn wth Vijay n team has been an awesome experience so far..Enjoying th character asâ¦","https://twitter.com/pradeevrebel"
"746",1,"RT @ChennaiTimesTOI: #Vijay gifts gold coin to more than 250 people on the set of #Puli http://t.co/fc62FwqTtu","https://twitter.com/deepaknrn"
"747",1,"#Vijay gifts gold coin to more than 250 people on the set of #Puli http://t.co/fc62FwqTtu","https://twitter.com/ChennaiTimesTOI"
"757",1,"â¨í ¼í¼¹â¨
@Vijaytiwari1611 í ½í¸í ¼í¼ºí ¼í¾¼
Awwwhhhhh thanks Vijay!
...another amazing song from this movie!
Really looking forward to seeing it now!
â¨í ¼í¼¹â¨","https://twitter.com/TheBelaKantaria"
"761",1,"@oneplus thanks to @Vijay_Pahwa to make me confident to buy one plus one and @_Subhasis_","https://twitter.com/ashishkumaraks"
"762",1,"RT @elkay14: #thupakki is d 1st movie in #India 2 talk abt #sleepercells functionin ,a bold subjct by @ARMurugadoss. #mass hero #Vijay, #vjâ¦","https://twitter.com/Iniyaraj2"
"765",1,"RT @elkay14: #thupakki is d 1st movie in #India 2 talk abt #sleepercells functionin ,a bold subjct by @ARMurugadoss. #mass hero #Vijay, #vjâ¦","https://twitter.com/karthick599"
"766",1,"â¨í ¼í¼¹â¨
@Vijaytiwari1611 í ½í¸í ¼í¼ºí ¼í¾¼
Thank you Vijay! I wish you a beautiful week too!
â¨í ¼í¼¹â¨","https://twitter.com/TheBelaKantaria"
"770",2,"@vijay_rajan ahaaa I'm a Muslim student from the deepest corner of India and unsurprisingly I love my country more than you love your mother","https://twitter.com/iali4576"
"771",1,"@ranga_swamy Dhwan giving feeling that Vijay would have been better choice","https://twitter.com/sumanthagowda"
"774",1,"RT @elkay14: #thupakki is d 1st movie in #India 2 talk abt #sleepercells functionin ,a bold subjct by @ARMurugadoss. #mass hero #Vijay, #vjâ¦","https://twitter.com/ThalapathyFan1"
"777",1,"You @iali4576 seem to be from the islamist soft wing of ISI to question Hindu leaders. @ArunodayM @ibnlive @Swamy39","https://twitter.com/vijay_rajan"
"779",1,"@thekiranbedi join hands with mdc ??? welcome with vijay goel","https://twitter.com/casarojajoshi"
"780",1,"RT @elkay14: #thupakki is d 1st movie in #India 2 talk abt #sleepercells functionin ,a bold subjct by @ARMurugadoss. #mass hero #Vijay, #vjâ¦","https://twitter.com/ThuppakkiGani"
"781",1,"RT @elkay14: #thupakki is d 1st movie in #India 2 talk abt #sleepercells functionin ,a bold subjct by @ARMurugadoss. #mass hero #Vijay, #vjâ¦","https://twitter.com/AllYGirL85"
"782",1,"RT @elkay14: #thupakki is d 1st movie in #India 2 talk abt #sleepercells functionin ,a bold subjct by @ARMurugadoss. #mass hero #Vijay, #vjâ¦","https://twitter.com/cpraveenk"
"785",1,"@rakshitmalhotra Uthapa, Murali Vijay.. fine batsmen .. why Team India have to suffer like this? #INDvsENG Common Sense!","https://twitter.com/Alig2x"
"787",1,"RT @elkay14: #thupakki is d 1st movie in #India 2 talk abt #sleepercells functionin ,a bold subjct by @ARMurugadoss. #mass hero #Vijay, #vjâ¦","https://twitter.com/viluarun"
"789",1,"RT @elkay14: #thupakki is d 1st movie in #India 2 talk abt #sleepercells functionin ,a bold subjct by @ARMurugadoss. #mass hero #Vijay, #vjâ¦","https://twitter.com/LaVanYaVJAddict"
"790",1,"RT @elkay14: #thupakki is d 1st movie in #India 2 talk abt #sleepercells functionin ,a bold subjct by @ARMurugadoss. #mass hero #Vijay, #vjâ¦","https://twitter.com/srijai980"
"791",1,"#INDvsENG selectors &amp; Dhoni need a kick in their rear &amp; Iam glad they are getting it! Vijay nt included &amp; jokers who can't play included!","https://twitter.com/Bmdsuccess"
"796",2,"#thupakki is d 1st movie in #India 2 talk abt #sleepercells functionin ,a bold subjct by @ARMurugadoss. #mass hero #Vijay, #vj ur innovative","https://twitter.com/elkay14"
"798",2,"â¨í ¼í¼¹â¨
@Vijaytiwari1611 í ½í¸í ¼í¼ºí ¼í¾¼
Yes, it's very soulful Vijay. They have great onscreen chemistry as well...
â¨í ¼í¼¹â¨","https://twitter.com/TheBelaKantaria"
"804",1,"Vijay gifts gold coin to the entire Puli unit!
http://t.co/12ufoS38TA #Ilayathalapathy #Puli #Vijay #Hansika #ShrutiHaasan #ChimbbuDevan","https://twitter.com/Tamilcinema24"
"814",1,"@BCCI Dear sir please replace R Uttapa or M Vijay to S Dawan place S Dawan is not good for team please","https://twitter.com/ARUJAN14"
"815",1,"@BCCI that's why yuvi and vijay were a better choice than dhawan and rayudu","https://twitter.com/tarunkatna"
"822",1,"A new favorite: Kiesza - Hideaway (Ben Howard Cover) Vijay &amp; Sofia Zlatko Remix by @VijaySofia https://t.co/UxU96PBtF7 on #SoundCloud","https://twitter.com/sophdid"
"827",1,"RT @Suppandi: ""The trouble with being punctual is that nobody's there to appreciate it."" :(","https://twitter.com/vijay_zenith"
"828",1,"Vijay gifts gold coin to the entire Puli unit!
http://t.co/j8l8fmpIvo #Ilayathalapathy #Puli #Vijay #Hansika #ShrutiHaasan #ChimbbuDevan","https://twitter.com/tamilcinema24_"
"846",3,"RT @AllAboutVijay: fans and will also have the necessary massy elements to keep all Vijay fans pumped up. I am sure you will love it. (3/3)â¦","https://twitter.com/EsaiSachin84"
"852",1,"@Atlee_dir Your really gifted 2 get ur second movie wit vijay, give ur bestttt ATB #Vijay59 pls announce the actress soon we are w8ng!","https://twitter.com/Anythng4Vj"
"864",1,"@arpitraha I'd still have Dhawan in the squad as well. But I'd def have Vijay ahead of him.","https://twitter.com/IndiaInOz"
"866",1,"RT @KOLLYupdates: #vijay currently shotting at Thalakonam for #Puli and he surprised the entire unit by gifting the gold coin,thirupathi laâ¦","https://twitter.com/i_Am_Pradeep_"
"871",1,"@lovelyPOPZY Wooow vijay mass's super umma í ½í¸í ½í¸í ½í¸","https://twitter.com/ssatheesh378"
"875",1,"RT @VTLTeam: #Vijay59 will have the necessary massy elements to keep all #Vijay fans pumped up- @gvprakash","https://twitter.com/kedi_sunil"
"878",1,"RT @Raptors: Retweet this to VOTE Kyle Lowry and for a chance to win a signed jersey, playoff tickets and more! #NBABallot #RTZ http://t.coâ¦","https://twitter.com/Vijay__d"
"880",1,"RT @Thalapathy_007: Sarathkumar in KWDD : After Superstar Rajni next Superstar is Vijay .. It's not like comparing Vijay with Rajni But Aftâ¦","https://twitter.com/rafitiger786"
"898",1,"RT @Nixonnoel: I liked a @YouTube video from @dayavjfan http://t.co/FfUGFz5fZP SarathKumar Sir About IlayaThalapathy Vijay","https://twitter.com/rafitiger786"
"903",1,"RT @MovifiedTamil: Wow, @ThisIsDSP says he is composing peppy songs for #IlayaThalapathy #Vijay #Puli which will attract all age groups httâ¦","https://twitter.com/Anithasvjsis"
"904",1,"Murli Vijay would have been a better fit than Dhawan.","https://twitter.com/vanillawallah"
"905",2,"RT @IndiaInOz: Hey Vijay, just a reminder - this is a side you were deemed not good enough to be in, lol! 

#IndVsEng #ENGvIND #cwc15 #TriSâ¦","https://twitter.com/denzilmartin05"
"906",1,"RT @MovifiedTamil: Wow, @ThisIsDSP says he is composing peppy songs for #IlayaThalapathy #Vijay #Puli which will attract all age groups httâ¦","https://twitter.com/AllYGirL85"
"909",1,"RT @KollywudCinema: #Ilayathalapathy #Vijay going to Rock in Hollywood Soon. Retweet if your excited - Malaimurasu http://t.co/uxNU62lXPy","https://twitter.com/IPaulraj"
"910",2,"RT @IndiaInOz: Hey Vijay, just a reminder - this is a side you were deemed not good enough to be in, lol! 

#IndVsEng #ENGvIND #cwc15 #TriSâ¦","https://twitter.com/CWCWatch"
"911",2,"Hey Vijay, just a reminder - this is a side you were deemed not good enough to be in, lol! 

#IndVsEng #ENGvIND #cwc15 #TriSeries","https://twitter.com/IndiaInOz"
"917",3,"RT @AllAboutVijay: fans and will also have the necessary massy elements to keep all Vijay fans pumped up. I am sure you will love it. (3/3)â¦","https://twitter.com/rafitiger786"
"919",2,"Reverse innovation is a big opportunity for India Inc: Vijay Govindarajan ... - Economic Times http://t.co/FYNOq5KnSs #innovation","https://twitter.com/AhaYourself"
"921",1,"RT @MovifiedTamil: Wow, @ThisIsDSP says he is composing peppy songs for #IlayaThalapathy #Vijay #Puli which will attract all age groups httâ¦","https://twitter.com/love_cjv"
"922",1,"RT @MovifiedTamil: Wow, @ThisIsDSP says he is composing peppy songs for #IlayaThalapathy #Vijay #Puli which will attract all age groups httâ¦","https://twitter.com/VijayfansTN"
"929",1,"@bhogleharsha Murali Vijay is far  better batsman than Shikhar Dhawan","https://twitter.com/an_anjum"
"934",3,"RT @AllAboutVijay: fans and will also have the necessary massy elements to keep all Vijay fans pumped up. I am sure you will love it. (3/3)â¦","https://twitter.com/dexilsam"
"949",1,"@aditi0703 No in ODI and WC.  i feel he doesn't deserve a place in the team at least in these conditions. Ppl like vijay are missing out.","https://twitter.com/vagison"
"951",2,"@iamrizkhan8970 @item_boyy @Chandmouliman @laxman219 @surrealzakir @Vijay_YD Lol praises All anta ..SRK fans are genuine antaaru Meeru í ½í¸í ½í¸","https://twitter.com/cinema_babu"
"955",1,"@sanjaymanjrekar R india looking 4 opening optionsshikhar dhawan struggling,rahane still need to improve his numbers opening,no murali vijay","https://twitter.com/gautam0509"
"965",1,"@StarSportsIndia Vijay should have been selected because of his current from in tests. Rohit and Vijay would give a very steady start.","https://twitter.com/RoaiArjun"
"966",3,"RT @AllAboutVijay: fans and will also have the necessary massy elements to keep all Vijay fans pumped up. I am sure you will love it. (3/3)â¦","https://twitter.com/RajeshRSingam"
"968",1,"@bhogleharsha Shikrdhawan consistently faild d whol year, somethn needs 2b done if india wan reach round2 of wldcup, murli vijay betr option","https://twitter.com/devangvedant"
"969",1,"Too much of chances for Dhawan.. Sanju Samson/Gambir/Vijay/Sehwag could have been better choice for world cup #AusvInd","https://twitter.com/SoonaaPaanaa"
"970",1,"@StarSportsIndia Vijay would have given a steady start to the innings. Also he can be brutal when it matters. An ideal opener in Australia.","https://twitter.com/RoaiArjun"
"971",1,"@CricketNDTV Shikrdhawan consistently faild d whol year, somethn needs 2b done if india wan reach round 2 of wldcup, murli vijay betr option","https://twitter.com/devangvedant"
"973",1,"@item_boyy @chandmouliman follow them @laxman219 @surrealzakir @cinema_babu n mainga ee anna ni follow avvu best guy @vijay_yd","https://twitter.com/iamrizkhan8970"
"974",1,"@StarSportsIndia Vijay is a excellent fielder too.","https://twitter.com/SGopan"
"977",1,"@bhogleharsha India will be missing Vijay's rich form.","https://twitter.com/meprdp"
"978",2,"RT @behindwoods: #Vijay59 has enough to keep the fans pumped up

#Ilayathalapathy #Vijay #GVPrakash

http://t.co/AFdtO3opC8 http://t.co/s1fâ¦","https://twitter.com/parames2591"
"987",1,"RT @andrewlower: Reverse innovation is a big opportunity for India Inc: Vijay Govindarajan, Harvard Business School: 'Reverse i... http://tâ¦","https://twitter.com/D_ThoughtLeader"
"992",1,"@RohitVBhardwaj anyway just for ur info,,mahabharath in star vijay is going on right now,,it's the Tamil dubbed version ...","https://twitter.com/Sangeetha78V"
"995",1,"@BCCI Shikrdhawan consistently faild d whol year, somethn needs 2b done if india wan reach round 2 of woldcup, murli vijay a betr option","https://twitter.com/devangvedant"
"997",2,"@BCCI act before it's too late. Bring Vijay in. To win WC need to send a technically sound opener like Vijay to open the innings.","https://twitter.com/RoaiArjun"
"1000",1,"Reverse innovation is a big opportunity for India Inc: Vijay Govindarajan, Harvard Business School: 'Reverse i... http://t.co/GDpbeV1R7G","https://twitter.com/andrewlower"
"1002",1,"@ibnlive Shikrdhawan consistently faild d whol year, somethn needs 2b done if india wan reach round 2 of woldcup, murli vijay a betr option","https://twitter.com/devangvedant"
"1005",1,"RT @thatdidnot: The New Years resolutions are not going well. http://t.co/xM04kgasiV","https://twitter.com/Vijay_Mevada"
"1008",1,"RT @chrismcquarrie: Iâll accept any posthumous assessment of my work so long as I can live to see it.","https://twitter.com/Vijay_Mevada"
"1010",1,"RT @VTLTeam: #Vijay59 will have the necessary massy elements to keep all #Vijay fans pumped up- @gvprakash","https://twitter.com/sivavj8"
"1016",1,"@madmanhawk @coldnemesis clearly.and i mean out of 15.Vijay will be better bet","https://twitter.com/iceman1257"
"1019",1,"RT @VTLTeam: #Vijay59 will have the necessary massy elements to keep all #Vijay fans pumped up- @gvprakash","https://twitter.com/LaVanYaVJAddict"
"1026",1,"RT @VTLTeam: #Vijay59 will have the necessary massy elements to keep all #Vijay fans pumped up- @gvprakash","https://twitter.com/Mahesh_bhaktudu"
"1027",2,"@sushmeeetha Oh alright... good luck","https://twitter.com/Vijay_SRK"
"1039",1,"@Swamy39 @Pranav_Kelkar Sir as part of the renaissance, many in VHSIndia would like to stop corruption in temples. Please guide us.","https://twitter.com/vijay_rajan"
"1045",1,"RT @PreetiBhuyan: @rakenth yeah they need to figure out their opening combination. Vijay would have been a better choice.","https://twitter.com/Prtk_Live"
"1052",1,"RT @Swamy39: @Pranav_Kelkar : I never claimed that Hindu shashtras do not require rectification--that is the meaning of renaissance. But acâ¦","https://twitter.com/vijay_rajan"
"1058",1,"Way back in Feb of 2014, you said BJP should induct @thekiranbedi &amp; @Gen_VKSingh . The chief strategist Dr  @Swamy39 is right by months.","https://twitter.com/vijay_rajan"
"1060",2,"RT @cinimart: In current situation all top hero movies which performs good in box office can easily gross 100cr. #Rajini #Vijay #Suriya #Ajâ¦","https://twitter.com/Tamil_anjaan"
"1069",1,"India has been way too lenient with Dhawan. Murli Vijay could have been a better prospect for the #WorldCup2015 #INDvsENG","https://twitter.com/adnanuddin24"
"1078",1,"@Vijay_cjv gifts gold coin to more than 250 people on the sets of #Puli í ½í±
#Ilayathlapathy #Vijay #Puli #PongalGift http://t.co/ryig8KooIa","https://twitter.com/24x7_cinema"
"1079",1,"'Make in India' fuelling reverse innovation http://t.co/bEkrNG6gDK local contexts,consumers &amp; resources a big opportunity #India #Innovation","https://twitter.com/pujakohli2"
"1088",2,"Anderson made Shikhar Dhawan look like a school boy. He is technically ill equipped to deal quality fast bowling. Murli Vijay needed.@BCCI","https://twitter.com/SinghPramod2784"
"1089",1,"@StarSportsIndia Murali vijay should have been there.  Man in form and has done well in one day and t20.","https://twitter.com/SGopan"
"1092",1,"@bhogleharsha I think Murali Vijay should have been chosen ahead of dhawan. Vijay has scored in tests wheras dhawan has flopped consistently","https://twitter.com/Livingstone5657"
"1093",1,"You take Binny for swinging conditions? Then why plan Dhawan on it? Vijay would be a better option. #IndvEng","https://twitter.com/vinoth_vishy"
"1098",1,"Robin Uthappa/Murali Vijay would have been an ideal option for 3rd opener. No one named in WC Squad","https://twitter.com/SelvaSRT"
"1101",1,"Shikar Dhawan testing the best of patience .. still feel india made a mistake by not picking murli Vijay... in these conditions...","https://twitter.com/TeenDoPaanch"
"1105",1,"@msiddhardh yeah vijay could have been way better specially after the test series he had.","https://twitter.com/chintan331987"
"1114",1,"@BBCSport @bhogleharsha @BCCI Why send Murali Vijay back after a successful test series &amp; keep Dhawan?í ½í¸ 
#Ridiculous 
#IndvEng","https://twitter.com/AnilS129"
"1117",1,"RT @amancard431: If India wish to qualify for semifinals this WC..Drop Dhawan and Binny out and bring Vijay and Yuvi in.#INDvsENG #cwc15 #Tâ¦","https://twitter.com/CWCWatch"
"1118",1,"If India wish to qualify for semifinals this WC..Drop Dhawan and Binny out and bring Vijay and Yuvi in.#INDvsENG #cwc15 #TriSeries","https://twitter.com/amancard431"
"1119",2,"@PreetiBhuyan Vijay's ODI record isn't great. But yeah, going by form, he wud hv been a better option. Backup to Rohit-Rahane.","https://twitter.com/rakenth"
"1127",1,"@rakshitmalhotra Dhawan ki kia parchi hai ? #INDvsENG Murali Vijay is better than him","https://twitter.com/Alig2x"
"1129",1,"How I wish í ¼í¼  M.Vijay was available.. #CWC2015 #Australia","https://twitter.com/salexprabu"
"1135",1,"@rakenth yeah they need to figure out their opening combination. Vijay would have been a better choice.","https://twitter.com/PreetiBhuyan"
"1139",1,"@owais_asif happy birthday my nigha!","https://twitter.com/Vijay__d"
"1144",1,"Node.js concepts with vijay songs perfect combo for me... #MorningBliss","https://twitter.com/a6unn"
"1145",1,"@IdiotsUs He needed this to gain necessary reason.","https://twitter.com/Vijay_Mevada"
"1149",1,"@IdiotsUs He was like, give 100% to whatever you do. Be it your efforts or opening that valve.","https://twitter.com/Vijay_Mevada"
"1150",2,"@BCCI good u will get a good learn from it. Don't take man in form Vijay,take Stupid Dhawan.Dont take brilliant Yuvi,take fatty binny.Fuck!!","https://twitter.com/KarmakerNiloy"
"1153",1,"Now everyone will feel like Vijay should have been the one in place of dhawan atleast in this tri series!","https://twitter.com/_IamPrasanna"
"1154",1,"Dhawan is now writing a case for dropping him from the starting XI. Wonder if replacing him in the XV with Vijay may be more prudent","https://twitter.com/SidKumarSingh"
"1164",1,"Drop Dhawan from the world cup squad asap. Give the injury reason and get a proper replacement, Vijay would fit perfect! #IndvEng","https://twitter.com/Prasadnaks"
"1174",2,"RT @behindwoods: #Vijay59 has enough to keep the fans pumped up

#Ilayathalapathy #Vijay #GVPrakash

http://t.co/AFdtO3opC8 http://t.co/s1fâ¦","https://twitter.com/babufire007"
"1182",1,"And that's precisely why I thought India should have had Vijay in the word cup 15.
#ENGvIND","https://twitter.com/Ashant_Sharma"
"1184",1,"@ibnlive Why is Dhawan getting so many chances n not Yuvi or Vijay??? He is clearly out of form..","https://twitter.com/arnabcool07"
"1188",1,"While Dhawan is at Brisbane, he might as well get injured in nets &amp; make room for Murali Vijay in world cup squad #outofsorts #ENGvIND","https://twitter.com/Rohan7092"
"1190",1,"@msdhoni @BCCI Shikhar Dhawan just doesn't have technique 2 cope quality fast bowling on bouncy tracks. M Vijay brings solidity as opener.","https://twitter.com/vinodpatil31"
"1193",2,"Shikhar gone again for nothing. In order to have stability at top murali vijay should have been there.","https://twitter.com/SGopan"
"1196",1,"Murali Vijay is better than Dhawan ! #INDvsENG #TriSeries #Cricket","https://twitter.com/Alig2x"
"1200",1,"RT @KollywudCinema: #Ilayathalapathy #Vijay going to Rock in Hollywood Soon. Retweet if your excited - Malaimurasu http://t.co/uxNU62lXPy","https://twitter.com/anandrockzz001"
"1208",1,"@ScorpiusMaximus - Well I have seen BJP from ML Khurana to Vijay Malhotra/ Goel. They were not able to do anything. But still hopeful.","https://twitter.com/RohitRudraJohri"
"1210",1,"RT @centerofright: Conversions happen like this too - AbuDhabi Jail authorities convert punjab dalits,baiting them with lower sentences httâ¦","https://twitter.com/mr_vijay_singh"
"1213",1,"RT @atulkasbekar: Dear @davidwarner31 
There are more people that speak better 'ENGLISH' in my country than they do on your island.
Mate","https://twitter.com/vijay_kumbhoje"
"1217",2,"@SumukhNaik @sarkar_swati Destruction is easy job, Creation require planning, patience and hard work","https://twitter.com/mr_vijay_singh"
"1220",1,"@arun02ak31 @dineshdnani @venesha3 @geoinsys_anand @im_thiya @uthayakumar123 @Charming_Vijay Wowww annaaa!!!!! Very good morning!!!!","https://twitter.com/karthikabka731"
"1221",1,"why was dog vijay sing silent upto now ?","https://twitter.com/prabhulingaa"
"1225",1,"RT @itisprashanth: Rajini,  kamal,  vijay and now vikram in the elite 100 crore club. He totally deserves it for all his hard work. #I","https://twitter.com/aravinthaxon"
"1226",2,"RT @cinimart: In current situation all top hero movies which performs good in box office can easily gross 100cr. #Rajini #Vijay #Suriya #Ajâ¦","https://twitter.com/satisSurya"
"1228",3,"RT @AllAboutVijay: fans and will also have the necessary massy elements to keep all Vijay fans pumped up. I am sure you will love it. (3/3)â¦","https://twitter.com/lokesh23245"
"1231",1,"@_youhadonejob Dualism at its best.","https://twitter.com/Vijay_Mevada"
"1232",1,"@sidmallya @avin_46 hi . Sid mallya contact to Dr. vijay mallya sir in important discussion in the fly kingfisher airlines.","https://twitter.com/pjay673"
"1237",2,"@strange_signs If it's Dull and Boring, driving vehicles safely is highly recommended.","https://twitter.com/Vijay_Mevada"
"1243",2,"@MadhaKajaRaja @realsarathkumar Hw many celebs knew half of vijay fans changed to SK fans !!","https://twitter.com/sudharson007"
"1256",1,"Most people are parasites. Their favorite method is to obligate you to support them and their crazy notions... http://t.co/RBP9rjBWJj","https://twitter.com/deathmetalcult"
"1257",2,"RT @OnlyKollywood: #IlayaThalapathy #Vijay proves his magnanimous spirit again! 

Read here http://t.co/z3UuhiHjdk | #Puli @Vijay_cjv http:â¦","https://twitter.com/MaNaSAhMeD6"
"1258",1,"RT @InnovationAtoZ: Reverse innovation is a big opportunity for India Inc: Vijay Govindarajan, Harvard Business School - The Ec... http://tâ¦","https://twitter.com/D_ThoughtLeader"
"1266",1,"Death Command by Vijay Kumar Pagadala http://t.co/XsqiLb3CUE A retired sniper's, ordered to take up a job he did not like, an #books #novels","https://twitter.com/ReadersGazette"
"1268",1,"RT @Heytamilcinema: Heytamilcinema Online Awards 2014

Favourite hero - #Ilayathalapathy #Vijay 

Poll Link : http://t.co/bAqKTaDeEK http:/â¦","https://twitter.com/SATHISHSDBOSS"
"1269",1,"@nandi_harika very good morning harika ji :)","https://twitter.com/vijay_sagiraju"
"1275",1,"RT @dramoly: Delhi BJP didn't have a honest leader to fight AAP ? ... Last election they kicked out vijay goel and brought Harshu.. now kirâ¦","https://twitter.com/krishan_75"
"1277",1,"RT @itisprashanth: Rajini,  kamal,  vijay and now vikram in the elite 100 crore club. He totally deserves it for all his hard work. #I","https://twitter.com/MaNaSAhMeD6"
"1278",1,"@realsarathkumar 
Have a wonderful day ahead
 í ½í¸","https://twitter.com/vijay_saravan"
"1294",1,"Vijay used to be cool","https://twitter.com/LeftFootPoet"
"1306",2,"#Vijay59 has enough to keep the fans pumped up #Ilayathalapathy #Vijay #GVPrakash http://t.co/wHhsWF2ouC http://t.co/whi1zVNjyk""","https://twitter.com/pravinkumar2451"
"1311",1,"@KroosAssist am delighted vijay","https://twitter.com/barcabuns"
"1318",1,"@SK_Bagga All the best Bagga ji. Vijay chowk reminded me of radhapuri. Have spent summer vacations there.","https://twitter.com/an_a_nd"
"1323",1,"Reverse innovation is a big opportunity for India Inc: Vijay Govindarajan, Harvard Business School - The Ec... http://t.co/GGTYqqUSHU","https://twitter.com/InnovationAtoZ"
"1329",1,"@JJ_Jenningss possibility you may like this https://t.co/PdvLf4RD20","https://twitter.com/trueveins"
"1330",1,"RT @khushsundar: ""@Ragunanthen: Best wishes for #Aambala as #Vijay fan @Vijay_cjv All the best #Vishal sir @VffVishal @khushsundar http://tâ¦","https://twitter.com/VijayAmith"
"1340",1,"I liked a @YouTube video from @abuvj http://t.co/KWr48H0Fv6 Vijay Talk About Vikram and Shankar Kappal Audio Launch","https://twitter.com/gopi_sankar"
"1342",1,"Some friendships likely to be UNREALIZED by acts of fans and fan clubs! 
1.Ajith-Vijay
2.CR7-Messi
3.Kobe-Lebron
#RIP http://t.co/gXx0wkFECw","https://twitter.com/mtharushihan"
"1344",1,"On #IndiaBiz Reverse innovation is a big opportunity for India Inc: Vijayâ¦ http://t.co/DKXqQLbd9y Get Leads -&gt; http://t.co/ny7h6lbfQk","https://twitter.com/indiabiznet"
"1345",2,"In current situation all top hero movies which performs good in box office can easily gross 100cr. #Rajini #Vijay #Suriya #Ajith #Kamal","https://twitter.com/cinimart"
"1350",2,"RT @behindwoods: #Vijay59 has enough to keep the fans pumped up

#Ilayathalapathy #Vijay #GVPrakash

http://t.co/AFdtO3opC8 http://t.co/s1fâ¦","https://twitter.com/Mokianew"
"1353",3,"RT @udayaTWEETS: GV on #Vijay59 ""There'll be at least 2 love songs that'll satisfy diehard romance fans, and also the massy elements to pumâ¦","https://twitter.com/RajeshRSingam"
"1354",1,"RT @itisprashanth: Rajini,  kamal,  vijay and now vikram in the elite 100 crore club. He totally deserves it for all his hard work. #I","https://twitter.com/PravinSmiley"
"1355",1,"@ndtv @abpnewstv @aajtak Where are heavy weight leaders of BJP like Satish Upadhyay,Vijay Goyal and Mukhi r they fade away in front of Kiran","https://twitter.com/chaturvedianu"
"1357",2,"RT @Lmkmoviemaniac: #Puli - #Vijay gifted the 260 odd team members a gold coin each &amp; also Thirupathi laddu as prasadam in celebration of Pâ¦","https://twitter.com/RajeshRSingam"
"1360",3,"fans and will also have the necessary massy elements to keep all Vijay fans pumped up. I am sure you will love it. (3/3) #Vijay59","https://twitter.com/AllAboutVijay"
"1364",2,"@suyyashrai n YOUR #MUSIC is our dose for happiness.. It's d reason fa my smile whn my mood is off.. Luvvv u suu.. as a SINGER d MOSTT!!","https://twitter.com/dishu_vijay"
"1374",1,"RT @KollywudCinema: #Ilayathalapathy #Vijay going to Rock in Hollywood Soon. Retweet if your excited - Malaimurasu http://t.co/uxNU62lXPy","https://twitter.com/AhamedHaleel"
"1379",1,"Reverse innovation is a big opportunity for India Inc: Vijay Govindarajan, Harvard Business School http://t.co/GcWYeguaQR #InnovaciÃ³n #...","https://twitter.com/Nuevalor"
"1382",1,"I may act in Bollywood movies too in future with the guidance of AR Murugadoss says, Vijay.","https://twitter.com/x_pandzi"
"1384",2,"RT @behindwoods: #Vijay59 has enough to keep the fans pumped up

#Ilayathalapathy #Vijay #GVPrakash

http://t.co/AFdtO3opC8 http://t.co/s1fâ¦","https://twitter.com/viluarun"
"1388",2,"RT @Lmkmoviemaniac: #Puli - #Vijay gifted the 260 odd team members a gold coin each &amp; also Thirupathi laddu as prasadam in celebration of Pâ¦","https://twitter.com/viluarun"
"1389",3,"RT @Lmkmoviemaniac: GV on #Vijay59 ""There'll be at least 2 love songs that'll satisfy diehard romance fans, and also the massy elements to â¦","https://twitter.com/viluarun"
"1390",1,"RT @AshikOnFire: ETO Reverse innovation is a big opportunity for India Inc: Vijay Govindarajan, Harvard Business School: The le... http://tâ¦","https://twitter.com/D_ThoughtLeader"
"1398",1,"@Actor_Vijay  thank u anna","https://twitter.com/sarans620"
"1400",1,"RT @itisprashanth: Rajini,  kamal,  vijay and now vikram in the elite 100 crore club. He totally deserves it for all his hard work. #I","https://twitter.com/shanthakumars"
"1402",1,"Reverse innovation is a big opportunity for India Inc: Vijay Govindarajan ... - Economic Times http://t.co/AnFjfw5so5 #and_innovation","https://twitter.com/nevoda"
"1412",3,"RT @udayaTWEETS: GV on #Vijay59 ""There'll be at least 2 love songs that'll satisfy diehard romance fans, and also the massy elements to pumâ¦","https://twitter.com/puththan"
"1413",1,"RT @itisprashanth: Rajini,  kamal,  vijay and now vikram in the elite 100 crore club. He totally deserves it for all his hard work. #I","https://twitter.com/aneezx"
"1416",1,"ETO Reverse innovation is a big opportunity for India Inc: Vijay Govindarajan, Harvard Business School: The le... http://t.co/yRnXK8nEtV","https://twitter.com/AshikOnFire"
"1418",1,"Reverse innovation is a big opportunity for India Inc: Vijay Govindarajan ... - Economic Times http://t.co/SfOKfV5N6Z #TEDxAsbury","https://twitter.com/TEDxAsburyPark"
"1427",2,"Thinking can be made easy... enjoyable... think Good Morning http://t.co/B2RvcwbYFA","https://twitter.com/vj2563"
"1429",1,"Very happy to have found this today.  â« Playlist one (Resonance) â Vijay Iyer, Cornelius Dufallo http://t.co/hfnLXZakVW #NowPlaying","https://twitter.com/ZenYenYaw"
"1430",1,"RT @VTLTeam: #Vijay59 will have the necessary massy elements to keep all #Vijay fans pumped up- @gvprakash","https://twitter.com/dhiyapalani07"
"1432",1,"RT @Lead_ership: Reverse innovation is a big opportunity for India Inc: Vijay Govindarajan, Harvard Business School http://t.co/qNQGgVXJNu","https://twitter.com/D_ThoughtLeader"
"1433",1,"RT @pascalrossini: Reverse innovation is a big opportunity for India Inc: Vijay Govindarajan, Harvard Business School: Reverse in... http:/â¦","https://twitter.com/D_ThoughtLeader"
"1434",1,"Reverse innovation is a big opportunity for India Inc: Vijay Govindarajan ... - Economic Times: Reverse innova... http://t.co/IB0X5zh7Yr","https://twitter.com/yourquestion"
"1437",1,"Reverse innovation is a big opportunity for India Inc: Vijay Govindarajan, Harvard Business School: 'Reverse i... http://t.co/PoxgiSlq1L","https://twitter.com/turnaround101"
"1438",1,"Reverse innovation is a big opportunity for India Inc: Vijay Govindarajan ... - Economic Times http://t.co/109gHxpS2a","https://twitter.com/Innovationepoch"
"1440",1,"Reverse innovation is a big opportunity for India Inc: Vijay Govindarajan ... - Economic Times http://t.co/MIpU9RrKRI","https://twitter.com/innovationebook"
"1442",1,"Giraffe Heroes India - Bunker Roy: Under the guidance of Sh. Vijayâ¦ http://t.co/ercgvdkFGf @DwarkaParichay.com","https://twitter.com/DwarkaParichay"
"1448",1,"Reverse innovation is a big opportunity for India Inc: Vijay Govindarajan, Harvard Business School http://t.co/qNQGgVXJNu","https://twitter.com/Lead_ership"
"1454",2,"Reverse innovation is a big opportunity for India Inc: Vijay Govindarajan, Harvard Business School http://t.co/qWVmx4piRy #innovation","https://twitter.com/lahyt"
"1456",1,"Medicine - a business?  Showed same report to 2 experts - one recommending surgery asap, other saying it won't help much, not recommended.","https://twitter.com/rajeev_vijay"
"1458",1,"Reverse innovation is a big opportunity for India Inc: Vijay Govindarajan, Harvard Business School: Reverse in... http://t.co/8riczaZYJd","https://twitter.com/pascalrossini"
"1461",2,"RT @sakthivel12447: @Actor_Vijay hi super vijay I love u vijay Im immediate meet Im dream ur meet ps sir call im coming one photo only vijaâ¦","https://twitter.com/SmartrajeshC"
"1477",2,"@Actor_Vijay nice vijay Anna smart and qut.","https://twitter.com/2014Viji"
"1481",1,"A new favorite: Kiesza - Hideaway (Ben Howard Cover) Vijay &amp; Sofia Zlatko Remix by @VijaySofia https://t.co/VBJNMekpUn on #SoundCloud","https://twitter.com/VforJanaye"
"1485",1,"RT @itisprashanth: Rajini,  kamal,  vijay and now vikram in the elite 100 crore club. He totally deserves it for all his hard work. #I","https://twitter.com/gopi1075"
"1488",1,"Narendra Modi calls for a shift in global attitude to meet climate goals: In what may be a strong signal of it... http://t.co/k8wg3cyt59","https://twitter.com/vijay_sharma86"
"1584",1,"I liked a @YouTube video from @galattadotcom http://t.co/tqPqRikxgz Vijay and Shruti Haasan to sing in Puli | Galatta Tamil","https://twitter.com/AssvenPushpalin"
"1719",1,"@iam_Nilay Visit it dude. You have gone so far go and have fun in Zurich","https://twitter.com/Vijay_SRK"
"1765",1,"I added a video to a @YouTube playlist http://t.co/30T2xgEVgZ Daft Punk, Naughty Boy feat Angelika Vee - Get La La (Vijay &amp; Sofia","https://twitter.com/SamuelC601"
"1772",2,"RT @behindwoods: #Vijay59 has enough to keep the fans pumped up

#Ilayathalapathy #Vijay #GVPrakash

http://t.co/AFdtO3opC8 http://t.co/s1fâ¦","https://twitter.com/SyaziahHeree"
"1773",3,"RT @nilessh_desai: Truth, self control, asceticism, generosity, non-injury, constancy in virtue ? these are the means of success, not casteâ¦","https://twitter.com/vijay_kaneria"
"1783",1,"RT @jagdishmukhi: Government allows direct sale of bio-diesel by manufacturers
In a bid to augment supply of environment friendly... http:/â¦","https://twitter.com/vijay_kaneria"
"1808",1,"@onshortrest wow, don't piss off Vijay.","https://twitter.com/Hheever"
"1824",1,"RT @jagdishmukhi: In order to provide clean drinking water to Delhiites, the DJB in collaboration with Tata Power Delhi... http://t.co/QWKVâ¦","https://twitter.com/vijay_kaneria"
"1839",1,"RT @itisprashanth: Rajini,  kamal,  vijay and now vikram in the elite 100 crore club. He totally deserves it for all his hard work. #I","https://twitter.com/ShivangChauhans"
"1840",1,"@Vanessa_Clayy  mmmm so sad. That what. Everybody  should. Be thinking. About  .am in love with  your tweet nice one","https://twitter.com/GH_vijay"
"1880",1,"@DhoniVijayFan @Kaushik1695S good morning","https://twitter.com/Vijay_Fanatic"
"1902",1,"@awesome102102 We do #Logo #Mixtape #Website development. Plz DM/Follow me. Email:vijay.arora221@gmail.com skype:designs.studio45creations","https://twitter.com/vjarora221"
"1914",1,"@Vijay_Rajan1 just do good things &amp; then eventually good things will happen to you &amp; the rest will fall into place. âºï¸","https://twitter.com/SarahEmmaHughes"
"1915",1,"@Vijay_cjv @SKTStudios Congrats on another great movie í ½í¸í ½í¸","https://twitter.com/01Sav01"
"1931",1,"@SarahEmmaHughes This is brilliant Sarah, but sometimes you have to make a little effort to get it stated.","https://twitter.com/Vijay_Rajan1"
"1985",1,"RT @kinreemusic: A new favorite: Vijay &amp; Sofia Zlatko, Anas.A, Ammo Avenue - The Whole Thang (LouLou Players Remix) - House Of Hustle httpsâ¦","https://twitter.com/DJ_Jay_Garin"
"1986",1,"Today we remember the great Dr. Martin Luther King, Jr. Check out some facts you might not know about #MLK here: http://t.co/sKgHFgyCgF","https://twitter.com/wild101"
"1988",2,"Im waiting eagerly @gvprakash na romantic love+Mass Songs #Vijay59 #GV50 fr @Vijay_cjv na in @Atlee_dir sir direction http://t.co/4xxwLN3CmQ","https://twitter.com/Ragunanthen"
"1991",1,"RT @arvindfido: I knew vishal was a fan of vijay.....

But didn't know he was a devotee of vijay....

Team success meetí ½í¸í ½í¸í ½í¸í ½í±í ½í±í ½í¸í ½í± #YennaiArindâ¦","https://twitter.com/RamUAjitHian"
"2000",1,"RT @arvindfido: Most trolled movie- #sura
Most trolled teaser- #kaththi
Most trolled title- #puli

Vijay leads all positionsí ½í¹
#YennaiArindhâ¦","https://twitter.com/YennaiArindhaa"
"2020",1,"Ilaya thalapathy Vijay has been Approached since he is the the most famous SOUTH INDIAN ACTOR , to act in a English movie and Vijay anna is yet to give his Nod for the project ;) B-) Now this is called extreme level of Masssssssssssssss ;) B-) &lt;3Number one in Tamil cinema B-) and Ruling Tamil cinemaVIJAY&#39;ISM &lt;3 #ilayathalapathyvijay  Â   #vijay  Â +Actor VijayÂ +vijayfansclubÂ   #kingofboxoffice  Â   #kollywood  Â   #celebrity  Â   #PULI  Â   #100croreclub  Â   #tamilcinema Â   #Sunday Â ï»¿","https://plus.google.com/1.10789499655153e+20"
"2026",1,"Ilaya thalapathy Vijay has been Approached since he is the the most famous SOUTH INDIAN ACTOR , to act in a English movie and Vijay anna is yet to give his Nod for the project ;) B-) Now this is called extreme level of Masssssssssssssss ;) B-) &lt;3Number one in Tamil cinema B-) and Ruling Tamil cinemaVIJAY&#39;ISM &lt;3 #ilayathalapathyvijay  Â   #vijay  Â +Actor VijayÂ +vijayfansclubÂ   #kingofboxoffice  Â   #kollywood  Â   #celebrity  Â   #PULI  Â   #100croreclub  Â   #tamilcinema Â   #Sunday Â ï»¿","https://plus.google.com/1.16203241768355e+20"
"2027",1,"Ilaya thalapathy Vijay has been Approached since he is the the most famous SOUTH INDIAN ACTOR , to act in a English movie and Vijay anna is yet to give his Nod for the project ;) B-) Now this is called extreme level of Masssssssssssssss ;) B-) &lt;3Number one in Tamil cinema B-) and Ruling Tamil cinemaVIJAY&#39;ISM &lt;3 #ilayathalapathyvijay  Â   #vijay  Â +Actor VijayÂ +vijayfansclubÂ   #kingofboxoffice  Â   #kollywood  Â   #celebrity  Â   #PULI  Â   #100croreclub  Â   #tamilcinema Â   #Sunday Â ï»¿","https://plus.google.com/1.17068406378373e+20"
"2029",1,"Ilaya thalapathy Vijay has been Approached since he is the the most famous SOUTH INDIAN ACTOR , to act in a English movie and Vijay anna is yet to give his Nod for the project ;) B-) Now this is called extreme level of Masssssssssssssss ;) B-) &lt;3Number one in Tamil cinema B-) and Ruling Tamil cinemaVIJAY&#39;ISM &lt;3 #ilayathalapathyvijay  Â   #vijay  Â +Actor VijayÂ +vijayfansclubÂ   #kingofboxoffice  Â   #kollywood  Â   #celebrity  Â   #PULI  Â   #100croreclub  Â   #tamilcinema Â   #Sunday Â ï»¿","https://plus.google.com/1.00787032136415e+20"
"2032",1,"Ilaya thalapathy Vijay has been Approached since he is the the most famous SOUTH INDIAN ACTOR , to act in a English movie and Vijay anna is yet to give his Nod for the project ;) B-) Now this is called extreme level of Masssssssssssssss ;) B-) &lt;3Number one in Tamil cinema B-) and Ruling Tamil cinemaVIJAY&#39;ISM &lt;3 #ilayathalapathyvijay  Â   #vijay  Â +Actor VijayÂ +vijayfansclubÂ   #kingofboxoffice  Â   #kollywood  Â   #celebrity  Â   #PULI  Â   #100croreclub  Â   #tamilcinema Â   #Sunday Â ï»¿","https://plus.google.com/1.18372060184665e+20"
"2033",1,"Ilaya thalapathy Vijay has been Approached since he is the the most famous SOUTH INDIAN ACTOR , to act in a English movie and Vijay anna is yet to give his Nod for the project ;) B-) Now this is called extreme level of Masssssssssssssss ;) B-) &lt;3Number one in Tamil cinema B-) and Ruling Tamil cinemaVIJAY&#39;ISM &lt;3 #ilayathalapathyvijay  Â   #vijay  Â +Actor VijayÂ +vijayfansclubÂ   #kingofboxoffice  Â   #kollywood  Â   #celebrity  Â   #PULI  Â   #100croreclub  Â   #tamilcinema Â   #Sunday Â ï»¿","https://plus.google.com/1.14277883067239e+20"
"2039",1,"Ilaya thalapathy Vijay has been Approached since he is the the most famous SOUTH INDIAN ACTOR , to act in a English movie and Vijay anna is yet to give his Nod for the project ;) B-) Now this is called extreme level of Masssssssssssssss ;) B-) &lt;3Number one in Tamil cinema B-) and Ruling Tamil cinemaVIJAY&#39;ISM &lt;3 #ilayathalapathyvijay  Â   #vijay  Â +Actor VijayÂ +vijayfansclubÂ   #kingofboxoffice  Â   #kollywood  Â   #celebrity  Â   #PULI  Â   #100croreclub  Â   #tamilcinema Â   #Sunday Â ï»¿","https://plus.google.com/1.05060525549365e+20"
"2043",1,"Vijayâs gifts for the crew of âPuliâ.Ilayathalapathy Vijay gifts the entire crew of &#39;Puli&#39; with gold chains for Pongal.Read More : http://www.vuin.net//news-english/vijays-gifts-for-the-crew-of-puli#DeviSriPrasad #HansikaMotwani #Puli #ShruthiHaasan #SKTstudios #Vijay #Vijay58ï»¿","https://plus.google.com/1.15623545613002e+20"
"2046",1,"Did she find #Vijay yet??What do you feel about #Amrutha&#39;s brave endeavor??#Suvarna #Amruthavarshini #staytuned #mondayTo watch the full episodes of #Amruthavarshini on hotstar, click onhttp://www.hotstar.com/#!/amruthavarshini-1916-sÂ ï»¿","https://plus.google.com/1.06841691716821e+20"
"2047",1,"Ilaya thalapathy Vijay has been Approached since he is the the most famous SOUTH INDIAN ACTOR , to act in a English movie and Vijay anna is yet to give his Nod for the project ;) B-) Now this is called extreme level of Masssssssssssssss ;) B-) &lt;3Number one in Tamil cinema B-) and Ruling Tamil cinemaVIJAY&#39;ISM &lt;3 #ilayathalapathyvijay  Â   #vijay  Â +Actor VijayÂ +vijayfansclubÂ   #kingofboxoffice  Â   #kollywood  Â   #celebrity  Â   #PULI  Â   #100croreclub  Â   #tamilcinema Â   #Sunday Â ï»¿","https://plus.google.com/1.15889910622651e+20"
"2050",1,"Ilaya thalapathy Vijay has been Approached since he is the the most famous SOUTH INDIAN ACTOR , to act in a English movie and Vijay anna is yet to give his Nod for the project ;) B-) Now this is called extreme level of Masssssssssssssss ;) B-) &lt;3Number one in Tamil cinema B-) and Ruling Tamil cinemaVIJAY&#39;ISM &lt;3 #ilayathalapathyvijay  Â   #vijay  Â +Actor VijayÂ +vijayfansclubÂ   #kingofboxoffice  Â   #kollywood  Â   #celebrity  Â   #PULI  Â   #100croreclub  Â   #tamilcinema Â   #Sunday Â ï»¿","https://plus.google.com/1.14685840523248e+20"
"2053",1,"Ilaya thalapathy Vijay has been Approached since he is the the most famous SOUTH INDIAN ACTOR , to act in a English movie and Vijay anna is yet to give his Nod for the project ;) B-) Now this is called extreme level of Masssssssssssssss ;) B-) &lt;3Number one in Tamil cinema B-) and Ruling Tamil cinemaVIJAY&#39;ISM &lt;3 #ilayathalapathyvijay  Â   #vijay  Â +Actor VijayÂ +vijayfansclubÂ   #kingofboxoffice  Â   #kollywood  Â   #celebrity  Â   #PULI  Â   #100croreclub  Â   #tamilcinema Â   #Sunday Â ï»¿","https://plus.google.com/1.14738556836899e+20"
"2054",1,"Ilaya thalapathy Vijay has been Approached since he is the the most famous SOUTH INDIAN ACTOR , to act in a English movie and Vijay anna is yet to give his Nod for the project ;) B-) Now this is called extreme level of Masssssssssssssss ;) B-) &lt;3Number one in Tamil cinema B-) and Ruling Tamil cinemaVIJAY&#39;ISM &lt;3 #ilayathalapathyvijay  Â   #vijay  Â +Actor VijayÂ +vijayfansclubÂ   #kingofboxoffice  Â   #kollywood  Â   #celebrity  Â   #PULI  Â   #100croreclub  Â   #tamilcinema Â   #Sunday Â ï»¿","https://plus.google.com/1.03496626743516e+20"
"2058",1,"#Vijay gifts gold coin to #Puli teamÂ http://www.tamilstar.com/news-id-vijay-gifts-gold-coin-to-puli-team-vijay-puli-19-01-159855.htmï»¿","https://plus.google.com/1.15137260167684e+20"
"2061",1,"#Vijay presents gold coin to 265 unit members of #Puli team at Talakonam as #Pongal gift..ï»¿","https://plus.google.com/1.08332664123048e+20"
"2062",1,"#Vijay presents gold coin to 265 unit members of #Puli team at Talakonam as #Pongal gift..ï»¿","https://plus.google.com/1.08332664123048e+20"
"2065",1,"Ilaya thalapathy Vijay has been Approached since he is the the most famous SOUTH INDIAN ACTOR , to act in a English movie and Vijay anna is yet to give his Nod for the project ;) B-) Now this is called extreme level of Masssssssssssssss ;) B-) &lt;3Number one in Tamil cinema B-) and Ruling Tamil cinemaVIJAY&#39;ISM &lt;3 #ilayathalapathyvijay  Â   #vijay  Â +Actor VijayÂ +vijayfansclubÂ   #kingofboxoffice  Â   #kollywood  Â   #celebrity  Â   #PULI  Â   #100croreclub  Â   #tamilcinema Â   #Sunday Â ï»¿","https://plus.google.com/1.02189723277873e+20"
"2069",1,"Ilaya thalapathy Vijay has been Approached since he is the the most famous SOUTH INDIAN ACTOR , to act in a English movie and Vijay anna is yet to give his Nod for the project ;) B-) Now this is called extreme level of Masssssssssssssss ;) B-) &lt;3Number one in Tamil cinema B-) and Ruling Tamil cinemaVIJAY&#39;ISM &lt;3 #ilayathalapathyvijay  Â   #vijay  Â +Actor VijayÂ +vijayfansclubÂ   #kingofboxoffice  Â   #kollywood  Â   #celebrity  Â   #PULI  Â   #100croreclub  Â   #tamilcinema Â   #Sunday Â ï»¿","https://plus.google.com/1.02705113470956e+20"
"2070",1,"Ilaya thalapathy Vijay has been Approached since he is the the most famous SOUTH INDIAN ACTOR , to act in a English movie and Vijay anna is yet to give his Nod for the project ;) B-) Now this is called extreme level of Masssssssssssssss ;) B-) &lt;3Number one in Tamil cinema B-) and Ruling Tamil cinemaVIJAY&#39;ISM &lt;3 #ilayathalapathyvijay  Â   #vijay  Â +Actor VijayÂ +vijayfansclubÂ   #kingofboxoffice  Â   #kollywood  Â   #celebrity  Â   #PULI  Â   #100croreclub  Â   #tamilcinema Â   #Sunday Â ï»¿","https://plus.google.com/1.02130076077763e+20"
"2074",1,"Ilaya thalapathy Vijay has been Approached since he is the the most famous SOUTH INDIAN ACTOR , to act in a English movie and Vijay anna is yet to give his Nod for the project ;) B-) Now this is called extreme level of Masssssssssssssss ;) B-) &lt;3Number one in Tamil cinema B-) and Ruling Tamil cinemaVIJAY&#39;ISM &lt;3 #ilayathalapathyvijay  Â   #vijay  Â +Actor VijayÂ +vijayfansclubÂ   #kingofboxoffice  Â   #kollywood  Â   #celebrity  Â   #PULI  Â   #100croreclub  Â   #tamilcinema Â   #Sunday Â ï»¿","https://plus.google.com/1.06025406988753e+20"
"2076",1,"Ilaya thalapathy Vijay has been Approached since he is the the most famous SOUTH INDIAN ACTOR , to act in a English movie and Vijay anna is yet to give his Nod for the project ;) B-) Now this is called extreme level of Masssssssssssssss ;) B-) &lt;3Number one in Tamil cinema B-) and Ruling Tamil cinemaVIJAY&#39;ISM &lt;3 #ilayathalapathyvijay  Â   #vijay  Â +Actor VijayÂ +vijayfansclubÂ   #kingofboxoffice  Â   #kollywood  Â   #celebrity  Â   #PULI  Â   #100croreclub  Â   #tamilcinema Â   #Sunday Â ï»¿","https://plus.google.com/1.08228131977162e+20"
"2078",1,"Ilaya thalapathy Vijay has been Approached since he is the the most famous SOUTH INDIAN ACTOR , to act in a English movie and Vijay anna is yet to give his Nod for the project ;) B-) Now this is called extreme level of Masssssssssssssss ;) B-) &lt;3Number one in Tamil cinema B-) and Ruling Tamil cinemaVIJAY&#39;ISM &lt;3 #ilayathalapathyvijay  Â   #vijay  Â +Actor VijayÂ +vijayfansclubÂ   #kingofboxoffice  Â   #kollywood  Â   #celebrity  Â   #PULI  Â   #100croreclub  Â   #tamilcinema Â   #Sunday Â ï»¿","https://plus.google.com/1.04661866332395e+20"
"2079",1,"Ilaya thalapathy Vijay has been Approached since he is the the most famous SOUTH INDIAN ACTOR , to act in a English movie and Vijay anna is yet to give his Nod for the project ;) B-) Now this is called extreme level of Masssssssssssssss ;) B-) &lt;3Number one in Tamil cinema B-) and Ruling Tamil cinemaVIJAY&#39;ISM &lt;3 #ilayathalapathyvijay  Â   #vijay  Â +Actor VijayÂ +vijayfansclubÂ   #kingofboxoffice  Â   #kollywood  Â   #celebrity  Â   #PULI  Â   #100croreclub  Â   #tamilcinema Â   #Sunday Â ï»¿","https://plus.google.com/1.01398481635351e+20"
"2081",1,"Ilaya thalapathy Vijay has been Approached since he is the the most famous SOUTH INDIAN ACTOR , to act in a English movie and Vijay anna is yet to give his Nod for the project ;) B-) Now this is called extreme level of Masssssssssssssss ;) B-) &lt;3Number one in Tamil cinema B-) and Ruling Tamil cinemaVIJAY&#39;ISM &lt;3 #ilayathalapathyvijay  Â   #vijay  Â +Actor VijayÂ +vijayfansclubÂ   #kingofboxoffice  Â   #kollywood  Â   #celebrity  Â   #PULI  Â   #100croreclub  Â   #tamilcinema Â   #Sunday Â ï»¿","https://plus.google.com/1.15709485852904e+20"
"2082",1,"Ilaya thalapathy Vijay has been Approached since he is the the most famous SOUTH INDIAN ACTOR , to act in a English movie and Vijay anna is yet to give his Nod for the project ;) B-) Now this is called extreme level of Masssssssssssssss ;) B-) &lt;3Number one in Tamil cinema B-) and Ruling Tamil cinemaVIJAY&#39;ISM &lt;3 #ilayathalapathyvijay  Â   #vijay  Â +Actor VijayÂ +vijayfansclubÂ   #kingofboxoffice  Â   #kollywood  Â   #celebrity  Â   #PULI  Â   #100croreclub  Â   #tamilcinema Â   #Sunday Â ï»¿","https://plus.google.com/1.05551715535056e+20"
"2086",2,"#VaniBojan&#39;s selfie with a cute little kid &amp; she named the kid as #Vijay as he is a great fan of #Vijay ï»¿","https://plus.google.com/1.08753522339184e+20"
"2088",1,"Children are the image of God Letâs celebrate the spirit of childhood on this International Childrenâs DayÂ #Actorvijay #ilayathalapathyvijay Â  #Friday #kollywoodnews #tamilcinemagallery Â  #Kaththi #Vijay #Thuppakki Â ï»¿","https://plus.google.com/1.02457826184053e+20"
"2092",1,"Ilaya thalapathy Vijay has been Approached since he is the the most famous SOUTH INDIAN ACTOR , to act in a English movie and Vijay anna is yet to give his Nod for the project ;) B-) Now this is called extreme level of Masssssssssssssss ;) B-) &lt;3Number one in Tamil cinema B-) and Ruling Tamil cinemaVIJAY&#39;ISM &lt;3 #ilayathalapathyvijay  Â   #vijay  Â +Actor VijayÂ +vijayfansclubÂ   #kingofboxoffice  Â   #kollywood  Â   #celebrity  Â   #PULI  Â   #100croreclub  Â   #tamilcinema Â   #Sunday Â ï»¿","https://plus.google.com/1.12978810786873e+20"
"2094",2,"#VaniBojan&#39;s selfie with a cute little kid &amp; she named the kid as #Vijay as he is a great fan of #Vijay ï»¿","https://plus.google.com/1.02903461454564e+20"
