zeetastar,http://pbs.twimg.com/profile_images/508162404161556481/5czDCjrL_bigger.jpeg,https://twitter.com/zeetastar/status/555256052141158401
yamanchanti,http://pbs.twimg.com/profile_images/521913885083725825/FsZ-0nKd_bigger.jpeg,https://twitter.com/yamanchanti/status/555277398527070209
yakobnmayara,http://pbs.twimg.com/profile_images/511049034996260864/g25NAP_d_bigger.jpeg,https://twitter.com/yakobnmayara/status/556095416387637248
woodstimes,http://pbs.twimg.com/profile_images/517020984516161536/ZUxE0BU-_bigger.png,https://twitter.com/woodstimes/status/555571112394772480
vramu4a8,http://pbs.twimg.com/profile_images/448826370945081344/XBhUbxmd_bigger.jpeg,https://twitter.com/vramu4a8/status/555385563235102720
vjy_raj,http://pbs.twimg.com/profile_images/556474282960625664/L74AfS_b_bigger.jpeg,https://twitter.com/vjy_raj/status/556498365085536257
vijayvimal92,http://pbs.twimg.com/profile_images/552781264114032640/5glZ9DLA_bigger.jpeg,https://twitter.com/vijayvimal92/status/555575795024818176
vijayvijju541,http://pbs.twimg.com/profile_images/552362864476844032/C7eQ5UTd_bigger.jpeg,https://twitter.com/vijayvijju541/status/555287363262246912
vijaysuhith,http://pbs.twimg.com/profile_images/556739094881902592/PLj2jgaa_bigger.jpeg,https://twitter.com/vijaysuhith/status/556684599854505985
vigneshk104,http://pbs.twimg.com/profile_images/551608107776737281/cZkFRmws_bigger.jpeg,https://twitter.com/vigneshk104/status/555366523364065280
vicky82143,http://pbs.twimg.com/profile_images/485030637951139840/FLW8pl3t_bigger.jpeg,https://twitter.com/vicky82143/status/555303943211732995
venu_charanfan,http://pbs.twimg.com/profile_images/473163818898444288/fNqAvcug_bigger.jpeg,https://twitter.com/venu_charanfan/status/555250363599560705
venu_charan,http://pbs.twimg.com/profile_images/555535105175744512/tNeagusX_bigger.jpeg,https://twitter.com/venu_charan/status/555254410532495362
venkatpinisett,http://pbs.twimg.com/profile_images/515462676311330816/QiTev15H_bigger.jpeg,https://twitter.com/venkatpinisett/status/555254191782780929
venkat_lohith,http://pbs.twimg.com/profile_images/551797787554107392/992dssiR_bigger.jpeg,https://twitter.com/venkat_lohith/status/555579092628545536
vamsikbolla,http://pbs.twimg.com/profile_images/556892762050527232/_BPgsZ1s_bigger.jpeg,https://twitter.com/vamsikbolla/status/555301123985117184
vamshi08tweets,http://pbs.twimg.com/profile_images/554210621562961920/4ebNRNL4_bigger.jpeg,https://twitter.com/vamshi08tweets/status/557162631555870720
ursyagnateja,http://pbs.twimg.com/profile_images/378800000481490126/9bd8d58744184fee0b8215112eb49709_bigger.jpeg,https://twitter.com/ursyagnateja/status/555256479393923073
urstrulymahe,http://pbs.twimg.com/profile_images/523858221853712387/dj9NilcY_bigger.jpeg,https://twitter.com/urstrulymahe/status/557088320011141120
urstrulyBunty,http://pbs.twimg.com/profile_images/547727382002429952/lJUAomBp_bigger.jpeg,https://twitter.com/urstrulyBunty/status/555280775541559296
urstruelydinesh,http://pbs.twimg.com/profile_images/554669581424271360/k5hNm3E6_bigger.jpeg,https://twitter.com/urstruelydinesh/status/556117790948478976
urs_ms,http://pbs.twimg.com/profile_images/551719577625698304/BcmZdpf1_bigger.jpeg,https://twitter.com/urs_ms/status/556008560903999488
unu_FoR_YoU,http://pbs.twimg.com/profile_images/510035236923510785/rx_dkQ06_bigger.jpeg,https://twitter.com/unu_FoR_YoU/status/555276724263346176
umeshkumar_r,http://pbs.twimg.com/profile_images/553753442628300800/N486Dapa_bigger.jpeg,https://twitter.com/umeshkumar_r/status/556488265516064768
udayjana,http://pbs.twimg.com/profile_images/2242918892/my_pic_bigger.jpg,https://twitter.com/udayjana/status/557178643625947136
truebunnyfan,http://pbs.twimg.com/profile_images/557099501853212672/XBzr3xGm_bigger.jpeg,https://twitter.com/truebunnyfan/status/555612230075445248
tollywood,http://pbs.twimg.com/profile_images/424352475273904128/PnigqbnX_bigger.jpeg,https://twitter.com/tollywood/status/555687837962866688
ticket65dotcom,http://pbs.twimg.com/profile_images/378800000497122544/746dc547a1258a46f515ed17288bb466_bigger.png,https://twitter.com/ticket65dotcom/status/555257531711234051
thiszsuri,http://pbs.twimg.com/profile_images/378800000706795105/dbae3a16669d178445611d23a0fa63f5_bigger.png,https://twitter.com/thiszsuri/status/555298758259253248
theja24,http://pbs.twimg.com/profile_images/551334653248823298/vD1fjuhz_bigger.jpeg,https://twitter.com/theja24/status/555273145632833538
theeppori1,http://pbs.twimg.com/profile_images/554656423464808448/KUMaHpxm_bigger.jpeg,https://twitter.com/theeppori1/status/556129416464453632
thatsTelugu,http://pbs.twimg.com/profile_images/1246035065/oneindiatelugu-twitter_bigger.jpg,https://twitter.com/thatsTelugu/status/555330420661702656
tharungstars,http://pbs.twimg.com/profile_images/556852491019493377/IvjFfOF8_bigger.jpeg,https://twitter.com/tharungstars/status/555415953635168256
teluguwishesh,http://pbs.twimg.com/profile_images/522689814995283968/cvyO1plM_bigger.png,https://twitter.com/teluguwishesh/status/557038454861611008
telugusongsdown,http://pbs.twimg.com/profile_images/2682713466/2cbab228594aa001ebf2dee4bb51c756_bigger.jpeg,https://twitter.com/telugusongsdown/status/555653642347220993
teluguactores,http://pbs.twimg.com/profile_images/528128791785136128/uUK2CFKx_bigger.jpeg,https://twitter.com/teluguactores/status/557115429399695362
surendrayalla,http://pbs.twimg.com/profile_images/549401921618866176/QhOUwkU8_bigger.jpeg,https://twitter.com/surendrayalla/status/555260706170208256
surendra812,http://pbs.twimg.com/profile_images/550663070268137472/nTtFwPkd_bigger.jpeg,https://twitter.com/surendra812/status/555293574686715904
sunkara_krishna,http://pbs.twimg.com/profile_images/553878078154240000/eANgo4YG_bigger.jpeg,https://twitter.com/sunkara_krishna/status/555270217891209217
sunil3584,http://pbs.twimg.com/profile_images/518454127274110976/FhIWVzV7_bigger.jpeg,https://twitter.com/sunil3584/status/556387693341331457
suneal,http://pbs.twimg.com/profile_images/507845847434792960/5wFdKcT__bigger.jpeg,https://twitter.com/suneal/status/555757888551923712
sudheer_megafan,http://pbs.twimg.com/profile_images/557333180902944768/Q40bpXmt_bigger.jpeg,https://twitter.com/sudheer_megafan/status/555059063281569792
sudharshanred14,http://pbs.twimg.com/profile_images/543266610513842176/uz1DC4d-_bigger.jpeg,https://twitter.com/sudharshanred14/status/556782981952864256
subhashpreetham,http://pbs.twimg.com/profile_images/551280098448400386/e5xiCkLR_bigger.jpeg,https://twitter.com/subhashpreetham/status/555257033637654529
sriramForU,http://pbs.twimg.com/profile_images/530355966349287426/ChkSdLSS_bigger.jpeg,https://twitter.com/sriramForU/status/556802788017963009
srikanth3vk,http://pbs.twimg.com/profile_images/557115989473497090/ekRaz9_D_bigger.jpeg,https://twitter.com/srikanth3vk/status/555342648202899458
srikanth2828,http://pbs.twimg.com/profile_images/509157360976146432/DG2Cpzq5_bigger.jpeg,https://twitter.com/srikanth2828/status/555254456871174144
sriharsha_,http://pbs.twimg.com/profile_images/555713009713045506/pj6YcxRK_bigger.jpeg,https://twitter.com/sriharsha_/status/555254625029197824
sonamandbunny,http://pbs.twimg.com/profile_images/556798693345484801/F5TyLJ3x_bigger.jpeg,https://twitter.com/sonamandbunny/status/555309479185481731
sivajagankumar,http://pbs.twimg.com/profile_images/378800000812126712/cdeb681b4a6a3fd826eb79114b7f838a_bigger.jpeg,https://twitter.com/sivajagankumar/status/555265269119991808
siddique_shafi,http://pbs.twimg.com/profile_images/538660778056744960/WsCML8N5_bigger.jpeg,https://twitter.com/siddique_shafi/status/555360159405322243
shashi_pa1fan,http://pbs.twimg.com/profile_images/555970413272915969/H31WVS68_bigger.jpeg,https://twitter.com/shashi_pa1fan/status/555256893023604736
sharabukotesh,http://pbs.twimg.com/profile_images/551806853697384448/aUnAOKr6_bigger.jpeg,https://twitter.com/sharabukotesh/status/556859909724069888
shanvisrivastav,http://pbs.twimg.com/profile_images/555947195224969219/wV1lAyei_bigger.jpeg,https://twitter.com/shanvisrivastav/status/555272847975665664
schandu11,http://pbs.twimg.com/profile_images/555412547956772865/6rY_Niv-_bigger.jpeg,https://twitter.com/schandu11/status/555597627337629696
satyaaravind270,http://pbs.twimg.com/profile_images/553821868814135296/SGkMz3xx_bigger.jpeg,https://twitter.com/satyaaravind270/status/555260917693173760
sasidhar1786902,http://pbs.twimg.com/profile_images/553540206872129538/7xIs4qSj_bigger.jpeg,https://twitter.com/sasidhar1786902/status/557088002615152642
sarathrebel,http://pbs.twimg.com/profile_images/557404176909496320/Lem8qb5l_bigger.jpeg,https://twitter.com/sarathrebel/status/555608341523988480
santosh_bsk,http://pbs.twimg.com/profile_images/500337552398635008/w0tuF0H5_bigger.jpeg,https://twitter.com/santosh_bsk/status/555256319368638464
santhubanda345,http://pbs.twimg.com/profile_images/556334033475358721/qMYIKaEV_bigger.jpeg,https://twitter.com/santhubanda345/status/556668582436691968
sanjumena3,http://pbs.twimg.com/profile_images/552712261450465280/SkRpLUDa_bigger.jpeg,https://twitter.com/sanjumena3/status/555290766709235712
sanju_official,http://pbs.twimg.com/profile_images/553517349530128384/O0ootO9R_bigger.jpeg,https://twitter.com/sanju_official/status/555052366756462592
sangeesat,http://pbs.twimg.com/profile_images/421484934004355072/tYy0lJOV_bigger.jpeg,https://twitter.com/sangeesat/status/555578499042263040
sandy9456,http://pbs.twimg.com/profile_images/483247732140670976/ZCWytphi_bigger.jpeg,https://twitter.com/sandy9456/status/555632759700328450
sandeepreddy789,http://pbs.twimg.com/profile_images/555305264455237633/uHnTqCcX_bigger.jpeg,https://twitter.com/sandeepreddy789/status/555262726734217217
sandeeppri,http://pbs.twimg.com/profile_images/430350356669673472/puMI21CY_bigger.jpeg,https://twitter.com/sandeeppri/status/555778746251481088
sambaNBK,http://pbs.twimg.com/profile_images/550710788092989440/oCP8hieT_bigger.jpeg,https://twitter.com/sambaNBK/status/555324483767005185
sam143ammu,http://pbs.twimg.com/profile_images/557176554640670720/J-KFTB3T_bigger.jpeg,https://twitter.com/sam143ammu/status/556129811156840448
sakinalakarthik,http://pbs.twimg.com/profile_images/520502506476953602/EEkSSZti_bigger.jpeg,https://twitter.com/sakinalakarthik/status/555289731739574272
sajithasuresh,http://pbs.twimg.com/profile_images/551657871134298112/nVUXV-yb_bigger.jpeg,https://twitter.com/sajithasuresh/status/555286285502267394
saitelugumovies,http://pbs.twimg.com/profile_images/513151025578917888/uoeGTlKR_bigger.jpeg,https://twitter.com/saitelugumovies/status/555335220258697216
sairamsuman,http://pbs.twimg.com/profile_images/556889227850297344/RpDJWSFN_bigger.jpeg,https://twitter.com/sairamsuman/status/555306841391890433
saipavanronanki,http://abs.twimg.com/sticky/default_profile_images/default_profile_5_bigger.png,https://twitter.com/saipavanronanki/status/557222269932429312
saikishore_n,http://pbs.twimg.com/profile_images/552346917028376576/poJs4AzM_bigger.jpeg,https://twitter.com/saikishore_n/status/556868346956619777
saibhaskar75,http://pbs.twimg.com/profile_images/440038249889689600/A2bD6l1S_bigger.jpeg,https://twitter.com/saibhaskar75/status/555254303615500289
sai7404,http://pbs.twimg.com/profile_images/532209689958682625/fxqAxKkG_bigger.jpeg,https://twitter.com/sai7404/status/555259363464458241
rushyendrab,http://pbs.twimg.com/profile_images/553630770808377344/3yuIgGmG_bigger.jpeg,https://twitter.com/rushyendrab/status/556678678579388417
rocking_n,http://pbs.twimg.com/profile_images/555077851779588097/jXqIDX0K_bigger.jpeg,https://twitter.com/rocking_n/status/555306354223505408
revengerthala,http://pbs.twimg.com/profile_images/554893747872215040/qGmDEEpg_bigger.jpeg,https://twitter.com/revengerthala/status/555260492139085824
rehmantweetz,http://pbs.twimg.com/profile_images/555640977554038784/iTMxNgDx_bigger.jpeg,https://twitter.com/rehmantweetz/status/555273275891142657
reddymnr,http://pbs.twimg.com/profile_images/926012776/Ashok_s_N-5132.0085_bigger.jpg,https://twitter.com/reddymnr/status/555252796912447489
ravpan,http://pbs.twimg.com/profile_images/476754774214209537/A2XcgBgZ_bigger.jpeg,https://twitter.com/ravpan/status/555269710866960386
raviteja531,http://pbs.twimg.com/profile_images/550308903561355265/pTlNMUCO_bigger.jpeg,https://twitter.com/raviteja531/status/555259927980023808
ravikirannaga58,http://pbs.twimg.com/profile_images/469181071565651968/k6EtYzyT_bigger.jpeg,https://twitter.com/ravikirannaga58/status/556173463321210880
ravib0da,http://pbs.twimg.com/profile_images/545861329886511104/ZBiKmfZg_bigger.jpeg,https://twitter.com/ravib0da/status/555377662261084161
ramyatreddy,http://abs.twimg.com/sticky/default_profile_images/default_profile_4_bigger.png,https://twitter.com/ramyatreddy/status/555270840535617536
rameshlaus,http://pbs.twimg.com/profile_images/521207643776356352/tvrTROun_bigger.jpeg,https://twitter.com/rameshlaus/status/555259095578456065
ramakrishna_95,http://pbs.twimg.com/profile_images/556385569689722880/K4GedIGV_bigger.png,https://twitter.com/ramakrishna_95/status/557140801109913600
ram_aduri,http://pbs.twimg.com/profile_images/546212751652040704/vPCERHLW_bigger.png,https://twitter.com/ram_aduri/status/555256506946301953
rajesh_reddy_,http://pbs.twimg.com/profile_images/507884386801299456/Gwr2-XeE_bigger.jpeg,https://twitter.com/rajesh_reddy_/status/555356998548484097
rajavardhan7,http://pbs.twimg.com/profile_images/546717881610670080/G7RC0Ipd_bigger.jpeg,https://twitter.com/rajavardhan7/status/555249804284948481
raj_betting,http://pbs.twimg.com/profile_images/556364219507933184/XP94Evbz_bigger.jpeg,https://twitter.com/raj_betting/status/556410133308112899
raghu_adapa,http://pbs.twimg.com/profile_images/546523425389289472/uu5qtTA5_bigger.jpeg,https://twitter.com/raghu_adapa/status/555267644933169153
radheekap,http://pbs.twimg.com/profile_images/557063596157321216/bQFLuDoQ_bigger.jpeg,https://twitter.com/radheekap/status/555309471648346112
purijaganfann,http://pbs.twimg.com/profile_images/515834247479717890/emF_ASJi_bigger.jpeg,https://twitter.com/purijaganfann/status/555768837333737472
publictvnews,http://pbs.twimg.com/profile_images/3050830690/5c495302baf3c5617dd6d96f0a1bb962_bigger.jpeg,https://twitter.com/publictvnews/status/557141273547526144
pspkfn,http://pbs.twimg.com/profile_images/555433092186251264/mahorMwf_bigger.jpeg,https://twitter.com/pspkfn/status/555317337209856000
prudhvi_malladi,http://pbs.twimg.com/profile_images/556795115948093440/5vm_kgZ5_bigger.jpeg,https://twitter.com/prudhvi_malladi/status/555630339352047618
priyathalafan,http://pbs.twimg.com/profile_images/556458393708163072/-x-eT6Zm_bigger.jpeg,https://twitter.com/priyathalafan/status/555260182742056960
praveens1106,http://pbs.twimg.com/profile_images/555372238644330496/4GKNifN1_bigger.jpeg,https://twitter.com/praveens1106/status/555627817690357761
pratyusha,http://pbs.twimg.com/profile_images/556751118726729731/PO3qb40N_bigger.jpeg,https://twitter.com/pratyusha/status/555063808197005312
prashantbme,http://pbs.twimg.com/profile_images/555281651412922369/IysemrPw_bigger.jpeg,https://twitter.com/prashantbme/status/556813260008071169
prasad_naidu555,http://pbs.twimg.com/profile_images/457357292627689472/ww1kYEFv_bigger.jpeg,https://twitter.com/prasad_naidu555/status/556142570951028736
pradeepASSRR,http://pbs.twimg.com/profile_images/540588919729831936/xWDn_f-U_bigger.jpeg,https://twitter.com/pradeepASSRR/status/555276361707683841
ppravins,http://pbs.twimg.com/profile_images/552071767888371712/pSS__aNU_bigger.jpeg,https://twitter.com/ppravins/status/555287166394175489
pmcchennai,http://pbs.twimg.com/profile_images/2589647812/Phoenix_Logo_bigger.JPG,https://twitter.com/pmcchennai/status/556012089144143872
phanniswer_c,http://pbs.twimg.com/profile_images/534942860747894784/SAGT3Tcg_bigger.jpeg,https://twitter.com/phanniswer_c/status/555371826130333696
pawanisum,http://pbs.twimg.com/profile_images/552884515316592640/8jZ_aFMh_bigger.jpeg,https://twitter.com/pawanisum/status/556859970344325120
pawanismfans,http://pbs.twimg.com/profile_images/551415978920116225/2L_tGEoZ_bigger.jpeg,https://twitter.com/pawanismfans/status/555299789575700480
pavanisam,http://pbs.twimg.com/profile_images/549091647758163969/Nfxs1pLN_bigger.jpeg,https://twitter.com/pavanisam/status/555323129317191680
pavancrazy7,http://pbs.twimg.com/profile_images/549825170383187969/6PhTAmpF_bigger.jpeg,https://twitter.com/pavancrazy7/status/555311143372083200
pavan2225,http://pbs.twimg.com/profile_images/552156513213480961/bTM98cIS_bigger.jpeg,https://twitter.com/pavan2225/status/555598917635563520
patilbalaram28,http://pbs.twimg.com/profile_images/378800000474897750/ac2777339727bb994fe938de812325b9_bigger.jpeg,https://twitter.com/patilbalaram28/status/556132463768911874
pasupuleti7,http://pbs.twimg.com/profile_images/1406009231/scan0024_bigger.jpg,https://twitter.com/pasupuleti7/status/555345702843600896
nowtelugu,http://pbs.twimg.com/profile_images/550895996150890496/VK1K2VIN_bigger.jpeg,https://twitter.com/nowtelugu/status/557111532039839745
nishukickK,http://pbs.twimg.com/profile_images/557167267650097155/-ZtW6qim_bigger.jpeg,https://twitter.com/nishukickK/status/555324678915379200
newsdiaryin,http://pbs.twimg.com/profile_images/504653100821381120/cLQyVt67_bigger.png,https://twitter.com/newsdiaryin/status/557143987132178432
neninthe56,http://pbs.twimg.com/profile_images/538983568899194880/ZWqzMrsa_bigger.jpeg,https://twitter.com/neninthe56/status/555253168909471745
nazeerkhanp,http://pbs.twimg.com/profile_images/514817135625793536/skytgzQq_bigger.jpeg,https://twitter.com/nazeerkhanp/status/555307329390796800
nayuduganisetti,http://pbs.twimg.com/profile_images/555279704089829376/x14zQmg0_bigger.jpeg,https://twitter.com/nayuduganisetti/status/555256003587891200
naveenbaline36,http://pbs.twimg.com/profile_images/554872832451047424/dMI-Lac2_bigger.jpeg,https://twitter.com/naveenbaline36/status/555399570952187904
narasimhapkfan1,http://pbs.twimg.com/profile_images/550865892616069122/JHtCoEOk_bigger.jpeg,https://twitter.com/narasimhapkfan1/status/555251737011830784
nandi_harika,http://pbs.twimg.com/profile_images/556063655041564672/q3xDAbek_bigger.jpeg,https://twitter.com/nandi_harika/status/555257929377386496
nagoorvali9703,http://pbs.twimg.com/profile_images/551765139381186560/GLm-OVw2_bigger.jpeg,https://twitter.com/nagoorvali9703/status/555310758548877312
nagfederer,http://pbs.twimg.com/profile_images/552891869063950336/m9TUYkQo_bigger.jpeg,https://twitter.com/nagfederer/status/556868446349053953
mynameshashi,http://pbs.twimg.com/profile_images/550311491820212225/U1oV5FFn_bigger.jpeg,https://twitter.com/mynameshashi/status/555619474825830401
mnjk99,http://pbs.twimg.com/profile_images/548149968070914048/eOLPofbQ_bigger.jpeg,https://twitter.com/mnjk99/status/557126647476797441
miswasmy143,http://pbs.twimg.com/profile_images/540414554610466816/_9HylKi8_bigger.jpeg,https://twitter.com/miswasmy143/status/555576390070702080
megliolife,http://pbs.twimg.com/profile_images/1830943718/java-duke-logo_bigger.png,https://twitter.com/megliolife/status/555355055797190656
meghanavirat,http://pbs.twimg.com/profile_images/557173953404235776/DtfYYHsJ_bigger.jpeg,https://twitter.com/meghanavirat/status/555312674473381888
megafamily009,http://pbs.twimg.com/profile_images/538356002433687552/OpxZJg_W_bigger.jpeg,https://twitter.com/megafamily009/status/556390587557875712
me_chaitu,http://pbs.twimg.com/profile_images/543414234407661568/f_4NMTU6_bigger.jpeg,https://twitter.com/me_chaitu/status/555308113524318208
massjanesh,http://pbs.twimg.com/profile_images/556967207314272258/DQe8aC68_bigger.jpeg,https://twitter.com/massjanesh/status/556499334355628032
martin_vijay007,http://pbs.twimg.com/profile_images/540616408199999488/IfhHluPn_bigger.jpeg,https://twitter.com/martin_vijay007/status/556187536691712000
manojnarahari,http://pbs.twimg.com/profile_images/553158183787565056/jQulFrzO_bigger.jpeg,https://twitter.com/manojnarahari/status/555306529231208448
mano_vihari,http://pbs.twimg.com/profile_images/477325919019749376/Ls1wslhG_bigger.jpeg,https://twitter.com/mano_vihari/status/555285981826256896
manikick,http://pbs.twimg.com/profile_images/1454925130/RT-2_bigger.gif,https://twitter.com/manikick/status/557113339977818112
malthafkhan16,http://pbs.twimg.com/profile_images/557069200963809280/pWOtxBVs_bigger.jpeg,https://twitter.com/malthafkhan16/status/555272585336741888
malliktajmahal,http://pbs.twimg.com/profile_images/552048113028833280/C8el22uF_bigger.jpeg,https://twitter.com/malliktajmahal/status/555253746687418368
mahesh759,http://pbs.twimg.com/profile_images/427004277538570240/yGIigDYQ_bigger.jpeg,https://twitter.com/mahesh759/status/555252200088150016
mahendraroyal6,http://pbs.twimg.com/profile_images/552341491960389632/cUBf5sll_bigger.jpeg,https://twitter.com/mahendraroyal6/status/557035850853142529
maddalavenkates,http://pbs.twimg.com/profile_images/515164815401037824/jZHO_HQO_bigger.jpeg,https://twitter.com/maddalavenkates/status/555396029399310339
lucyinnature,http://pbs.twimg.com/profile_images/556687176281239552/jCwsxOxB_bigger.jpeg,https://twitter.com/lucyinnature/status/555584222874714113
luckydear545,http://pbs.twimg.com/profile_images/551062654886752258/ZlDrWjbi_bigger.jpeg,https://twitter.com/luckydear545/status/556123410833498112
lookatmevenkat,http://pbs.twimg.com/profile_images/438285083250683904/1Kc0V8r4_bigger.jpeg,https://twitter.com/lookatmevenkat/status/555270833115893760
lohithrocks1,http://pbs.twimg.com/profile_images/550984070230851584/ikn-p33__bigger.jpeg,https://twitter.com/lohithrocks1/status/555409619292413952
likhith_SamFan,http://pbs.twimg.com/profile_images/555540300374880256/5Comb7YW_bigger.jpeg,https://twitter.com/likhith_SamFan/status/555415573811974145
lakshman0531,http://pbs.twimg.com/profile_images/544053095060082688/9ulgdqv1_bigger.jpeg,https://twitter.com/lakshman0531/status/555415834584051712
krishnarjun96,http://pbs.twimg.com/profile_images/555757784755474433/KES1AZaf_bigger.jpeg,https://twitter.com/krishnarjun96/status/555301955229065216
krishnaNori,http://pbs.twimg.com/profile_images/442550888524021760/bQ4vLelL_bigger.jpeg,https://twitter.com/krishnaNori/status/555348270105780224
krishcherry1,http://pbs.twimg.com/profile_images/553180052834107392/ioSfeszv_bigger.jpeg,https://twitter.com/krishcherry1/status/555980294793072640
kp7819,http://pbs.twimg.com/profile_images/506626954020126721/rzutxlqZ_bigger.jpeg,https://twitter.com/kp7819/status/555698544581951490
kondamarun12,http://pbs.twimg.com/profile_images/545850668628463616/Nd8xkb4x_bigger.jpeg,https://twitter.com/kondamarun12/status/555305719604326400
kohliAgain,http://pbs.twimg.com/profile_images/543700838351245314/KERK6ztv_bigger.jpeg,https://twitter.com/kohliAgain/status/555290532105449472
kinguncle1000,http://pbs.twimg.com/profile_images/553939585105813504/ukU0EzPJ_bigger.jpeg,https://twitter.com/kinguncle1000/status/555424239897944065
kingsurya12,http://pbs.twimg.com/profile_images/551966218345664514/j8_yCN_M_bigger.jpeg,https://twitter.com/kingsurya12/status/555261411643760641
king_sadashiva,http://pbs.twimg.com/profile_images/557266120592224256/JOewNE2J_bigger.jpeg,https://twitter.com/king_sadashiva/status/555253379782307842
khadarbashasha3,http://pbs.twimg.com/profile_images/505566863594500096/QRhiE5I6_bigger.jpeg,https://twitter.com/khadarbashasha3/status/555324357778485248
kcharanintouch,http://abs.twimg.com/sticky/default_profile_images/default_profile_3_bigger.png,https://twitter.com/kcharanintouch/status/556113266401742850
kccmagazine,http://pbs.twimg.com/profile_images/2530509393/7q23j75keu3m5g6gxhxy_bigger.jpeg,https://twitter.com/kccmagazine/status/555936504489709568
kattanaveen630,http://pbs.twimg.com/profile_images/552792008587112448/oSid_8Yb_bigger.jpeg,https://twitter.com/kattanaveen630/status/556783623328632833
katlanagaraj,http://pbs.twimg.com/profile_images/486785822910193667/9MPDxUk-_bigger.jpeg,https://twitter.com/katlanagaraj/status/556868823437934592
karunakarchary,http://pbs.twimg.com/profile_images/542294066763821056/26F8MC3r_bigger.jpeg,https://twitter.com/karunakarchary/status/555586542886862851
karnatiramu,http://pbs.twimg.com/profile_images/553813085069119488/Nk8ZIZDU_bigger.jpeg,https://twitter.com/karnatiramu/status/555308178095624192
kRamanaa,http://pbs.twimg.com/profile_images/538532026773561344/gSxq-DMn_bigger.jpeg,https://twitter.com/kRamanaa/status/555569837703835648
kIrun_cHaran,http://pbs.twimg.com/profile_images/525199602765414400/qMj8ZBeN_bigger.jpeg,https://twitter.com/kIrun_cHaran/status/555576836072419328
jvvino,http://pbs.twimg.com/profile_images/556148127376232448/LxBY5C0w_bigger.jpeg,https://twitter.com/jvvino/status/555338807612956673
justickets,http://pbs.twimg.com/profile_images/490341810548383744/cuLgep9m_bigger.jpeg,https://twitter.com/justickets/status/555299237970595840
just4_funnn,http://pbs.twimg.com/profile_images/547542194018476032/7rghv0sV_bigger.jpeg,https://twitter.com/just4_funnn/status/556518883373248512
jokingrapper,http://pbs.twimg.com/profile_images/540757063907827712/uuh_mm_A_bigger.jpeg,https://twitter.com/jokingrapper/status/555583539412889600
jayavivekreddy,http://pbs.twimg.com/profile_images/554615732751724544/BgXu3kc4_bigger.jpeg,https://twitter.com/jayavivekreddy/status/555389342718246912
jayamis56214226,http://abs.twimg.com/sticky/default_profile_images/default_profile_5_bigger.png,https://twitter.com/jayamis56214226/status/556873846028898304
janu_iyer,http://pbs.twimg.com/profile_images/556136394590928896/jG-0A3Nd_bigger.jpeg,https://twitter.com/janu_iyer/status/555685334298537984
jana9999,http://pbs.twimg.com/profile_images/553159178340941824/iGqAiV3x_bigger.jpeg,https://twitter.com/jana9999/status/555328730298449920
jaiprekash1,http://pbs.twimg.com/profile_images/529310130806861824/fHmfrxs3_bigger.jpeg,https://twitter.com/jaiprekash1/status/555400564796710915
jai488,http://pbs.twimg.com/profile_images/552106291582095361/3BPqCukK_bigger.jpeg,https://twitter.com/jai488/status/555976585036050432
itzRanjith,http://pbs.twimg.com/profile_images/550938930661818368/jD58gAw4_bigger.jpeg,https://twitter.com/itzRanjith/status/556827497875386371
itsRaviTejacom,http://pbs.twimg.com/profile_images/556800432127750144/9ghelEmS_bigger.jpeg,https://twitter.com/itsRaviTejacom/status/556462515899469825
iqlikmovies,http://pbs.twimg.com/profile_images/2686265314/4c78bb18d2bad3a83ed4d36328337dbf_bigger.png,https://twitter.com/iqlikmovies/status/555394439862960128
indusuvvari,http://pbs.twimg.com/profile_images/555505187045928960/3Wjskz0T_bigger.jpeg,https://twitter.com/indusuvvari/status/555194691243610113
imsambi,http://pbs.twimg.com/profile_images/551813119194841088/OptrxU1j_bigger.jpeg,https://twitter.com/imsambi/status/555256453531832320
imRavi_Teja,http://pbs.twimg.com/profile_images/509348831364780033/GBSNtRPw_bigger.png,https://twitter.com/imRavi_Teja/status/556471700821266435
iluvvirat18,http://pbs.twimg.com/profile_images/557209072995274752/xzlAq_RB_bigger.jpeg,https://twitter.com/iluvvirat18/status/555319336055734273
ilayarajav,http://pbs.twimg.com/profile_images/499575978964697089/oAkE1pDq_bigger.jpeg,https://twitter.com/ilayarajav/status/555936841103577088
ihamsanandini,http://pbs.twimg.com/profile_images/531153649699803137/1d5Uv5W8_bigger.jpeg,https://twitter.com/ihamsanandini/status/555336050017456129
iamsairevanth,http://pbs.twimg.com/profile_images/551033397875732480/OzAFPgPB_bigger.jpeg,https://twitter.com/iamsairevanth/status/555253096926818304
iamks888,http://pbs.twimg.com/profile_images/551449687555702784/epP0Cd6b_bigger.jpeg,https://twitter.com/iamks888/status/555731101201608704
iamUpendar,http://pbs.twimg.com/profile_images/557133302650241024/RM6bicOD_bigger.jpeg,https://twitter.com/iamUpendar/status/557071510506983424
i_suneel3,http://pbs.twimg.com/profile_images/544812533555556352/aP4h_Dda_bigger.jpeg,https://twitter.com/i_suneel3/status/555273085599768576
iAnupamaKohli,http://pbs.twimg.com/profile_images/556468557366587393/O58QOTgb_bigger.jpeg,https://twitter.com/iAnupamaKohli/status/555253477383761920
i4twilight,http://abs.twimg.com/sticky/default_profile_images/default_profile_2_bigger.png,https://twitter.com/i4twilight/status/556092155081420800
hijags,http://pbs.twimg.com/profile_images/2136072501/display-pic_bigger.jpg,https://twitter.com/hijags/status/555254322498658304
hemanthkumarbhk,http://pbs.twimg.com/profile_images/519333197255933952/nxtDFfp8_bigger.jpeg,https://twitter.com/hemanthkumarbhk/status/555277648822161408
heads_tails_,http://pbs.twimg.com/profile_images/541434845097119744/nVUgXX9T_bigger.jpeg,https://twitter.com/heads_tails_/status/557413690631532545
harishcherry727,http://pbs.twimg.com/profile_images/538345326612971520/UQNPQDFI_bigger.jpeg,https://twitter.com/harishcherry727/status/555306799973154816
harikiranroyal,http://pbs.twimg.com/profile_images/555744985530658816/Y6Re96Ym_bigger.jpeg,https://twitter.com/harikiranroyal/status/555253779700805632
harikashs,http://pbs.twimg.com/profile_images/532941947522920448/fPG8ANk0_bigger.jpeg,https://twitter.com/harikashs/status/555688938707247105
happybittu09,http://pbs.twimg.com/profile_images/446594724577566720/P6a5ScBQ_bigger.jpeg,https://twitter.com/happybittu09/status/555302036632129536
hancynikhil,http://pbs.twimg.com/profile_images/557092297305620480/wx69yLkS_bigger.jpeg,https://twitter.com/hancynikhil/status/557091502770233345
guptanagu8,http://pbs.twimg.com/profile_images/506868098964541440/q_7VuOBt_bigger.jpeg,https://twitter.com/guptanagu8/status/556859151830110208
gudapativinay,http://pbs.twimg.com/profile_images/514423414665134081/iBr73zrn_bigger.jpeg,https://twitter.com/gudapativinay/status/555356398532321280
gorschcova,http://pbs.twimg.com/profile_images/3175446866/a6ec2200b481c9639006ddf774d51fb4_bigger.jpeg,https://twitter.com/gorschcova/status/555784815287754752
gnrkishore,http://pbs.twimg.com/profile_images/2609616491/00wfd5rnx1ib4uebxn2x_bigger.jpeg,https://twitter.com/gnrkishore/status/555342704406581248
ghosttweeter3,http://pbs.twimg.com/profile_images/522581319444729856/7CHjmyls_bigger.jpeg,https://twitter.com/ghosttweeter3/status/555637110649409537
gangadharshett6,http://pbs.twimg.com/profile_images/478760008146886656/cgZtUBhL_bigger.jpeg,https://twitter.com/gangadharshett6/status/557214278663421952
ganeshbandla,http://pbs.twimg.com/profile_images/554446384481329152/0xZ1oqzy_bigger.jpeg,https://twitter.com/ganeshbandla/status/555266096194781185
firstshowz,http://pbs.twimg.com/profile_images/426753967695986690/cNSCkfDs_bigger.png,https://twitter.com/firstshowz/status/555287438113767424
filmlovertweet,http://pbs.twimg.com/profile_images/534244950104215552/Y0xW0GTS_bigger.jpeg,https://twitter.com/filmlovertweet/status/555300310541795328
filmibeat,http://pbs.twimg.com/profile_images/501337363482554369/4xMnerN0_bigger.jpeg,https://twitter.com/filmibeat/status/555266807376793600
fakeprofile420,http://abs.twimg.com/sticky/default_profile_images/default_profile_5_bigger.png,https://twitter.com/fakeprofile420/status/556375074316369920
e3talkies,http://pbs.twimg.com/profile_images/497686211117318144/gtl1NsRk_bigger.jpeg,https://twitter.com/e3talkies/status/555579065948573696
durgaprasadhere,http://pbs.twimg.com/profile_images/555269629061238785/rD5DQ0WN_bigger.jpeg,https://twitter.com/durgaprasadhere/status/555257637269282817
drravindrareddy,http://pbs.twimg.com/profile_images/915225726/OgAAAN3_Z5ta6mlV8wqQHe2vUS-zRawYWO1vCFoC_o5vuk9ZYsAdzxK3AdOIJ_cU90yPCxZVhOpflcxOhbOcf53dpNYAm1T1UEjgUVJiv28BAaklWhgVorMA46by_bigger.jpg,https://twitter.com/drravindrareddy/status/555267046066233344
diszazhar,http://pbs.twimg.com/profile_images/557404592753745922/zVdFJW33_bigger.jpeg,https://twitter.com/diszazhar/status/555258316746924032
dhoni_maniac,http://pbs.twimg.com/profile_images/557026830280957954/dDgIR64Z_bigger.jpeg,https://twitter.com/dhoni_maniac/status/555273457387073536
deepaknrn,http://pbs.twimg.com/profile_images/552480902534553600/nCC1nisq_bigger.jpeg,https://twitter.com/deepaknrn/status/555326723743424514
deepa_abirami,http://pbs.twimg.com/profile_images/541106947206832129/VPPsCD1C_bigger.jpeg,https://twitter.com/deepa_abirami/status/555263347491217408
damodar117799,http://pbs.twimg.com/profile_images/378800000113643565/72e4243cc356d9d19c62fdc130fbf327_bigger.jpeg,https://twitter.com/damodar117799/status/555574795169845248
daamooo,http://pbs.twimg.com/profile_images/448752728236253184/3YPgWwus_bigger.jpeg,https://twitter.com/daamooo/status/555257906128367616
conspiratorr,http://pbs.twimg.com/profile_images/551573505473773569/rPJzrItu_bigger.jpeg,https://twitter.com/conspiratorr/status/555783359633575936
cinewishesh,http://pbs.twimg.com/profile_images/522720022368497664/B_vUP_Lt_bigger.png,https://twitter.com/cinewishesh/status/557147906809937921
cine_sprint,http://pbs.twimg.com/profile_images/522722520919592960/MaUDthnO_bigger.png,https://twitter.com/cine_sprint/status/557137594966757377
chowind,http://pbs.twimg.com/profile_images/553649515417190401/sLWOyjLX_bigger.jpeg,https://twitter.com/chowind/status/555373493387161602
chkasi4,http://pbs.twimg.com/profile_images/554608028696064000/os9Cg5cG_bigger.jpeg,https://twitter.com/chkasi4/status/555184673328865280
chinnusrm,http://pbs.twimg.com/profile_images/554532004977319937/O6C-FaQ8_bigger.jpeg,https://twitter.com/chinnusrm/status/556012177367498752
chhweet_bwoy,http://pbs.twimg.com/profile_images/556369579933323264/kVH-BabC_bigger.jpeg,https://twitter.com/chhweet_bwoy/status/557074762858778624
chharish101,http://pbs.twimg.com/profile_images/446508131502133248/zzd8o1VY_bigger.jpeg,https://twitter.com/chharish101/status/555257589865267201
chenna_prince,http://pbs.twimg.com/profile_images/556026678032334848/q-FaDKLS_bigger.png,https://twitter.com/chenna_prince/status/555326598430621696
chavan2223,http://pbs.twimg.com/profile_images/556418880281640961/XCvUJpgl_bigger.jpeg,https://twitter.com/chavan2223/status/557166691205922817
charansrikanth1,http://pbs.twimg.com/profile_images/502050595356688384/s1EXt-sG_bigger.jpeg,https://twitter.com/charansrikanth1/status/555770744379310080
charan_thez,http://pbs.twimg.com/profile_images/557195730826174465/JpOKLPio_bigger.jpeg,https://twitter.com/charan_thez/status/555305276685811712
charan_fans,http://pbs.twimg.com/profile_images/555183978211057664/F1d8D_12_bigger.jpeg,https://twitter.com/charan_fans/status/555248678571499520
channel5in,http://pbs.twimg.com/profile_images/491629722518835200/ABP9G_up_bigger.jpeg,https://twitter.com/channel5in/status/556815440887185408
chakram21,http://pbs.twimg.com/profile_images/1354090878/DSC00194_bigger.JPG,https://twitter.com/chakram21/status/555255940992102400
chaithanya0001,http://pbs.twimg.com/profile_images/509628241875709952/Rj1Dd_5J_bigger.jpeg,https://twitter.com/chaithanya0001/status/555199991619149824
chai_ravipati,http://pbs.twimg.com/profile_images/555738193958408193/eSaMOTbQ_bigger.jpeg,https://twitter.com/chai_ravipati/status/555253402075021312
ch_venkatarao,http://pbs.twimg.com/profile_images/523535528252026880/-K4yBv84_bigger.jpeg,https://twitter.com/ch_venkatarao/status/555256394556125184
businessoftolly,http://pbs.twimg.com/profile_images/378800000408672584/dfb798e4d3d2d981408d4eb289f1e7fb_bigger.jpeg,https://twitter.com/businessoftolly/status/555305384437501952
buddypusala,http://pbs.twimg.com/profile_images/552750170257899520/3BVdRWb-_bigger.jpeg,https://twitter.com/buddypusala/status/555337428173479936
brahmakadali,http://pbs.twimg.com/profile_images/378800000642031300/249d24f0b7f928429b693ceb8b2d8c4f_bigger.jpeg,https://twitter.com/brahmakadali/status/555280206546485249
bobbyp26,http://pbs.twimg.com/profile_images/556671175951011841/tFZW62CL_bigger.jpeg,https://twitter.com/bobbyp26/status/555569487580524544
bmmuruli,http://pbs.twimg.com/profile_images/531448486722433024/wTvMpdK8_bigger.jpeg,https://twitter.com/bmmuruli/status/555274936969752578
bloggervikas,http://pbs.twimg.com/profile_images/543007511410782208/Atyi3VM5_bigger.jpeg,https://twitter.com/bloggervikas/status/555350964329123841
bkrsatish,http://pbs.twimg.com/profile_images/421250364482924544/hny6ypZ3_bigger.jpeg,https://twitter.com/bkrsatish/status/557018703783399425
bharathpspk,http://pbs.twimg.com/profile_images/550974896210079745/85XU58NB_bigger.jpeg,https://twitter.com/bharathpspk/status/555253159400968192
bashohasan,http://pbs.twimg.com/profile_images/486869383617052672/FRFTlAd7_bigger.jpeg,https://twitter.com/bashohasan/status/556259792230948864
baddam2503,http://pbs.twimg.com/profile_images/551423266917593088/zpKfAXqr_bigger.jpeg,https://twitter.com/baddam2503/status/556001058833436674
babugaru1,http://pbs.twimg.com/profile_images/539451075271471104/kYEHuyEn_bigger.png,https://twitter.com/babugaru1/status/555363850896154627
avvmohanmanoj,http://pbs.twimg.com/profile_images/432378016283365376/ymKO4snR_bigger.jpeg,https://twitter.com/avvmohanmanoj/status/555262471988969473
avinash67899,http://pbs.twimg.com/profile_images/419112349316829184/uriq-yvk_bigger.jpeg,https://twitter.com/avinash67899/status/557058181323431936
avi_incredible,http://pbs.twimg.com/profile_images/525554237606879232/iwuqgyLB_bigger.jpeg,https://twitter.com/avi_incredible/status/555332883888357376
avengerrss,http://pbs.twimg.com/profile_images/521883563747471360/8YSU6Lgz_bigger.jpeg,https://twitter.com/avengerrss/status/555255650184613888
askboxoffice,http://pbs.twimg.com/profile_images/378800000708178421/26deb77a4a70d96282b3b6e7de9b9f25_bigger.jpeg,https://twitter.com/askboxoffice/status/555326368943054849
ashok_vaithi,http://pbs.twimg.com/profile_images/557045014744690688/0ZU5s9VR_bigger.jpeg,https://twitter.com/ashok_vaithi/status/556799688901267456
arjun_sac,http://pbs.twimg.com/profile_images/549096929439657984/X0M9YjgH_bigger.jpeg,https://twitter.com/arjun_sac/status/555312458588377088
anudeesh,http://pbs.twimg.com/profile_images/536385474609180673/wkSROylq_bigger.jpeg,https://twitter.com/anudeesh/status/555265182075604992
anji_chiru,http://pbs.twimg.com/profile_images/543455898023124992/hk_GQDN3_bigger.jpeg,https://twitter.com/anji_chiru/status/555256416835870720
anjesh111,http://pbs.twimg.com/profile_images/446973689091719169/4isolOGu_bigger.jpeg,https://twitter.com/anjesh111/status/555322366801113088
anilsiddartha14,http://pbs.twimg.com/profile_images/475146210626375680/HVQxjxBn_bigger.jpeg,https://twitter.com/anilsiddartha14/status/555284338514731008
anilboina114,http://pbs.twimg.com/profile_images/557084108447174657/3P13k4md_bigger.jpeg,https://twitter.com/anilboina114/status/557176892755693569
amtrulySandeep,http://pbs.twimg.com/profile_images/556831924040118272/CnwXf1Nf_bigger.jpeg,https://twitter.com/amtrulySandeep/status/555382221453148160
amarnathss,http://pbs.twimg.com/profile_images/552356832035885056/aNTXYYY9_bigger.jpeg,https://twitter.com/amarnathss/status/555278556377276416
amalkr707,http://pbs.twimg.com/profile_images/378800000851388999/98082013923c7e772c5d93faa21bd318_bigger.jpeg,https://twitter.com/amalkr707/status/555292751156097026
alwaysmurli,http://pbs.twimg.com/profile_images/556007263077294080/JttDIAk1_bigger.jpeg,https://twitter.com/alwaysmurli/status/555255019553824768
allluarjun,http://pbs.twimg.com/profile_images/507892985044815872/1NO4ARqe_bigger.jpeg,https://twitter.com/allluarjun/status/555277411273560064
akshay_Dz,http://pbs.twimg.com/profile_images/556096649986977793/U_sudotU_bigger.jpeg,https://twitter.com/akshay_Dz/status/556462902677221376
ak_sravan,http://pbs.twimg.com/profile_images/550695633397362688/re1haLwj_bigger.jpeg,https://twitter.com/ak_sravan/status/555604574380105729
ajayhari444,http://pbs.twimg.com/profile_images/542870389144039425/A8QxHlsO_bigger.jpeg,https://twitter.com/ajayhari444/status/555308521978212353
abntelugutv,http://pbs.twimg.com/profile_images/416600582191718400/px1vJt1I_bigger.jpeg,https://twitter.com/abntelugutv/status/555692593955082241
abhitrendsetter,http://pbs.twimg.com/profile_images/556013191373656065/B39o4qpe_bigger.jpeg,https://twitter.com/abhitrendsetter/status/555309682038816768
abhishekreddyR,http://pbs.twimg.com/profile_images/546631609479200768/WNVUe2fh_bigger.jpeg,https://twitter.com/abhishekreddyR/status/556860789542227969
abhi_sakhumalla,http://pbs.twimg.com/profile_images/536430458662182912/gDTODsPV_bigger.jpeg,https://twitter.com/abhi_sakhumalla/status/555260002122747905
aanilk,http://pbs.twimg.com/profile_images/1175254540/33580_488983680294_655455294_7468657_8387690_n_bigger.jpg,https://twitter.com/aanilk/status/555287036211384321
aSouthIndian,http://pbs.twimg.com/profile_images/556825189992763392/VgCBOD3b_bigger.jpeg,https://twitter.com/aSouthIndian/status/556794205222088704
_vsri,http://pbs.twimg.com/profile_images/555935947796140032/fcb83gbI_bigger.jpeg,https://twitter.com/_vsri/status/557092453702852608
_tarak9999,http://pbs.twimg.com/profile_images/539026594119954432/vjE2i8gv_bigger.jpeg,https://twitter.com/_tarak9999/status/555613304807522304
_mahadevs,http://pbs.twimg.com/profile_images/553118753555087360/VmHiIxeE_bigger.jpeg,https://twitter.com/_mahadevs/status/555251631969673217
_PavanPrabhas,http://pbs.twimg.com/profile_images/554937895111258112/9bDEczvl_bigger.jpeg,https://twitter.com/_PavanPrabhas/status/556669117772476417
_Aarjun,http://pbs.twimg.com/profile_images/555717949965611010/zEXmN0K5_bigger.jpeg,https://twitter.com/_Aarjun/status/555069426169438209
ZeeTVTelugu,http://pbs.twimg.com/profile_images/3530255889/269665390498554e2866bb422008fd91_bigger.jpeg,https://twitter.com/ZeeTVTelugu/status/557114279753953280
YursNani,http://pbs.twimg.com/profile_images/557283080655089664/jSHnuQfQ_bigger.jpeg,https://twitter.com/YursNani/status/556495397322260480
Yash_ArtReAct,http://pbs.twimg.com/profile_images/555761487470292992/kEpbI6P1_bigger.jpeg,https://twitter.com/Yash_ArtReAct/status/555562856146423808
Web_Traffic_Hub,http://pbs.twimg.com/profile_images/551684127074709506/30V2mATU_bigger.png,https://twitter.com/Web_Traffic_Hub/status/555658946803810305
VenkateshVijaya,http://pbs.twimg.com/profile_images/557033760311353346/dEq_41kk_bigger.jpeg,https://twitter.com/VenkateshVijaya/status/555327658318233600
Varun_Santosh,http://pbs.twimg.com/profile_images/555730234150903809/iAvTU7n9_bigger.jpeg,https://twitter.com/Varun_Santosh/status/557411851512729600
VarunTejFans,http://pbs.twimg.com/profile_images/557130505347284993/FIPJZhPv_bigger.jpeg,https://twitter.com/VarunTejFans/status/555257490225389568
Urstheja,http://pbs.twimg.com/profile_images/556627995046076417/4BiH85cx_bigger.jpeg,https://twitter.com/Urstheja/status/555255746888085504
Urssantosh99,http://pbs.twimg.com/profile_images/542947541755518977/fDTFUVjM_bigger.jpeg,https://twitter.com/Urssantosh99/status/556171037696479232
Urs_Pawan,http://pbs.twimg.com/profile_images/551817466049855488/dswCdZTe_bigger.jpeg,https://twitter.com/Urs_Pawan/status/556677707468001280
UrsSamyuktha,http://pbs.twimg.com/profile_images/557205592897765376/TyWfHW3E_bigger.jpeg,https://twitter.com/UrsSamyuktha/status/555262233014730752
Trivikram_Fans,http://pbs.twimg.com/profile_images/554804254733369346/8AjNqFnA_bigger.jpeg,https://twitter.com/Trivikram_Fans/status/555260418772320257
TrivikramWORDS,http://pbs.twimg.com/profile_images/554609138236272640/9l_6DaYU_bigger.jpeg,https://twitter.com/TrivikramWORDS/status/557187001691029504
TrendsHyderabad,http://pbs.twimg.com/profile_images/1123407841/TrendsMap-Logo-_Dark___1__bigger.png,https://twitter.com/TrendsHyderabad/status/555309004843257856
TonyPraveen,http://pbs.twimg.com/profile_images/556841516069433348/ZlfbPbSA_bigger.jpeg,https://twitter.com/TonyPraveen/status/555589970845380608
Tollywood_tweet,http://pbs.twimg.com/profile_images/552350721408897024/zf9zmysr_bigger.jpeg,https://twitter.com/Tollywood_tweet/status/555267244385505281
TollywoodTrends,http://pbs.twimg.com/profile_images/550653793805684736/w0daq8MC_bigger.png,https://twitter.com/TollywoodTrends/status/557088944677191681
Ticket_Dada,http://pbs.twimg.com/profile_images/378800000478345256/ccca9760de43db46ba739508743cf2cb_bigger.png,https://twitter.com/Ticket_Dada/status/555299256521990144
TheBharatNews,http://pbs.twimg.com/profile_images/537137658577702913/0WCWk6kF_bigger.jpeg,https://twitter.com/TheBharatNews/status/555258031600971776
TharunReddy999,http://pbs.twimg.com/profile_images/555569500674748417/BRRVGnRN_bigger.jpeg,https://twitter.com/TharunReddy999/status/555263941098876928
TeluguFilmBuzz,http://pbs.twimg.com/profile_images/557016489488703488/aTIES76Y_bigger.jpeg,https://twitter.com/TeluguFilmBuzz/status/555323029215932418
TanishkMahesh,http://pbs.twimg.com/profile_images/524202692873175040/so6nDlDI_bigger.jpeg,https://twitter.com/TanishkMahesh/status/555257763182292992
TS_BoxOffice,http://pbs.twimg.com/profile_images/548740842370760705/zKEsiSdM_bigger.jpeg,https://twitter.com/TS_BoxOffice/status/556457681423044608
TGTicketgreen,http://pbs.twimg.com/profile_images/2513651098/tg_new_logo_bigger.JPG,https://twitter.com/TGTicketgreen/status/555326668781268992
TFI_Abimani,http://pbs.twimg.com/profile_images/378800000505380743/3979dff91e2528583ad89578ad24baba_bigger.jpeg,https://twitter.com/TFI_Abimani/status/556859852681519104
TEAM_JANASENA,http://pbs.twimg.com/profile_images/513047858937724928/XrcLDLMI_bigger.jpeg,https://twitter.com/TEAM_JANASENA/status/555256208588697600
SwarupPspk,http://pbs.twimg.com/profile_images/552098870906191872/QdTocxhw_bigger.jpeg,https://twitter.com/SwarupPspk/status/557100752934420480
Suvigneyasai,http://pbs.twimg.com/profile_images/556734155262685186/EQZbIom3_bigger.jpeg,https://twitter.com/Suvigneyasai/status/555306382446968833
Surya23Surya94,http://pbs.twimg.com/profile_images/556703935659270144/0mc4VZOI_bigger.jpeg,https://twitter.com/Surya23Surya94/status/555378439780569088
Suriya_FansClub,http://pbs.twimg.com/profile_images/450547384552931329/wNopinZu_bigger.jpeg,https://twitter.com/Suriya_FansClub/status/555297506004054016
SujithSai2,http://pbs.twimg.com/profile_images/2507212429/Photo0220_bigger.jpg,https://twitter.com/SujithSai2/status/555296057660170240
SujSujata,http://pbs.twimg.com/profile_images/502480072951881728/VqTRZNNE_bigger.jpeg,https://twitter.com/SujSujata/status/555297901795373056
Sugnan6,http://pbs.twimg.com/profile_images/532961921364811776/gE50fj3V_bigger.jpeg,https://twitter.com/Sugnan6/status/555298768086528001
SubbarajuSiva,http://pbs.twimg.com/profile_images/554935199834710016/t5Szfr3z_bigger.jpeg,https://twitter.com/SubbarajuSiva/status/555327110223376384
StudioFlicks,http://pbs.twimg.com/profile_images/556434479556734976/77Lzss02_bigger.png,https://twitter.com/StudioFlicks/status/555257476384174080
Srikanth_Editor,http://pbs.twimg.com/profile_images/442182923765022721/-pP6kau9_bigger.jpeg,https://twitter.com/Srikanth_Editor/status/555253996261101568
SravanQwel,http://pbs.twimg.com/profile_images/555436207333572608/KAY078Rz_bigger.jpeg,https://twitter.com/SravanQwel/status/556395044836368384
SimplySukiP,http://pbs.twimg.com/profile_images/3748462599/29c5511fe440af87b24e4e9a0976b0a8_bigger.jpeg,https://twitter.com/SimplySukiP/status/555253791574880256
Siddhartha619,http://pbs.twimg.com/profile_images/552884244477784067/A20rpm-3_bigger.jpeg,https://twitter.com/Siddhartha619/status/555254825697308673
ShubhamLovelove,http://pbs.twimg.com/profile_images/550610820359417856/K-_N8RKg_bigger.jpeg,https://twitter.com/ShubhamLovelove/status/555739901497327616
ShivangChauhans,http://pbs.twimg.com/profile_images/557153750599483392/011oZJJq_bigger.jpeg,https://twitter.com/ShivangChauhans/status/555319330917732352
SheshaMEGAfan,http://pbs.twimg.com/profile_images/518229092492005376/o3Mulbix_bigger.jpeg,https://twitter.com/SheshaMEGAfan/status/556391212391739392
ShekarNews,http://pbs.twimg.com/profile_images/538676858301063168/fCUfiAe2_bigger.jpeg,https://twitter.com/ShekarNews/status/555568992027291648
Sekarmba12,http://pbs.twimg.com/profile_images/493713571377725440/BOBH81hb_bigger.jpeg,https://twitter.com/Sekarmba12/status/556084246733799425
SathishSuryacse,http://pbs.twimg.com/profile_images/515804470949588992/xA8yW_5w_bigger.jpeg,https://twitter.com/SathishSuryacse/status/555338511704805377
Santupowerstar,http://pbs.twimg.com/profile_images/496334141307101184/bpcqmWSh_bigger.jpeg,https://twitter.com/Santupowerstar/status/555254643979456513
Santhoshnsandee,http://pbs.twimg.com/profile_images/513984480432775169/S3GhQ7HK_bigger.jpeg,https://twitter.com/Santhoshnsandee/status/555254061046329344
Sankeerthsonu,http://pbs.twimg.com/profile_images/555260890421800961/B3_72F_D_bigger.jpeg,https://twitter.com/Sankeerthsonu/status/555261295599972352
SanAnushka,http://pbs.twimg.com/profile_images/551330366745612289/86I9ctWw_bigger.jpeg,https://twitter.com/SanAnushka/status/555265975906353153
Sam_FCkerala,http://pbs.twimg.com/profile_images/547991327586004993/l2euWw-o_bigger.jpeg,https://twitter.com/Sam_FCkerala/status/556460875578474496
SakshiPost,http://pbs.twimg.com/profile_images/3219925225/3b424bf2678e132bc7e4dfd2a2fc131d_bigger.png,https://twitter.com/SakshiPost/status/557064626001547266
Sai_pallav,http://pbs.twimg.com/profile_images/556665850057342977/n9JYrHN6_bigger.jpeg,https://twitter.com/Sai_pallav/status/555629986682376193
SaiArvind5,http://pbs.twimg.com/profile_images/552325512769454080/oXg9Oz87_bigger.jpeg,https://twitter.com/SaiArvind5/status/555265155559215105
SagarPawanism1,http://pbs.twimg.com/profile_images/551607716272025601/T0sJQYiR_bigger.jpeg,https://twitter.com/SagarPawanism1/status/555247176528297984
SSAAfanclub,http://pbs.twimg.com/profile_images/494007169012867073/XWnVWzGy_bigger.jpeg,https://twitter.com/SSAAfanclub/status/555264751022784513
SRIKANTHGUPTHA,http://pbs.twimg.com/profile_images/552485862521335808/NZH5T4f3_bigger.jpeg,https://twitter.com/SRIKANTHGUPTHA/status/555315040572551168
SMTollywood,http://pbs.twimg.com/profile_images/501999168143900672/gBKc8eKR_bigger.png,https://twitter.com/SMTollywood/status/555251949667250177
SKNonline,http://pbs.twimg.com/profile_images/553562472678842368/wH00d5c__bigger.jpeg,https://twitter.com/SKNonline/status/555253300438642688
SESHU_44,http://pbs.twimg.com/profile_images/434354905889792000/4u3Qvrvw_bigger.jpeg,https://twitter.com/SESHU_44/status/555254032001150977
SBurglar,http://pbs.twimg.com/profile_images/543621778161934336/u9LDTzEv_bigger.jpeg,https://twitter.com/SBurglar/status/555271018067918848
SASIKAL94407715,http://pbs.twimg.com/profile_images/557367631565443073/PQZhgr3x_bigger.jpeg,https://twitter.com/SASIKAL94407715/status/556109239861534721
Rudhramadevi,http://pbs.twimg.com/profile_images/552758734322028544/-pGGSoLi_bigger.jpeg,https://twitter.com/Rudhramadevi/status/555183328374947840
RogithVGS,http://pbs.twimg.com/profile_images/553072495549366272/Wjz6HYZV_bigger.jpeg,https://twitter.com/RogithVGS/status/555263707148587010
Ro0ZA190,http://pbs.twimg.com/profile_images/378800000130739196/f624f1231d54d817f51a535660238d5b_bigger.jpeg,https://twitter.com/Ro0ZA190/status/555291439513362432
Real_SunilKumar,http://pbs.twimg.com/profile_images/554558353708285952/J6U7GAA-_bigger.jpeg,https://twitter.com/Real_SunilKumar/status/555255360408125440
RakhiRp97,http://abs.twimg.com/sticky/default_profile_images/default_profile_1_bigger.png,https://twitter.com/RakhiRp97/status/557227353705701376
RajuReformer,http://pbs.twimg.com/profile_images/553113067114860544/wh4ACFPk_bigger.jpeg,https://twitter.com/RajuReformer/status/555067654458064896
RajeshBJV,http://pbs.twimg.com/profile_images/524238162755731456/HED0Wcwv_bigger.jpeg,https://twitter.com/RajeshBJV/status/555260456815034368
Rajashekar3332V,http://pbs.twimg.com/profile_images/544190586433982464/7MXYMqyO_bigger.jpeg,https://twitter.com/Rajashekar3332V/status/555411245856063489
Rajareddy_Pk,http://pbs.twimg.com/profile_images/557084105536327680/PGGHzZvr_bigger.jpeg,https://twitter.com/Rajareddy_Pk/status/555254048404697088
RaghavaJulaay,http://pbs.twimg.com/profile_images/1218892930/new_bigger.jpg,https://twitter.com/RaghavaJulaay/status/555314074162982916
Radiojoshlive,http://pbs.twimg.com/profile_images/431861541793587200/scxfN8cU_bigger.png,https://twitter.com/Radiojoshlive/status/555371677379735554
RC_PicZone,http://pbs.twimg.com/profile_images/554499760107687937/GSMHYPXO_bigger.jpeg,https://twitter.com/RC_PicZone/status/555252579366494208
RC_Fanclub,http://pbs.twimg.com/profile_images/555019890772295681/Yir6Pzk8_bigger.jpeg,https://twitter.com/RC_Fanclub/status/556083308031770624
Praveen_Ileana,http://pbs.twimg.com/profile_images/553194866373443585/OYNnQzC__bigger.jpeg,https://twitter.com/Praveen_Ileana/status/555256627087945728
PrakashMahadev,http://pbs.twimg.com/profile_images/550892970975576064/_D9oZcc8_bigger.jpeg,https://twitter.com/PrakashMahadev/status/555264423682510849
PawanKalyanFan,http://pbs.twimg.com/profile_images/556139937477574657/mtCktbbI_bigger.jpeg,https://twitter.com/PawanKalyanFan/status/555254067136446465
PavanSurvi,http://pbs.twimg.com/profile_images/3112143161/a60b3e099b9711fe02b181b2c94c177e_bigger.jpeg,https://twitter.com/PavanSurvi/status/557055212414717952
PashyaVarun,http://pbs.twimg.com/profile_images/454505231531798529/ATxod694_bigger.jpeg,https://twitter.com/PashyaVarun/status/557064805274488832
PalliBataniAP,http://pbs.twimg.com/profile_images/378800000160532740/c2863766ee0ec4bc2cf53362761e4594_bigger.jpeg,https://twitter.com/PalliBataniAP/status/555300140253077504
PakkaPKfan,http://pbs.twimg.com/profile_images/556648475283034113/Zhd6Y2k0_bigger.jpeg,https://twitter.com/PakkaPKfan/status/555323616061952001
PadamPrakash2,http://pbs.twimg.com/profile_images/554145399229800449/qGkYaBV6_bigger.jpeg,https://twitter.com/PadamPrakash2/status/556506905162444800
PKfan_JP,http://pbs.twimg.com/profile_images/552110714593099776/DLb0cJUP_bigger.jpeg,https://twitter.com/PKfan_JP/status/555363088401068032
OnlYforYouSam,http://pbs.twimg.com/profile_images/528742275124170752/gIOi5WB__bigger.jpeg,https://twitter.com/OnlYforYouSam/status/556418574844047360
OneindiaKannada,http://pbs.twimg.com/profile_images/459311533676167168/72OYr6Ow_bigger.jpeg,https://twitter.com/OneindiaKannada/status/555962655723110400
OMG_ItsArsh,http://pbs.twimg.com/profile_images/555746294396760067/0dP_TtV2_bigger.jpeg,https://twitter.com/OMG_ItsArsh/status/555259525654016000
Nitya200129,http://pbs.twimg.com/profile_images/523806770372698112/89Qawxgh_bigger.jpeg,https://twitter.com/Nitya200129/status/555551609350922240
Nena_KumarDevgn,http://pbs.twimg.com/profile_images/556723343940784128/ZnoOGO3U_bigger.jpeg,https://twitter.com/Nena_KumarDevgn/status/555774001075597312
Navya_Tweets,http://pbs.twimg.com/profile_images/557161053990027265/HGV-sBEF_bigger.jpeg,https://twitter.com/Navya_Tweets/status/555587597557170176
NarensTweetz,http://pbs.twimg.com/profile_images/527109724647333889/u3K3K6g4_bigger.jpeg,https://twitter.com/NarensTweetz/status/556295405613633536
NTR_jako,http://pbs.twimg.com/profile_images/378800000202703712/1083ab59076b0a2b5dae71ea63882b58_bigger.jpeg,https://twitter.com/NTR_jako/status/555306598306820098
NSatyaChaitanya,http://pbs.twimg.com/profile_images/555259689764528129/RSjzuXAQ_bigger.jpeg,https://twitter.com/NSatyaChaitanya/status/555260197543751680
MyNameIsKarann,http://pbs.twimg.com/profile_images/508693182876360704/bmkcNlFt_bigger.jpeg,https://twitter.com/MyNameIsKarann/status/555293677694640128
Mvijay_Vj,http://pbs.twimg.com/profile_images/541512423199346688/W5TPRKKn_bigger.jpeg,https://twitter.com/Mvijay_Vj/status/555205228816261120
MutyamPower,http://pbs.twimg.com/profile_images/551693221957357568/vzoW4lu8_bigger.jpeg,https://twitter.com/MutyamPower/status/555602368151052291
MultiMovies,http://pbs.twimg.com/profile_images/491529936650260480/fOy4WOad_bigger.png,https://twitter.com/MultiMovies/status/555264133529341952
MrVamsheeReddy,http://pbs.twimg.com/profile_images/552317439032041472/JEggdLx4_bigger.jpeg,https://twitter.com/MrVamsheeReddy/status/555270047858298880
MpVaishali4,http://pbs.twimg.com/profile_images/554911862131666944/6vaSL8-7_bigger.jpeg,https://twitter.com/MpVaishali4/status/555276333740072962
MovifiedTelugu,http://pbs.twimg.com/profile_images/550635528542887936/muDoFCmt_bigger.jpeg,https://twitter.com/MovifiedTelugu/status/555267997837688832
MovifiedTamil,http://pbs.twimg.com/profile_images/556135734248079360/V284NOrV_bigger.jpeg,https://twitter.com/MovifiedTamil/status/555268253094649856
MoviezzLover,http://pbs.twimg.com/profile_images/555424554059722752/8DGcISom_bigger.jpeg,https://twitter.com/MoviezzLover/status/556860179438764032
MoviesDialogues,http://pbs.twimg.com/profile_images/378800000368654088/247200c56b34c1fcc00e63cf94dc3ce5_bigger.jpeg,https://twitter.com/MoviesDialogues/status/555286639346712576
Mokhalingam_PKF,http://pbs.twimg.com/profile_images/550585300808781824/HTXXR_Or_bigger.jpeg,https://twitter.com/Mokhalingam_PKF/status/555258037590429696
Misha24j,http://pbs.twimg.com/profile_images/555675526363238400/zjW4be8k_bigger.jpeg,https://twitter.com/Misha24j/status/555962180018143233
MichaelAnish,http://pbs.twimg.com/profile_images/549231709942607874/2OZZnYUF_bigger.jpeg,https://twitter.com/MichaelAnish/status/556012800997203969
Mesandeepsagar,http://pbs.twimg.com/profile_images/424819838675349504/8RDH9QU5_bigger.jpeg,https://twitter.com/Mesandeepsagar/status/555258613762359297
MegastarFC,http://pbs.twimg.com/profile_images/554517413878710273/1_LcN6Ym_bigger.jpeg,https://twitter.com/MegastarFC/status/555256334166159360
MegastarCharan,http://pbs.twimg.com/profile_images/555664479401172992/_es77g8q_bigger.jpeg,https://twitter.com/MegastarCharan/status/556447697121468418
Megafans_club,http://pbs.twimg.com/profile_images/530600200352432128/R2e3vvOA_bigger.jpeg,https://twitter.com/Megafans_club/status/556123853534277633
MegaStars_FC,http://pbs.twimg.com/profile_images/554948710686150656/7tduKn8S_bigger.jpeg,https://twitter.com/MegaStars_FC/status/555307199715885056
MegaFansss,http://pbs.twimg.com/profile_images/489286533128531968/5wtNXzEH_bigger.jpeg,https://twitter.com/MegaFansss/status/555588013456375808
Mee_Varun,http://pbs.twimg.com/profile_images/556064147247353858/RxwkHhMJ_bigger.jpeg,https://twitter.com/Mee_Varun/status/555063252783079425
MeePsp,http://pbs.twimg.com/profile_images/549061280531632128/Ii2JRfUM_bigger.jpeg,https://twitter.com/MeePsp/status/555381867856142336
MediaTimez,http://pbs.twimg.com/profile_images/515780083110264832/XmiIIXhY_bigger.png,https://twitter.com/MediaTimez/status/555262750637572096
MaruthiTalkies,http://pbs.twimg.com/profile_images/522656284139458560/Ir7wdn3M_bigger.png,https://twitter.com/MaruthiTalkies/status/555309483673387008
Marathibunny,http://pbs.twimg.com/profile_images/378800000155281127/d012964dbe70e09fb631e180552e57cc_bigger.jpeg,https://twitter.com/Marathibunny/status/555320359663058945
Manoranjan328,http://pbs.twimg.com/profile_images/521528346471976963/cjSvXlWW_bigger.jpeg,https://twitter.com/Manoranjan328/status/555570879112183809
ManojMalladi,http://pbs.twimg.com/profile_images/515027603632037888/tSyMZm5O_bigger.jpeg,https://twitter.com/ManojMalladi/status/555256077332127744
MajjiMurali,http://abs.twimg.com/sticky/default_profile_images/default_profile_2_bigger.png,https://twitter.com/MajjiMurali/status/556678382662873088
MaheshGinugu,http://pbs.twimg.com/profile_images/552373646098841600/f6op95e5_bigger.jpeg,https://twitter.com/MaheshGinugu/status/555256768054312960
MadOverMovie,http://pbs.twimg.com/profile_images/531752189266366466/nj3BKLsg_bigger.jpeg,https://twitter.com/MadOverMovie/status/555338475050786817
MULAKALAGUMADAM,http://abs.twimg.com/sticky/default_profile_images/default_profile_6_bigger.png,https://twitter.com/MULAKALAGUMADAM/status/555247681040564225
MAHENDRA792,http://pbs.twimg.com/profile_images/429631448492961792/bTzHib0f_bigger.jpeg,https://twitter.com/MAHENDRA792/status/555334061141413888
M4MalliGadu,http://pbs.twimg.com/profile_images/494351877153116163/yl7p56YV_bigger.jpeg,https://twitter.com/M4MalliGadu/status/555253559944814592
LaxmanShrigire7,http://pbs.twimg.com/profile_images/478104161121099776/YO-NEiv9_bigger.jpeg,https://twitter.com/LaxmanShrigire7/status/556038067471921152
Lawaentertain,http://pbs.twimg.com/profile_images/547378155569176577/PbaaFoQR_bigger.jpeg,https://twitter.com/Lawaentertain/status/555398747601924097
KugathasVimalan,http://pbs.twimg.com/profile_images/550877873184051202/-J5iUsVS_bigger.jpeg,https://twitter.com/KugathasVimalan/status/555293378024206338
Kube333,http://pbs.twimg.com/profile_images/554488369707622400/uScRTx6b_bigger.jpeg,https://twitter.com/Kube333/status/555590760158867456
KnowYourSong,http://pbs.twimg.com/profile_images/534374541846253569/SWHo9LxX_bigger.png,https://twitter.com/KnowYourSong/status/555070591200268288
KiTtu_PSPK,http://pbs.twimg.com/profile_images/556513008122228736/6e5OlqMg_bigger.jpeg,https://twitter.com/KiTtu_PSPK/status/555253463328636928
Karthic12345,http://pbs.twimg.com/profile_images/552700430174519296/NmorypoL_bigger.jpeg,https://twitter.com/Karthic12345/status/555615814414376961
Kareem_CPT,http://pbs.twimg.com/profile_images/507073301261197312/cKIMquK5_bigger.jpeg,https://twitter.com/Kareem_CPT/status/555312393723453440
Kalyan_kks,http://pbs.twimg.com/profile_images/555240420507000832/NemoXQWW_bigger.jpeg,https://twitter.com/Kalyan_kks/status/557019868529061890
KURMALASURESH,http://pbs.twimg.com/profile_images/551629685457580032/g9lrcfAr_bigger.jpeg,https://twitter.com/KURMALASURESH/status/555159901765267456
JonamIradohd,http://pbs.twimg.com/profile_images/482340007470833664/zXHil_Ei_bigger.jpeg,https://twitter.com/JonamIradohd/status/555318962821410817
JaiDev_Pawanism,http://pbs.twimg.com/profile_images/378800000399353330/0b2c55913ffc9c631d8541bed4d94c3c_bigger.jpeg,https://twitter.com/JaiDev_Pawanism/status/555347010983702528
Jaeyshree,http://pbs.twimg.com/profile_images/2288912650/406660_118066031645662_100003267988547_91579_560550981_a_bigger.jpg,https://twitter.com/Jaeyshree/status/556144579687108608
Itzzzviswateja,http://pbs.twimg.com/profile_images/554211484423561216/rDsYf_CQ_bigger.jpeg,https://twitter.com/Itzzzviswateja/status/555272141017333761
ItzMe_Naveen,http://pbs.twimg.com/profile_images/550656767323930624/jAUsQM6O_bigger.jpeg,https://twitter.com/ItzMe_Naveen/status/555259594834866176
Itsme_Thej,http://pbs.twimg.com/profile_images/556713960557137920/QxeDYCEF_bigger.jpeg,https://twitter.com/Itsme_Thej/status/555277409512345600
ItsVenkatT,http://pbs.twimg.com/profile_images/557417787816046592/LEFQXrxI_bigger.jpeg,https://twitter.com/ItsVenkatT/status/555647781704970240
ItsSnazzyStar,http://pbs.twimg.com/profile_images/539461081601556480/Zq94XoYD_bigger.jpeg,https://twitter.com/ItsSnazzyStar/status/555576360693809152
ItsSaqib_,http://pbs.twimg.com/profile_images/539740345181814784/HPAp_1sc_bigger.jpeg,https://twitter.com/ItsSaqib_/status/555269752436699137
IrinaAmira,http://pbs.twimg.com/profile_images/536791080650289152/UCNHxN20_bigger.png,https://twitter.com/IrinaAmira/status/555342320745603073
IndianMovieFrnd,http://pbs.twimg.com/profile_images/511536256262488064/wBUo2uUO_bigger.jpeg,https://twitter.com/IndianMovieFrnd/status/555406411749146626
ImSunilCherry,http://pbs.twimg.com/profile_images/557159686701457410/0YRr8umC_bigger.jpeg,https://twitter.com/ImSunilCherry/status/555399330837037057
IemManikanta,http://pbs.twimg.com/profile_images/554319464775159808/goUINi-o_bigger.jpeg,https://twitter.com/IemManikanta/status/555569785535074304
Iamdvr_,http://pbs.twimg.com/profile_images/556520980693020672/xMwfWfmA_bigger.jpeg,https://twitter.com/Iamdvr_/status/555255927276720128
Iam_Hariish,http://pbs.twimg.com/profile_images/556193174603841537/KPHzGYsb_bigger.jpeg,https://twitter.com/Iam_Hariish/status/555260009547067392
I_ViNNU,http://pbs.twimg.com/profile_images/473475077065809920/TDRL4xvE_bigger.jpeg,https://twitter.com/I_ViNNU/status/555589436147130368
ITeluguCinema,http://pbs.twimg.com/profile_images/492333379677724672/6UnBmH6K_bigger.jpeg,https://twitter.com/ITeluguCinema/status/556321451658059777
ILuvCinemaIN,http://pbs.twimg.com/profile_images/477715390357716992/Su8D9mIG_bigger.png,https://twitter.com/ILuvCinemaIN/status/555257425427574784
HittaPhatta,http://pbs.twimg.com/profile_images/547012922820407296/JvWBlWdI_bigger.png,https://twitter.com/HittaPhatta/status/555576108100235264
Himanshualwayes,http://pbs.twimg.com/profile_images/548081653080272896/TLIEBdeQ_bigger.jpeg,https://twitter.com/Himanshualwayes/status/556392598990880768
HasithKrishna,http://pbs.twimg.com/profile_images/556001573940121601/mC1gq51u_bigger.jpeg,https://twitter.com/HasithKrishna/status/555253388305133568
Harish_Charan,http://pbs.twimg.com/profile_images/546971256176640002/OQ_TAWh4_bigger.jpeg,https://twitter.com/Harish_Charan/status/555054044410949633
Hari4Superstar,http://pbs.twimg.com/profile_images/514793532406509568/MrH23NQ5_bigger.jpeg,https://twitter.com/Hari4Superstar/status/555404777131999233
Hanu_MegaPower,http://pbs.twimg.com/profile_images/549925841228931074/O-w2UQ8t_bigger.jpeg,https://twitter.com/Hanu_MegaPower/status/555624284786544641
GunvantSr,http://pbs.twimg.com/profile_images/547420040463515650/IS1WwmpR_bigger.jpeg,https://twitter.com/GunvantSr/status/555309884208476160
GolisodaFilms,http://pbs.twimg.com/profile_images/3510665122/d011b9f18db4dd13772015f0b7f684c0_bigger.jpeg,https://twitter.com/GolisodaFilms/status/556812330281885696
GeminiTV,http://pbs.twimg.com/profile_images/1812705905/gemini-tv_bigger.jpg,https://twitter.com/GeminiTV/status/555069343026139137
GaneshGsnesh,http://pbs.twimg.com/profile_images/554197192823418880/sDu_E1Q__bigger.jpeg,https://twitter.com/GaneshGsnesh/status/555990165517115394
GIRI_24365,http://pbs.twimg.com/profile_images/510767942225522688/WX0XXeE2_bigger.jpeg,https://twitter.com/GIRI_24365/status/556484723678003201
FilmyTelugu,http://pbs.twimg.com/profile_images/535555421784653825/JSrAb3Ez_bigger.png,https://twitter.com/FilmyTelugu/status/555300817788358656
FilmibeatTe,http://pbs.twimg.com/profile_images/507092065440653312/cDzLLJ-W_bigger.jpeg,https://twitter.com/FilmibeatTe/status/555330415657877505
FilmibeatKa,http://pbs.twimg.com/profile_images/507092714886668288/0UaEZBsM_bigger.jpeg,https://twitter.com/FilmibeatKa/status/555962651025494016
Filmdhamaka,http://pbs.twimg.com/profile_images/554818557410676737/waQHHBO1_bigger.jpeg,https://twitter.com/Filmdhamaka/status/555591000869961728
FanOf_Chiru,http://pbs.twimg.com/profile_images/540200760437268480/D22EgL72_bigger.jpeg,https://twitter.com/FanOf_Chiru/status/555210242405855233
EthanHuntFan,http://pbs.twimg.com/profile_images/552345238274973696/ZcQfXvBO_bigger.jpeg,https://twitter.com/EthanHuntFan/status/555256522226159616
DesireTrees,http://pbs.twimg.com/profile_images/494796651442081792/bIzfAxm-_bigger.jpeg,https://twitter.com/DesireTrees/status/555639184405172225
DellVn_Rz,http://pbs.twimg.com/profile_images/553464150630727680/bN_QtBej_bigger.jpeg,https://twitter.com/DellVn_Rz/status/556495314912161793
DIBYA100BABU,http://pbs.twimg.com/profile_images/489577009069043712/XRu1gG3e_bigger.jpeg,https://twitter.com/DIBYA100BABU/status/555620842303131648
CompleteCinema,http://abs.twimg.com/sticky/default_profile_images/default_profile_0_bigger.png,https://twitter.com/CompleteCinema/status/555327045308129280
Cinenewsworld,http://pbs.twimg.com/profile_images/462831992824803328/yjgOAgi3_bigger.jpeg,https://twitter.com/Cinenewsworld/status/556995008826335232
CinemaPassion99,http://pbs.twimg.com/profile_images/436514414737379328/bqLP7C_O_bigger.jpeg,https://twitter.com/CinemaPassion99/status/556435040117084161
ChiruandDravid,http://pbs.twimg.com/profile_images/499959352854208514/7eGzCqOg_bigger.jpeg,https://twitter.com/ChiruandDravid/status/555301762542751745
Cherry_ravi,http://pbs.twimg.com/profile_images/557400380493938688/ZZ9SYYVu_bigger.jpeg,https://twitter.com/Cherry_ravi/status/556055661050490880
Charanizm,http://pbs.twimg.com/profile_images/543672760887570433/-AjhjiIp_bigger.jpeg,https://twitter.com/Charanizm/status/555304748237090816
Charan_Arjun4,http://pbs.twimg.com/profile_images/505973753264607233/eaXruZOn_bigger.jpeg,https://twitter.com/Charan_Arjun4/status/555269766924222465
ChanduMedikonda,http://pbs.twimg.com/profile_images/552003020414676992/P8wYZcuf_bigger.jpeg,https://twitter.com/ChanduMedikonda/status/555260049031823360
Cavks,http://pbs.twimg.com/profile_images/531107177008615425/G6w8jW1n_bigger.jpeg,https://twitter.com/Cavks/status/555353600591790082
CallmeHaRsh,http://pbs.twimg.com/profile_images/556861545448108032/OkhS0F7a_bigger.jpeg,https://twitter.com/CallmeHaRsh/status/555437893984845824
Bunny_Fanatic,http://pbs.twimg.com/profile_images/551249119994318848/yrQhWqWH_bigger.jpeg,https://twitter.com/Bunny_Fanatic/status/556491601816465408
BsraBzkrt1,http://pbs.twimg.com/profile_images/552914860011319296/cIOG8Tiz_bigger.jpeg,https://twitter.com/BsraBzkrt1/status/555676466189729792
BollywoodH,http://pbs.twimg.com/profile_images/438551055039610880/rByEZjV7_bigger.jpeg,https://twitter.com/BollywoodH/status/555764615108231168
Bobby_Don1,http://pbs.twimg.com/profile_images/551646036611956736/9D-JxwF4_bigger.jpeg,https://twitter.com/Bobby_Don1/status/555254815240896512
Bijay1223,http://pbs.twimg.com/profile_images/543296387031396352/iXiQjFcs_bigger.jpeg,https://twitter.com/Bijay1223/status/555688088098197504
Big_Megaholic,http://pbs.twimg.com/profile_images/535339123943297024/pGdNkQly_bigger.jpeg,https://twitter.com/Big_Megaholic/status/555298621889851392
BhavaniShreeRaj,http://pbs.twimg.com/profile_images/550311827632951296/KAvsX8oE_bigger.jpeg,https://twitter.com/BhavaniShreeRaj/status/555979033721466880
BharatMovies,http://pbs.twimg.com/profile_images/510333377254154240/rtE9ECYr_bigger.png,https://twitter.com/BharatMovies/status/555277865319927808
Bhagi_SL,http://pbs.twimg.com/profile_images/557407224406888449/2MIHp8kD_bigger.jpeg,https://twitter.com/Bhagi_SL/status/555303885179351040
Beerdaas,http://pbs.twimg.com/profile_images/535868932763054081/InDMs2tU_bigger.jpeg,https://twitter.com/Beerdaas/status/557141322390188032
BeHappyQuotes2u,http://pbs.twimg.com/profile_images/523519471080570881/BOixZQ_h_bigger.jpeg,https://twitter.com/BeHappyQuotes2u/status/555261847658434560
BarnalaSaradhi,http://pbs.twimg.com/profile_images/504930956365398016/q6-Qldk8_bigger.jpeg,https://twitter.com/BarnalaSaradhi/status/555544162498387968
Avinashrepaka,http://pbs.twimg.com/profile_images/548186820186357761/n1SIkUrg_bigger.jpeg,https://twitter.com/Avinashrepaka/status/557181482167328770
Asthala_Krrish,http://pbs.twimg.com/profile_images/446913154036289536/1nl4-7qC_bigger.jpeg,https://twitter.com/Asthala_Krrish/status/555057124628123648
AsianCinemas_,http://pbs.twimg.com/profile_images/540130570752102402/DJgthOmP_bigger.jpeg,https://twitter.com/AsianCinemas_/status/555353916838129664
ArlagaddaS,http://abs.twimg.com/sticky/default_profile_images/default_profile_2_bigger.png,https://twitter.com/ArlagaddaS/status/556765408640786432
AnjaanMasss,http://pbs.twimg.com/profile_images/556209251429781504/FcZSN9s1_bigger.jpeg,https://twitter.com/AnjaanMasss/status/555275578324946944
Andhravilasnews,http://pbs.twimg.com/profile_images/892280632/andhravilasv_logo3333_jpg_file_small_bigger.jpg,https://twitter.com/Andhravilasnews/status/555254558054961154
AndhraPortal,http://pbs.twimg.com/profile_images/456467742678200321/Aii03Ela_bigger.png,https://twitter.com/AndhraPortal/status/555300014495653888
Andhra365,http://pbs.twimg.com/profile_images/459937163677671425/_ussgXCA_bigger.jpeg,https://twitter.com/Andhra365/status/555368951539302400
AmRinku,http://pbs.twimg.com/profile_images/556382829198598144/WFHkfauG_bigger.jpeg,https://twitter.com/AmRinku/status/555575427545067520
AlwaysursRaj,http://pbs.twimg.com/profile_images/556730672673337346/7DKfuLi1_bigger.jpeg,https://twitter.com/AlwaysursRaj/status/555284515078152192
Always_Arjun,http://pbs.twimg.com/profile_images/502996201080225792/P7aVD8vl_bigger.jpeg,https://twitter.com/Always_Arjun/status/555256291866587138
AlwaysRcFan,http://pbs.twimg.com/profile_images/505979579027046401/3qUghRUx_bigger.jpeg,https://twitter.com/AlwaysRcFan/status/555282338947821568
AlwaysBunnyFan,http://pbs.twimg.com/profile_images/534990654657425408/BRhb-nIx_bigger.jpeg,https://twitter.com/AlwaysBunnyFan/status/555053186109947904
AlluarjunsTk,http://pbs.twimg.com/profile_images/2466990836/cjxfrwp3n2tfw0pshlj3_bigger.jpeg,https://twitter.com/AlluarjunsTk/status/555323448248246273
AlluarjunStyle,http://abs.twimg.com/sticky/default_profile_images/default_profile_6_bigger.png,https://twitter.com/AlluarjunStyle/status/557044336547094528
AlluArjun_AA,http://pbs.twimg.com/profile_images/527309144597233664/uVBJ8ynz_bigger.jpeg,https://twitter.com/AlluArjun_AA/status/555053410018689024
AlluArjunFC_,http://pbs.twimg.com/profile_images/549978326052245504/zjxm_Ozu_bigger.jpeg,https://twitter.com/AlluArjunFC_/status/555269311695032320
AlluArjunAdicts,http://pbs.twimg.com/profile_images/553110027490193408/IcaMuOZK_bigger.jpeg,https://twitter.com/AlluArjunAdicts/status/555246980381675520
AlekhyaAkhi999,http://pbs.twimg.com/profile_images/557028865638289408/7JfFXHZV_bigger.jpeg,https://twitter.com/AlekhyaAkhi999/status/557367678654902272
AdityaVangara,http://pbs.twimg.com/profile_images/378800000061177301/283bc44a1966ead537108a8ff762baa7_bigger.jpeg,https://twitter.com/AdityaVangara/status/555270794029170689
Addicted2Charan,http://pbs.twimg.com/profile_images/556405926739976192/eXKhU9QA_bigger.jpeg,https://twitter.com/Addicted2Charan/status/555616670643802112
Actressbooks,http://pbs.twimg.com/profile_images/1158582584/4_bigger.jpg,https://twitter.com/Actressbooks/status/555342394850177025
ActorAllu,http://pbs.twimg.com/profile_images/556298965264527360/vsihNcbg_bigger.jpeg,https://twitter.com/ActorAllu/status/556368383604563969
AMMUUBUNNY,http://pbs.twimg.com/profile_images/555178160950480896/q2VeTKR4_bigger.jpeg,https://twitter.com/AMMUUBUNNY/status/555266629483761665
ALwaysVIKRANTH,http://pbs.twimg.com/profile_images/551800865409875968/LOBx_5Zo_bigger.jpeg,https://twitter.com/ALwaysVIKRANTH/status/555254015269687296
9ulovesu,http://pbs.twimg.com/profile_images/471096249655889920/_w8DZcce_bigger.jpeg,https://twitter.com/9ulovesu/status/555371369064841217
909411638a6e487,http://pbs.twimg.com/profile_images/553956592773656576/AoOzHN3V_bigger.png,https://twitter.com/909411638a6e487/status/555256825226883072
8142173400Sk,http://abs.twimg.com/sticky/default_profile_images/default_profile_4_bigger.png,https://twitter.com/8142173400Sk/status/555554831008419840
7191_gm,http://pbs.twimg.com/profile_images/556143499146297344/_sgUKEAW_bigger.jpeg,https://twitter.com/7191_gm/status/555270475153031168
67119026929a4ba,http://pbs.twimg.com/profile_images/556504457052422144/FGZIEDSa_bigger.jpeg,https://twitter.com/67119026929a4ba/status/555302761911558145
4Invincibles,http://pbs.twimg.com/profile_images/555441873435631616/fiDEMqHY_bigger.jpeg,https://twitter.com/4Invincibles/status/555325277400596481
365cinekhajana,http://pbs.twimg.com/profile_images/480582821010870274/RTcqlU8B_bigger.jpeg,https://twitter.com/365cinekhajana/status/555261420325982208
143_mansoor,http://pbs.twimg.com/profile_images/551096848258056194/bTez4Bqy_bigger.jpeg,https://twitter.com/143_mansoor/status/555259753119895552
123telugu,http://pbs.twimg.com/profile_images/141909565/1_bigger.JPG,https://twitter.com/123telugu/status/557031280970194944
1050_raju,http://abs.twimg.com/sticky/default_profile_images/default_profile_0_bigger.png,https://twitter.com/1050_raju/status/557237568228454400
0486Ravi,http://pbs.twimg.com/profile_images/554662964381241344/CgR1lqAq_bigger.jpeg,https://twitter.com/0486Ravi/status/555255265281327104
