http://pbs.twimg.com/profile_images/508988134629982208/QHCnD_Si_bigger.png,SarcasmNote,https://twitter.com/SarcasmNote,
http://pbs.twimg.com/profile_images/533002597490495489/mJTJChlz_bigger.jpeg,OfficialJB10_,https://twitter.com/OfficialJB10_,
http://pbs.twimg.com/profile_images/454227246392557568/ADauUmmB_bigger.jpeg,MEGATR0N527,https://twitter.com/MEGATR0N527,
http://pbs.twimg.com/profile_images/548375549320904704/bG07jnu9_bigger.jpeg,5HonTour,https://twitter.com/5HonTour,
http://pbs.twimg.com/profile_images/551261907815256064/PmQ7hT11_bigger.jpeg,ObeyyLexie_,https://twitter.com/ObeyyLexie_,
http://pbs.twimg.com/profile_images/552043806619471874/oTgPjpag_bigger.jpeg,SoftAsss,https://twitter.com/SoftAsss,
http://pbs.twimg.com/profile_images/554158114740912128/YHZc_zQN_bigger.jpeg,MrMake_HerSmile,https://twitter.com/MrMake_HerSmile,
http://pbs.twimg.com/profile_images/557406255846031360/2Uf5v91C_bigger.jpeg,alexfayyy,https://twitter.com/alexfayyy,
http://pbs.twimg.com/profile_images/485534625859514369/EMFn4PRp_bigger.jpeg,S_A_F_I_Y_A,https://twitter.com/S_A_F_I_Y_A,
http://pbs.twimg.com/profile_images/378800000646319719/a07b3a06ab853b84b23d966aad412b0b_bigger.jpeg,samsimmonss,https://twitter.com/samsimmonss,
http://pbs.twimg.com/profile_images/557396916619575296/n8mmIsYg_bigger.png,greaserhairlou,https://twitter.com/greaserhairlou,
http://pbs.twimg.com/profile_images/554388629905100801/ZWRLv6xp_bigger.jpeg,crystalmcth,https://twitter.com/crystalmcth,
http://pbs.twimg.com/profile_images/543019402459766785/kliORefD_bigger.jpeg,LamaAlshehri_,https://twitter.com/LamaAlshehri_,
http://pbs.twimg.com/profile_images/554111018969083905/WhDyxOie_bigger.jpeg,YungHoruSGODxxx,https://twitter.com/YungHoruSGODxxx,
http://pbs.twimg.com/profile_images/555938636995510273/Nrqv9O3Q_bigger.jpeg,saIuted,https://twitter.com/saIuted,
http://pbs.twimg.com/profile_images/556513038678122496/IBY6rmPe_bigger.jpeg,SavingNoHoes,https://twitter.com/SavingNoHoes,
http://pbs.twimg.com/profile_images/556942826370387968/qZvWPOdY_bigger.jpeg,zjmharry,https://twitter.com/zjmharry,
http://pbs.twimg.com/profile_images/557246424891809792/1kg7BAl0_bigger.jpeg,bizzlux,https://twitter.com/bizzlux,
http://pbs.twimg.com/profile_images/419158766655782913/UuiiGMCD_bigger.jpeg,contest_crazy,https://twitter.com/contest_crazy,
http://pbs.twimg.com/profile_images/3514929425/4c8a774ea42aadb28de87e87fa4dad1d_bigger.jpeg,GenzelRadio,https://twitter.com/GenzelRadio,
http://pbs.twimg.com/profile_images/547893129261494272/1u2Wc7-Y_bigger.png,CouIdBeUsBut,https://twitter.com/CouIdBeUsBut,
http://pbs.twimg.com/profile_images/486006850047852545/sobe4cRR_bigger.jpeg,KTANCH,https://twitter.com/KTANCH,
http://pbs.twimg.com/profile_images/556961095026769921/3OUauYba_bigger.jpeg,potacameron,https://twitter.com/potacameron,
http://pbs.twimg.com/profile_images/548200467520442368/OgintSYB_bigger.jpeg,GenzelRadio2,https://twitter.com/GenzelRadio2,
http://pbs.twimg.com/profile_images/557285903056785408/XKkPJVlK_bigger.jpeg,RussellBoybands,https://twitter.com/RussellBoybands,
http://pbs.twimg.com/profile_images/552232788443680768/TPjS0jq6_bigger.jpeg,i_loveubiebs,https://twitter.com/i_loveubiebs,
http://pbs.twimg.com/profile_images/557120356775776258/pPN_rYnx_bigger.jpeg,sorrylads,https://twitter.com/sorrylads,
http://pbs.twimg.com/profile_images/556037752962449408/-vK7lI0J_bigger.jpeg,drew94carter96,https://twitter.com/drew94carter96,
http://pbs.twimg.com/profile_images/548956933286154240/CaGZg6Sm_bigger.jpeg,callme_ren,https://twitter.com/callme_ren,
http://pbs.twimg.com/profile_images/457264128768237568/JGiy-A1f_bigger.jpeg,Dr_Tonelli,https://twitter.com/Dr_Tonelli,
http://pbs.twimg.com/profile_images/556911335603470337/byKPzvf0_bigger.jpeg,bxtterflyashrry,https://twitter.com/bxtterflyashrry,
http://pbs.twimg.com/profile_images/553587865402499072/nuQeT5Bm_bigger.jpeg,Stylinsxndae,https://twitter.com/Stylinsxndae,
http://pbs.twimg.com/profile_images/551899142130114560/PtGbKPA3_bigger.jpeg,xTechNHL,https://twitter.com/xTechNHL,
http://pbs.twimg.com/profile_images/557302432980426752/1q35y35g_bigger.jpeg,uzmilez,https://twitter.com/uzmilez,
http://pbs.twimg.com/profile_images/497457749853077504/bKWOz-CG_bigger.png,EF641052,https://twitter.com/EF641052,
http://pbs.twimg.com/profile_images/3471108716/99b4c2ac16d6793765255f35b8471e19_bigger.jpeg,paulmp,https://twitter.com/paulmp,
http://pbs.twimg.com/profile_images/556558033463951361/Qqy_oM22_bigger.png,littlewhitegaga,https://twitter.com/littlewhitegaga,
http://pbs.twimg.com/profile_images/555622135800950787/4ixMxTC8_bigger.jpeg,Brooklenbarbie,https://twitter.com/Brooklenbarbie,
http://pbs.twimg.com/profile_images/557346159354974208/7tvKCsax_bigger.jpeg,briskleyy,https://twitter.com/briskleyy,
http://pbs.twimg.com/profile_images/554782030823583745/AEFMPkVe_bigger.jpeg,ceIeries,https://twitter.com/ceIeries,
http://pbs.twimg.com/profile_images/557309974389723136/Ra-wN8zj_bigger.jpeg,Queen__Lyssah,https://twitter.com/Queen__Lyssah,
http://pbs.twimg.com/profile_images/547241265788497921/gi1lJpnz_bigger.jpeg,nyctwon,https://twitter.com/nyctwon,
http://pbs.twimg.com/profile_images/557141685365645313/z-vYjstX_bigger.jpeg,rippedcaI,https://twitter.com/rippedcaI,
http://pbs.twimg.com/profile_images/542031884386316289/tuMNlS1t_bigger.jpeg,justtreyvon21,https://twitter.com/justtreyvon21,
http://pbs.twimg.com/profile_images/556961472384086017/CaaCAc3W_bigger.jpeg,Markeria_,https://twitter.com/Markeria_,
http://pbs.twimg.com/profile_images/557253226861699072/d8vtN1on_bigger.jpeg,xCashmendesx,https://twitter.com/xCashmendesx,
http://pbs.twimg.com/profile_images/551086918847692800/kU0aeKYa_bigger.jpeg,mintlovatic,https://twitter.com/mintlovatic,
http://pbs.twimg.com/profile_images/556197785893343232/jpZsBO49_bigger.jpeg,Traejefferson,https://twitter.com/Traejefferson,
http://pbs.twimg.com/profile_images/556337223462031360/lS8DLPpd_bigger.jpeg,njhxarry,https://twitter.com/njhxarry,
http://pbs.twimg.com/profile_images/546474949977071616/83Nl6yFL_bigger.jpeg,FlyGuyGary,https://twitter.com/FlyGuyGary,
http://pbs.twimg.com/profile_images/557299367846363136/f0atY9he_bigger.jpeg,KarinaSeabrook,https://twitter.com/KarinaSeabrook,
http://pbs.twimg.com/profile_images/552240249628536833/7TeeA8XE_bigger.jpeg,Quan_3200,https://twitter.com/Quan_3200,
http://pbs.twimg.com/profile_images/555690224378851328/VWLkCFh7_bigger.jpeg,conoro,https://twitter.com/conoro,
http://pbs.twimg.com/profile_images/555458718309965824/pqPP7uvi_bigger.jpeg,KeitraelCollins,https://twitter.com/KeitraelCollins,
http://pbs.twimg.com/profile_images/557279962370437121/vuMS5g0j_bigger.jpeg,LeonGonna69Her,https://twitter.com/LeonGonna69Her,
http://pbs.twimg.com/profile_images/552021320309805056/Q5I4-Q5X_bigger.jpeg,_Derriyanaaa,https://twitter.com/_Derriyanaaa,
http://pbs.twimg.com/profile_images/556153816530169858/kJ8ocbp8_bigger.jpeg,cliffxrdabomb,https://twitter.com/cliffxrdabomb,
http://pbs.twimg.com/profile_images/556933128028454913/KDjgrGNq_bigger.jpeg,ohsexharry,https://twitter.com/ohsexharry,
http://pbs.twimg.com/profile_images/532391119997665280/Wwg2xv3E_bigger.jpeg,_illlprincess,https://twitter.com/_illlprincess,
http://pbs.twimg.com/profile_images/556587542170980353/o7CS_f3H_bigger.jpeg,cupcakemattchew,https://twitter.com/cupcakemattchew,
http://pbs.twimg.com/profile_images/555212347468288001/czNAhYz5_bigger.jpeg,yrhross,https://twitter.com/yrhross,
http://pbs.twimg.com/profile_images/433552636797648896/u87FpdBq_bigger.jpeg,Beauticate,https://twitter.com/Beauticate,
http://pbs.twimg.com/profile_images/553109337837944832/0bUZsjH0_bigger.jpeg,Sir_Tyee,https://twitter.com/Sir_Tyee,
http://pbs.twimg.com/profile_images/557308135950413824/iwjP3ikP_bigger.jpeg,xEmxnye_,https://twitter.com/xEmxnye_,
http://pbs.twimg.com/profile_images/556715418950598656/o-Tuc5Rf_bigger.jpeg,nhtees,https://twitter.com/nhtees,
http://pbs.twimg.com/profile_images/557328576580558848/6jiQ8RHP_bigger.jpeg,i_am_alosius,https://twitter.com/i_am_alosius,
http://pbs.twimg.com/profile_images/556259577529135104/yeg1lcBY_bigger.jpeg,ChellyTheMC,https://twitter.com/ChellyTheMC,
http://pbs.twimg.com/profile_images/556975755968540672/2H-i2yWb_bigger.jpeg,ObeyDiamonte_,https://twitter.com/ObeyDiamonte_,
http://pbs.twimg.com/profile_images/554739445665382400/lF0MWmNz_bigger.jpeg,TheRAiNProjectt,https://twitter.com/TheRAiNProjectt,
http://pbs.twimg.com/profile_images/557270860919095296/IXST6pJw_bigger.jpeg,angstymgc,https://twitter.com/angstymgc,
http://pbs.twimg.com/profile_images/556700452436598785/llUfDyDs_bigger.jpeg,KYDASAV,https://twitter.com/KYDASAV,
http://pbs.twimg.com/profile_images/549267440891609088/K0LmtftZ_bigger.jpeg,hayestorical,https://twitter.com/hayestorical,
http://pbs.twimg.com/profile_images/556303571613151232/U0pqknqS_bigger.jpeg,i_GotHoProblems,https://twitter.com/i_GotHoProblems,
http://pbs.twimg.com/profile_images/500809380296527872/tCXlNxyj_bigger.jpeg,ArielGooden,https://twitter.com/ArielGooden,
http://pbs.twimg.com/profile_images/557376764683755520/DqulfQGi_bigger.jpeg,_KingxNyy,https://twitter.com/_KingxNyy,
http://pbs.twimg.com/profile_images/548050893418291200/Fdu6R8Cb_bigger.jpeg,c0ntrol__,https://twitter.com/c0ntrol__,
http://pbs.twimg.com/profile_images/547482415984549888/etS_5C1R_bigger.jpeg,Madison413_,https://twitter.com/Madison413_,
http://pbs.twimg.com/profile_images/557404171037868033/OEXK2bek_bigger.jpeg,teddybearharryy,https://twitter.com/teddybearharryy,
http://pbs.twimg.com/profile_images/556593079184932864/2pbLDFsi_bigger.jpeg,RichHomieRoya,https://twitter.com/RichHomieRoya,
http://pbs.twimg.com/profile_images/551927231816019968/0qmVmqDC_bigger.jpeg,_JadaPinkett,https://twitter.com/_JadaPinkett,
http://pbs.twimg.com/profile_images/556662940267732992/9bAkRpgl_bigger.jpeg,happiernarry,https://twitter.com/happiernarry,
http://pbs.twimg.com/profile_images/554788536730148865/o1bkU2K-_bigger.jpeg,JBJazmine,https://twitter.com/JBJazmine,
http://pbs.twimg.com/profile_images/549091428807081985/sxEr2Pl1_bigger.jpeg,YellaCocaineee,https://twitter.com/YellaCocaineee,
http://pbs.twimg.com/profile_images/551290700294135808/izO_Ial4_bigger.jpeg,MixedGirllDee,https://twitter.com/MixedGirllDee,
http://pbs.twimg.com/profile_images/534412696423104513/zjMteUsC_bigger.jpeg,ravenseptember,https://twitter.com/ravenseptember,
http://pbs.twimg.com/profile_images/556992926496989185/_9nranmJ_bigger.jpeg,X_mahrO5,https://twitter.com/X_mahrO5,
http://pbs.twimg.com/profile_images/538486899891896321/i1ZA3eGS_bigger.jpeg,GourmetInf,https://twitter.com/GourmetInf,
http://pbs.twimg.com/profile_images/557155433572339712/LGM6cTif_bigger.jpeg,Cayniazkilamx,https://twitter.com/Cayniazkilamx,
http://pbs.twimg.com/profile_images/557325866464972801/V8Z6lYii_bigger.jpeg,TRAPHOUSEJIY,https://twitter.com/TRAPHOUSEJIY,
http://pbs.twimg.com/profile_images/539676920938770432/V8G4pvuP_bigger.jpeg,ItsTheRealJudy,https://twitter.com/ItsTheRealJudy,
http://pbs.twimg.com/profile_images/547823200625623040/1eUYx59s_bigger.jpeg,CallMeh_Pooh,https://twitter.com/CallMeh_Pooh,
http://pbs.twimg.com/profile_images/556175957107961856/J6X8pc8x_bigger.jpeg,Lukey_PM,https://twitter.com/Lukey_PM,
http://pbs.twimg.com/profile_images/556727395147714561/uZKo96XF_bigger.jpeg,_TriggaTrent,https://twitter.com/_TriggaTrent,
http://pbs.twimg.com/profile_images/557057677906694144/d7zuiTlk_bigger.jpeg,_ImJustKaii,https://twitter.com/_ImJustKaii,
http://pbs.twimg.com/profile_images/556658835721846784/E9NcMtwf_bigger.jpeg,jayjaymarin,https://twitter.com/jayjaymarin,
http://pbs.twimg.com/profile_images/551948962736144384/UuchRfWm_bigger.jpeg,_BeautifulBrea,https://twitter.com/_BeautifulBrea,
http://pbs.twimg.com/profile_images/554386618443132928/9tYkZjBh_bigger.jpeg,Mag2012Ge,https://twitter.com/Mag2012Ge,
http://pbs.twimg.com/profile_images/555569006556766211/wncGWZJc_bigger.jpeg,MsKorinne,https://twitter.com/MsKorinne,
http://pbs.twimg.com/profile_images/557263103843635200/tGDZprqL_bigger.jpeg,AhJahNah,https://twitter.com/AhJahNah,
http://pbs.twimg.com/profile_images/554785141227552769/t4rt96fA_bigger.jpeg,x1Dizzlex,https://twitter.com/x1Dizzlex,
http://pbs.twimg.com/profile_images/553124201528180736/T-TkMKbc_bigger.jpeg,Shodingus,https://twitter.com/Shodingus,
http://pbs.twimg.com/profile_images/542489045113118720/O5Ca1iZ6_bigger.jpeg,m_angiegomez,https://twitter.com/m_angiegomez,
http://pbs.twimg.com/profile_images/548391596152979458/vyBB-VFf_bigger.jpeg,HurtadoLex,https://twitter.com/HurtadoLex,
http://pbs.twimg.com/profile_images/526431065804910592/w288frMt_bigger.jpeg,LA_ember,https://twitter.com/LA_ember,
http://pbs.twimg.com/profile_images/555841495388143616/12A4_Ai3_bigger.jpeg,hazzwithloueh,https://twitter.com/hazzwithloueh,
http://pbs.twimg.com/profile_images/378800000780893575/9f295ce9a9a048d665adcb76895a48f9_bigger.jpeg,sardoinalto,https://twitter.com/sardoinalto,
http://pbs.twimg.com/profile_images/556724211335831552/zMTAcO5O_bigger.jpeg,Francesca_Hemmo,https://twitter.com/Francesca_Hemmo,
http://pbs.twimg.com/profile_images/557413361567404033/Z44Jh8Iz_bigger.jpeg,harryvsmgc,https://twitter.com/harryvsmgc,
http://pbs.twimg.com/profile_images/556249149122023425/JavKRkxf_bigger.jpeg,JasmineLeaa,https://twitter.com/JasmineLeaa,
http://pbs.twimg.com/profile_images/525654849275568128/62pEzNen_bigger.jpeg,yankee_country,https://twitter.com/yankee_country,
http://pbs.twimg.com/profile_images/556648725116755969/8Y3J8MAI_bigger.jpeg,arteuzz,https://twitter.com/arteuzz,
http://pbs.twimg.com/profile_images/532377121599934464/LOQG_RmQ_bigger.jpeg,miniestmini,https://twitter.com/miniestmini,
http://pbs.twimg.com/profile_images/556308183204249600/V4vlbmlS_bigger.jpeg,cosmicaaron,https://twitter.com/cosmicaaron,
http://pbs.twimg.com/profile_images/548159693277757440/a3g7QV7s_bigger.jpeg,WordOnRoad_,https://twitter.com/WordOnRoad_,
http://pbs.twimg.com/profile_images/555617886668996608/OhdunGg4_bigger.jpeg,_BeeLowww,https://twitter.com/_BeeLowww,
http://pbs.twimg.com/profile_images/557026898292006914/rqJ7cyWP_bigger.jpeg,nancycamacho_,https://twitter.com/nancycamacho_,
http://pbs.twimg.com/profile_images/556893664648372225/v4oC-m-D_bigger.jpeg,KADYBABY_,https://twitter.com/KADYBABY_,
http://pbs.twimg.com/profile_images/513957801404538881/XhNN11j6_bigger.jpeg,PatchouliW,https://twitter.com/PatchouliW,
http://pbs.twimg.com/profile_images/541855862541660160/DvwWawCW_bigger.jpeg,CowledHeroine,https://twitter.com/CowledHeroine,
http://pbs.twimg.com/profile_images/551578835024900096/nu2vo8nJ_bigger.jpeg,5SOSderping,https://twitter.com/5SOSderping,
http://pbs.twimg.com/profile_images/550932266864484352/C_WWMBrQ_bigger.jpeg,ChocolateThund9,https://twitter.com/ChocolateThund9,
http://pbs.twimg.com/profile_images/550936637518413824/zRQfzb2S_bigger.jpeg,AcaciaSayings,https://twitter.com/AcaciaSayings,
http://pbs.twimg.com/profile_images/3623492375/e9d3201c7ed764af244de9d325c8f969_bigger.jpeg,PBnJaimeSoto,https://twitter.com/PBnJaimeSoto,
http://pbs.twimg.com/profile_images/378800000603572487/6ff96add18f8343d6f71d0d254170a83_bigger.jpeg,annie3592,https://twitter.com/annie3592,
http://pbs.twimg.com/profile_images/556381416393809920/SDRYNS0m_bigger.jpeg,BIGM_100,https://twitter.com/BIGM_100,
http://pbs.twimg.com/profile_images/555103093567012866/zGuvVbDf_bigger.jpeg,blackishlrh,https://twitter.com/blackishlrh,
http://pbs.twimg.com/profile_images/557043590942437377/scOvwVle_bigger.jpeg,_1Toodie,https://twitter.com/_1Toodie,
http://pbs.twimg.com/profile_images/556933307922137089/kWW0ZlcA_bigger.jpeg,ItsTaylorrr,https://twitter.com/ItsTaylorrr,
http://pbs.twimg.com/profile_images/557405834888876033/2q8NCL5W_bigger.jpeg,_Teejayy__,https://twitter.com/_Teejayy__,
http://pbs.twimg.com/profile_images/1593964151/HoHbig_bigger.png,cchouseofhorror,https://twitter.com/cchouseofhorror,
http://pbs.twimg.com/profile_images/557349682390003715/K9dbdjQU_bigger.jpeg,laysiaaa_,https://twitter.com/laysiaaa_,
http://pbs.twimg.com/profile_images/557202484117401600/ZAwyVK-g_bigger.jpeg,simplykhalima_,https://twitter.com/simplykhalima_,
http://pbs.twimg.com/profile_images/542363192153104384/n2kAbg0B_bigger.jpeg,Im__Cookie,https://twitter.com/Im__Cookie,
http://pbs.twimg.com/profile_images/553570007087456256/p0yVUztU_bigger.jpeg,Down_ToEarth_,https://twitter.com/Down_ToEarth_,
http://pbs.twimg.com/profile_images/552263462567440384/ORR7Obo2_bigger.jpeg,christaabieberr,https://twitter.com/christaabieberr,
http://pbs.twimg.com/profile_images/552702322749734913/_T-Y8RWK_bigger.jpeg,thatsunicorn_,https://twitter.com/thatsunicorn_,
http://pbs.twimg.com/profile_images/552396751081324545/Cv6IpPSt_bigger.jpeg,ESPlNOSAFTJACK,https://twitter.com/ESPlNOSAFTJACK,
http://pbs.twimg.com/profile_images/523183410899333120/m3raSRZA_bigger.jpeg,Drini1217,https://twitter.com/Drini1217,
http://pbs.twimg.com/profile_images/556704053837975552/44FDPfmr_bigger.jpeg,_taelito,https://twitter.com/_taelito,
http://pbs.twimg.com/profile_images/555433188311326720/LqnWsY6U_bigger.jpeg,Katacakeys,https://twitter.com/Katacakeys,
http://pbs.twimg.com/profile_images/553277811088433154/E7Vr2pKz_bigger.jpeg,GoBri__,https://twitter.com/GoBri__,
http://pbs.twimg.com/profile_images/553185239837986816/kfMczWom_bigger.jpeg,Shae_lyric,https://twitter.com/Shae_lyric,
http://pbs.twimg.com/profile_images/551073358423416832/ImyE5CqQ_bigger.jpeg,Kit_Maven,https://twitter.com/Kit_Maven,
http://pbs.twimg.com/profile_images/557347871855349760/FzPvqNzj_bigger.jpeg,sanfranhoran,https://twitter.com/sanfranhoran,
http://pbs.twimg.com/profile_images/556729020113371136/-_eee3iA_bigger.jpeg,IAmMsParker_,https://twitter.com/IAmMsParker_,
http://pbs.twimg.com/profile_images/557176509631569921/bCgtCEIE_bigger.jpeg,ohmygriiier,https://twitter.com/ohmygriiier,
http://pbs.twimg.com/profile_images/557262016872996865/JTr2SOPm_bigger.jpeg,THEBACKWOODSGAL,https://twitter.com/THEBACKWOODSGAL,
http://pbs.twimg.com/profile_images/553942547736055808/EJQS7PdV_bigger.jpeg,Harrys_Hatx,https://twitter.com/Harrys_Hatx,
http://pbs.twimg.com/profile_images/551954010836856833/fdPDGt5s_bigger.jpeg,exoticjesy,https://twitter.com/exoticjesy,
http://pbs.twimg.com/profile_images/552336500218941440/mLRER90u_bigger.jpeg,abbieatkins2012,https://twitter.com/abbieatkins2012,
http://pbs.twimg.com/profile_images/459177158796005376/APa6rnMM_bigger.jpeg,20_BIGEASY,https://twitter.com/20_BIGEASY,
http://pbs.twimg.com/profile_images/556492747100942336/0Gavb2gK_bigger.jpeg,i_Que_Vissel,https://twitter.com/i_Que_Vissel,
http://pbs.twimg.com/profile_images/551598744417107968/8gxt5j7Z_bigger.jpeg,CassRiverax3,https://twitter.com/CassRiverax3,
http://pbs.twimg.com/profile_images/556991634253307904/oyubbxSK_bigger.jpeg,_sstxo,https://twitter.com/_sstxo,
http://pbs.twimg.com/profile_images/556675461989019648/R7KHWdJ9_bigger.jpeg,_itsblaire,https://twitter.com/_itsblaire,
http://pbs.twimg.com/profile_images/556974276751155200/CS6ya_-B_bigger.jpeg,Monserrat_FS,https://twitter.com/Monserrat_FS,
http://pbs.twimg.com/profile_images/552882863486402560/UG5YTpuF_bigger.jpeg,khanknee,https://twitter.com/khanknee,
http://pbs.twimg.com/profile_images/534590446396510209/lfLYRkky_bigger.jpeg,LowkeyShinobi,https://twitter.com/LowkeyShinobi,
http://pbs.twimg.com/profile_images/556482679957250048/20SLnh4j_bigger.jpeg,ayeshanaeem123,https://twitter.com/ayeshanaeem123,
http://pbs.twimg.com/profile_images/557416667396186112/ZUtUOYc6_bigger.jpeg,prinsustella,https://twitter.com/prinsustella,
http://pbs.twimg.com/profile_images/549081383709048832/Iy-yjAPC_bigger.jpeg,yung_dilo,https://twitter.com/yung_dilo,
http://pbs.twimg.com/profile_images/557392938578489344/TySo1LSN_bigger.jpeg,kekebabayy,https://twitter.com/kekebabayy,
http://pbs.twimg.com/profile_images/540557083272171520/NVUtgksp_bigger.jpeg,cigarmike,https://twitter.com/cigarmike,
http://pbs.twimg.com/profile_images/557284651560357889/CPX-ZcWn_bigger.jpeg,SeniaBillups,https://twitter.com/SeniaBillups,
http://pbs.twimg.com/profile_images/545702126991572992/Bojl2aKV_bigger.png,lavignetora,https://twitter.com/lavignetora,
http://pbs.twimg.com/profile_images/556710794193145857/efqF1Tis_bigger.jpeg,ginellebu,https://twitter.com/ginellebu,
http://pbs.twimg.com/profile_images/477395260851490817/TSi5pVwq_bigger.jpeg,LaurieWalker7,https://twitter.com/LaurieWalker7,
http://pbs.twimg.com/profile_images/543919240328126464/goVV_FZb_bigger.jpeg,MACdivasenoRITA,https://twitter.com/MACdivasenoRITA,
http://pbs.twimg.com/profile_images/556112872087228416/cOVjKh7K_bigger.jpeg,LetMyLUV_AdornU,https://twitter.com/LetMyLUV_AdornU,
http://pbs.twimg.com/profile_images/551746701476634625/h-QoeUGi_bigger.jpeg,Synergy_stZ,https://twitter.com/Synergy_stZ,
http://pbs.twimg.com/profile_images/555234750726537216/RXiPS3su_bigger.jpeg,coastingwithcam,https://twitter.com/coastingwithcam,
http://pbs.twimg.com/profile_images/498679578265919489/oT5MQGl8_bigger.jpeg,cuntrybumpkin26,https://twitter.com/cuntrybumpkin26,
http://pbs.twimg.com/profile_images/1814245384/2010-07-17_20.25.31-1_bigger.jpg,Danieldrobbins,https://twitter.com/Danieldrobbins,
http://pbs.twimg.com/profile_images/556929770303533057/890UBUQ__bigger.jpeg,KiandraPhillips,https://twitter.com/KiandraPhillips,
http://pbs.twimg.com/profile_images/378800000109251292/917eb06bac12808d8ccc3ffaf598b093_bigger.jpeg,codyrobin1,https://twitter.com/codyrobin1,
http://pbs.twimg.com/profile_images/550161694660370432/LkDvaQUq_bigger.jpeg,sabhithaaa,https://twitter.com/sabhithaaa,
http://pbs.twimg.com/profile_images/553421433817542656/yt0xo7Bm_bigger.jpeg,ParalleltoNONE_,https://twitter.com/ParalleltoNONE_,
http://pbs.twimg.com/profile_images/556966488239009792/GxIhe8vX_bigger.jpeg,PrettyAhGirl,https://twitter.com/PrettyAhGirl,
http://pbs.twimg.com/profile_images/557101062310858753/FBLZOPUJ_bigger.jpeg,LifeOfKhalia_,https://twitter.com/LifeOfKhalia_,
http://pbs.twimg.com/profile_images/555105876185714688/Yjwyz1cq_bigger.jpeg,__JDcollins,https://twitter.com/__JDcollins,
http://pbs.twimg.com/profile_images/378800000266764445/a69af6654025241473c716e64124f5a0_bigger.jpeg,MickeyxMelrose,https://twitter.com/MickeyxMelrose,
http://pbs.twimg.com/profile_images/530843683369668608/rjYz9Mv0_bigger.jpeg,kerybrice,https://twitter.com/kerybrice,
http://pbs.twimg.com/profile_images/542769645334192129/B0ymbK8z_bigger.jpeg,ptaszeklouisa,https://twitter.com/ptaszeklouisa,
http://pbs.twimg.com/profile_images/555632032508674048/EFmrkplJ_bigger.jpeg,_bellaramirez,https://twitter.com/_bellaramirez,
http://pbs.twimg.com/profile_images/531472454037045248/-MNGfn0i_bigger.jpeg,_sDOTbabyy,https://twitter.com/_sDOTbabyy,
http://pbs.twimg.com/profile_images/502834467577544705/xMj61SEm_bigger.jpeg,Mike_withdreads,https://twitter.com/Mike_withdreads,
http://pbs.twimg.com/profile_images/553819014565486594/ES4GfFOe_bigger.jpeg,pineappletroye,https://twitter.com/pineappletroye,
http://pbs.twimg.com/profile_images/549131465120706560/L1Rz5yRj_bigger.jpeg,AllEyesOnTINK,https://twitter.com/AllEyesOnTINK,
http://pbs.twimg.com/profile_images/555177429749084162/AG4_aLDx_bigger.jpeg,Hannah_Dancer,https://twitter.com/Hannah_Dancer,
http://pbs.twimg.com/profile_images/556984447174602753/ykCwadLf_bigger.jpeg,melissabieber02,https://twitter.com/melissabieber02,
http://pbs.twimg.com/profile_images/556116301593456640/qLbBUQhJ_bigger.jpeg,Always_Ninaa,https://twitter.com/Always_Ninaa,
http://pbs.twimg.com/profile_images/552343764183052289/o4RD9_3F_bigger.jpeg,BasicallyPayne_,https://twitter.com/BasicallyPayne_,
http://pbs.twimg.com/profile_images/549154581394227200/hmRJNTRe_bigger.jpeg,x__Lauraaa,https://twitter.com/x__Lauraaa,
http://pbs.twimg.com/profile_images/557264737155964928/Xya1m0Hn_bigger.jpeg,moIIyaf,https://twitter.com/moIIyaf,
http://pbs.twimg.com/profile_images/557394806478237697/6qijKgal_bigger.jpeg,KnownAsKingsley,https://twitter.com/KnownAsKingsley,
http://pbs.twimg.com/profile_images/556521212638019584/1M9nLaMS_bigger.jpeg,Susie_4186,https://twitter.com/Susie_4186,
http://pbs.twimg.com/profile_images/556500662716874752/GVrLA7-K_bigger.jpeg,kerokerovin_,https://twitter.com/kerokerovin_,
http://pbs.twimg.com/profile_images/557409522877464576/KqIYloft_bigger.jpeg,whi_teey,https://twitter.com/whi_teey,
http://pbs.twimg.com/profile_images/554819724966502400/kR2b-Mi4_bigger.jpeg,Brian_Lee22,https://twitter.com/Brian_Lee22,
http://pbs.twimg.com/profile_images/553886915288522753/LjOoOo_M_bigger.png,mut_tyler,https://twitter.com/mut_tyler,
http://pbs.twimg.com/profile_images/537882569480892416/Kd-W4U9u_bigger.jpeg,PhilShaw,https://twitter.com/PhilShaw,
http://pbs.twimg.com/profile_images/555269578075299841/7n64CxFb_bigger.jpeg,JohnnyAdam92,https://twitter.com/JohnnyAdam92,
http://pbs.twimg.com/profile_images/555473547024269312/rGxM9sos_bigger.jpeg,sabrinawto,https://twitter.com/sabrinawto,
http://pbs.twimg.com/profile_images/555098108087259139/8V9fvw3o_bigger.jpeg,annsoalcantara,https://twitter.com/annsoalcantara,
http://pbs.twimg.com/profile_images/529041300910538752/9YHNTDCw_bigger.jpeg,OhSoPHAT_,https://twitter.com/OhSoPHAT_,
http://pbs.twimg.com/profile_images/532598709876695041/jHoqSYpr_bigger.jpeg,i_schimbator,https://twitter.com/i_schimbator,
http://pbs.twimg.com/profile_images/555849405602209792/xSDmzYOM_bigger.jpeg,Heyyautumnn,https://twitter.com/Heyyautumnn,
http://pbs.twimg.com/profile_images/555239782956015616/eX0qs-Hd_bigger.jpeg,bangbangjazzy,https://twitter.com/bangbangjazzy,
http://pbs.twimg.com/profile_images/553721280571400192/l9KkcBrh_bigger.jpeg,_ciaraanicolee,https://twitter.com/_ciaraanicolee,
http://pbs.twimg.com/profile_images/556586617427611648/rCkzWQR5_bigger.png,iancomeuanina,https://twitter.com/iancomeuanina,
http://pbs.twimg.com/profile_images/556844596664500224/F9xYveQY_bigger.jpeg,SincerelyJai_xo,https://twitter.com/SincerelyJai_xo,
http://pbs.twimg.com/profile_images/557405210687975424/TIAMTht7_bigger.jpeg,xwfranta,https://twitter.com/xwfranta,
http://pbs.twimg.com/profile_images/554842549538807808/xds1lMTJ_bigger.jpeg,chlofairclough,https://twitter.com/chlofairclough,
http://pbs.twimg.com/profile_images/378800000431953391/cddc67c73671d749ea126d182550a7c4_bigger.jpeg,Senator_Assange,https://twitter.com/Senator_Assange,
http://pbs.twimg.com/profile_images/555443326460383232/NhZdhMM4_bigger.jpeg,PMurdaaa___,https://twitter.com/PMurdaaa___,
http://pbs.twimg.com/profile_images/552639430885113856/KL1KUWaz_bigger.jpeg,Lashay_isBae,https://twitter.com/Lashay_isBae,
http://pbs.twimg.com/profile_images/513614161406750720/nLw9O_wQ_bigger.jpeg,ultm8swfans,https://twitter.com/ultm8swfans,
http://pbs.twimg.com/profile_images/556859699459416065/mOiHeMbe_bigger.jpeg,sammlafond,https://twitter.com/sammlafond,
http://pbs.twimg.com/profile_images/556173819782496256/ZaAl3Y8K_bigger.jpeg,Peeze_,https://twitter.com/Peeze_,
http://pbs.twimg.com/profile_images/552486848065708033/ETmRPP-N_bigger.jpeg,tidespiinosa,https://twitter.com/tidespiinosa,
http://pbs.twimg.com/profile_images/549372351822180354/r8zQeldK_bigger.jpeg,SMACKHEEM__,https://twitter.com/SMACKHEEM__,
http://pbs.twimg.com/profile_images/551557794131107840/qaaqbGKQ_bigger.jpeg,taylllorxo,https://twitter.com/taylllorxo,
http://pbs.twimg.com/profile_images/548395790348345344/qoHmlr0j_bigger.jpeg,qpplepie,https://twitter.com/qpplepie,
http://pbs.twimg.com/profile_images/555755996149055488/EHHdJz3p_bigger.jpeg,Wanweird_Befall,https://twitter.com/Wanweird_Befall,
http://pbs.twimg.com/profile_images/556961802631004160/DKgaaV8p_bigger.jpeg,d0raking,https://twitter.com/d0raking,
http://pbs.twimg.com/profile_images/557371499070242817/byqFi7IG_bigger.jpeg,xolidiaa,https://twitter.com/xolidiaa,
http://pbs.twimg.com/profile_images/557412162289668096/TDMgTnu5_bigger.jpeg,AlanizAusteen,https://twitter.com/AlanizAusteen,
http://pbs.twimg.com/profile_images/554465068432097281/OiVkPl3u_bigger.jpeg,_prisscillaaaa_,https://twitter.com/_prisscillaaaa_,
http://pbs.twimg.com/profile_images/378800000519952664/488fc90b3292416a600345fe6660804d_bigger.jpeg,PepaBieber_,https://twitter.com/PepaBieber_,
http://pbs.twimg.com/profile_images/557417156636581888/coHJPUWM_bigger.jpeg,therealmdz,https://twitter.com/therealmdz,
http://pbs.twimg.com/profile_images/557101098817695744/2cYXZ2Ty_bigger.jpeg,BVBYG1RL,https://twitter.com/BVBYG1RL,
http://pbs.twimg.com/profile_images/553813951092228096/SuvX7VQi_bigger.jpeg,nyssxo,https://twitter.com/nyssxo,
http://pbs.twimg.com/profile_images/556312149250027520/h5ESfF0g_bigger.jpeg,Lindseyyy9715,https://twitter.com/Lindseyyy9715,
http://pbs.twimg.com/profile_images/557416114129764352/APz14S9U_bigger.jpeg,_ayeewild,https://twitter.com/_ayeewild,
http://pbs.twimg.com/profile_images/550935901149229057/ZE02PKF2_bigger.jpeg,DiamondAleya_,https://twitter.com/DiamondAleya_,
http://pbs.twimg.com/profile_images/541472849408839680/pEQxppWb_bigger.jpeg,sapilusa1,https://twitter.com/sapilusa1,
http://pbs.twimg.com/profile_images/556144664622141440/t0P6hwoE_bigger.jpeg,Domo_Origato,https://twitter.com/Domo_Origato,
http://pbs.twimg.com/profile_images/557243999434862592/t6fIRoZ0_bigger.jpeg,AmberrNicolee33,https://twitter.com/AmberrNicolee33,
http://pbs.twimg.com/profile_images/556600832431783936/VHY9aTYA_bigger.jpeg,_daniellenunes_,https://twitter.com/_daniellenunes_,
http://pbs.twimg.com/profile_images/552664082218639360/vEh6Vd-i_bigger.jpeg,_yonniee4,https://twitter.com/_yonniee4,
http://pbs.twimg.com/profile_images/557406653549924353/eVusVU3i_bigger.jpeg,JazmineDallass,https://twitter.com/JazmineDallass,
http://pbs.twimg.com/profile_images/551925125231034368/4vZXOCuw_bigger.jpeg,SBeezy_Toreezzz,https://twitter.com/SBeezy_Toreezzz,
http://pbs.twimg.com/profile_images/555953310532763648/14aX_yrB_bigger.png,Cortexi_Fan,https://twitter.com/Cortexi_Fan,
http://pbs.twimg.com/profile_images/557305535377047552/CTvxvh8g_bigger.jpeg,Mazzely,https://twitter.com/Mazzely,
http://pbs.twimg.com/profile_images/557417965424242688/K70zHvDm_bigger.jpeg,JadeHearn2,https://twitter.com/JadeHearn2,
http://pbs.twimg.com/profile_images/536234676030287872/1pigVP_f_bigger.jpeg,GoldRilla_,https://twitter.com/GoldRilla_,
http://pbs.twimg.com/profile_images/556895581294325760/qLRodVrm_bigger.jpeg,DeShawnaC,https://twitter.com/DeShawnaC,
http://pbs.twimg.com/profile_images/547490997974736896/F1b4goSF_bigger.jpeg,cxcaineprincess,https://twitter.com/cxcaineprincess,
http://pbs.twimg.com/profile_images/554147446939734016/WUMldg60_bigger.jpeg,Napstural,https://twitter.com/Napstural,
http://pbs.twimg.com/profile_images/520924782569996288/75lMI806_bigger.jpeg,magiccpinkiepie,https://twitter.com/magiccpinkiepie,
http://pbs.twimg.com/profile_images/556880238420836352/Vk5bB38G_bigger.jpeg,Deeeaannee,https://twitter.com/Deeeaannee,
http://pbs.twimg.com/profile_images/545007521769873408/tXt5NBQg_bigger.jpeg,knaaasty,https://twitter.com/knaaasty,
http://pbs.twimg.com/profile_images/556331931915124736/reXKYQsF_bigger.jpeg,wildestlana,https://twitter.com/wildestlana,
http://pbs.twimg.com/profile_images/525175335609196544/Qz3lNMDl_bigger.jpeg,braceface__nene,https://twitter.com/braceface__nene,
http://pbs.twimg.com/profile_images/525716907815866370/eKpHIXIl_bigger.jpeg,coubalgirl10,https://twitter.com/coubalgirl10,
http://pbs.twimg.com/profile_images/555296383344082944/_am3cXQu_bigger.jpeg,DYThaDon,https://twitter.com/DYThaDon,
http://pbs.twimg.com/profile_images/545123895821365249/CBT1iyNT_bigger.jpeg,Freaky_Jaee90,https://twitter.com/Freaky_Jaee90,
http://pbs.twimg.com/profile_images/557254954461577216/RJD3hqJj_bigger.jpeg,_geennn,https://twitter.com/_geennn,
http://pbs.twimg.com/profile_images/557033955674046464/W7uVgb4m_bigger.jpeg,_Nattte,https://twitter.com/_Nattte,
http://pbs.twimg.com/profile_images/555213790791626752/1I-BTesA_bigger.jpeg,ryleighhhhhh,https://twitter.com/ryleighhhhhh,
http://pbs.twimg.com/profile_images/555751842143952897/8qoJqVWA_bigger.jpeg,blackiee_chann5,https://twitter.com/blackiee_chann5,
http://pbs.twimg.com/profile_images/550802453264732160/wQGS7EYo_bigger.jpeg,_Daarleenee12,https://twitter.com/_Daarleenee12,
http://pbs.twimg.com/profile_images/555535999993139202/_fvkMW5w_bigger.jpeg,Cass_Diana,https://twitter.com/Cass_Diana,
http://pbs.twimg.com/profile_images/555496609681653761/4UFQaXxF_bigger.jpeg,Catss_,https://twitter.com/Catss_,
http://pbs.twimg.com/profile_images/557373920601702400/plGCEloS_bigger.jpeg,nekayaaa_,https://twitter.com/nekayaaa_,
http://pbs.twimg.com/profile_images/541640015764127744/qOQu-URG_bigger.jpeg,2HAAWT4U,https://twitter.com/2HAAWT4U,
http://pbs.twimg.com/profile_images/553075438223097858/jzBB3gS7_bigger.jpeg,navyheene,https://twitter.com/navyheene,
http://pbs.twimg.com/profile_images/496998904387600384/g0Kw24Os_bigger.jpeg,MsrYgt,https://twitter.com/MsrYgt,
http://pbs.twimg.com/profile_images/557322252744536064/XMcjciDO_bigger.jpeg,_TiaTrenise,https://twitter.com/_TiaTrenise,
http://pbs.twimg.com/profile_images/533153015939612672/APhVIadZ_bigger.jpeg,chlomoney,https://twitter.com/chlomoney,
http://pbs.twimg.com/profile_images/555825994502660097/u4xcqRrt_bigger.jpeg,Exzandra_Romero,https://twitter.com/Exzandra_Romero,
http://pbs.twimg.com/profile_images/541092759852318720/sHQKDmHr_bigger.jpeg,chocolatesoul7,https://twitter.com/chocolatesoul7,
http://pbs.twimg.com/profile_images/552641057448787969/u6lbdz8M_bigger.jpeg,R0llone_Sm0ke1,https://twitter.com/R0llone_Sm0ke1,
http://pbs.twimg.com/profile_images/554600186555928576/aEojTeUK_bigger.jpeg,DaMainest,https://twitter.com/DaMainest,
http://pbs.twimg.com/profile_images/551460570486943745/NCCuf9XD_bigger.jpeg,Odd_peace,https://twitter.com/Odd_peace,
http://pbs.twimg.com/profile_images/556273869288259584/T5bV9qNL_bigger.jpeg,__sashni,https://twitter.com/__sashni,
http://pbs.twimg.com/profile_images/557021859607093248/d2GRzh43_bigger.jpeg,JonaeDawson,https://twitter.com/JonaeDawson,
http://pbs.twimg.com/profile_images/554077501958275072/TvJq-HXX_bigger.jpeg,sdjyx,https://twitter.com/sdjyx,
http://pbs.twimg.com/profile_images/556999351075995649/X1_mjokD_bigger.png,TheDoctorsmithh,https://twitter.com/TheDoctorsmithh,
http://pbs.twimg.com/profile_images/551185885962985473/-ywEbNIH_bigger.jpeg,itsgddl,https://twitter.com/itsgddl,
http://pbs.twimg.com/profile_images/548186590200475648/ixzDZs0n_bigger.jpeg,MoJoJoJeaux,https://twitter.com/MoJoJoJeaux,
http://pbs.twimg.com/profile_images/557340966664040448/uAa2PSsJ_bigger.jpeg,lorennaaaxoxo,https://twitter.com/lorennaaaxoxo,
http://pbs.twimg.com/profile_images/553084105294761985/Nt6ApkLW_bigger.jpeg,tommysuitts,https://twitter.com/tommysuitts,
http://pbs.twimg.com/profile_images/557386777032273920/6A08tUA6_bigger.jpeg,asssssslyn,https://twitter.com/asssssslyn,
http://pbs.twimg.com/profile_images/538308324513820674/TB64O-Qu_bigger.jpeg,l_w_i_n_t_e_r_l,https://twitter.com/l_w_i_n_t_e_r_l,
http://pbs.twimg.com/profile_images/534232819342798848/cJxYHdvs_bigger.jpeg,iCE_NOCREAM_,https://twitter.com/iCE_NOCREAM_,
http://pbs.twimg.com/profile_images/548921925582749699/07Kov8rg_bigger.jpeg,Uncle_Willy123,https://twitter.com/Uncle_Willy123,
http://pbs.twimg.com/profile_images/553357028761284609/saKpjdBV_bigger.jpeg,kissmyvanss,https://twitter.com/kissmyvanss,
http://pbs.twimg.com/profile_images/555106522142101504/FEyi-1Uk_bigger.jpeg,_amakilla,https://twitter.com/_amakilla,
http://pbs.twimg.com/profile_images/515913170394050560/MrQXH44t_bigger.jpeg,annaavachonn,https://twitter.com/annaavachonn,
http://pbs.twimg.com/profile_images/544344280748142593/Kh-MjmYY_bigger.jpeg,lesbiann4demz,https://twitter.com/lesbiann4demz,
http://pbs.twimg.com/profile_images/548616032307257344/s69GcNq6_bigger.jpeg,MyNiggaJade,https://twitter.com/MyNiggaJade,
http://pbs.twimg.com/profile_images/557227765960048640/GhWv7MNT_bigger.jpeg,Brendaa_C,https://twitter.com/Brendaa_C,
http://pbs.twimg.com/profile_images/544175126536015873/cXU_pAQk_bigger.jpeg,LaRrYloco123,https://twitter.com/LaRrYloco123,
http://pbs.twimg.com/profile_images/557407150616506368/5aGkJpCM_bigger.jpeg,LaceyHolzhauer,https://twitter.com/LaceyHolzhauer,
http://pbs.twimg.com/profile_images/556716211451338753/tIQUeg4L_bigger.jpeg,IcyMikee15,https://twitter.com/IcyMikee15,
http://pbs.twimg.com/profile_images/551042205348265985/PlSF_jqk_bigger.jpeg,XoQueenbeebee,https://twitter.com/XoQueenbeebee,
http://pbs.twimg.com/profile_images/553724437808558081/FOMNcraH_bigger.jpeg,alisonmcfall_,https://twitter.com/alisonmcfall_,
http://pbs.twimg.com/profile_images/512273650909581313/cgl5NYs1_bigger.jpeg,IfanIntje,https://twitter.com/IfanIntje,
http://pbs.twimg.com/profile_images/557393032295612417/sKRwAx50_bigger.jpeg,bigblackwood95,https://twitter.com/bigblackwood95,
http://pbs.twimg.com/profile_images/543681954915553280/5222-lUw_bigger.jpeg,idance__pink,https://twitter.com/idance__pink,
http://pbs.twimg.com/profile_images/557073796603977728/G9CzVh28_bigger.jpeg,fennie__,https://twitter.com/fennie__,
http://pbs.twimg.com/profile_images/506978674693144577/kqEB-9mF_bigger.jpeg,RobertS4141,https://twitter.com/RobertS4141,
http://pbs.twimg.com/profile_images/555539248938770432/3INOoQdf_bigger.jpeg,bbykayk,https://twitter.com/bbykayk,
http://pbs.twimg.com/profile_images/557060170757316608/y0QpuQmd_bigger.jpeg,AshleeDenise_,https://twitter.com/AshleeDenise_,
http://pbs.twimg.com/profile_images/554001743860609024/u5dj2n2Y_bigger.jpeg,__Max3,https://twitter.com/__Max3,
http://pbs.twimg.com/profile_images/553384820357615616/g-x6vFjT_bigger.jpeg,IkersGolden_,https://twitter.com/IkersGolden_,
http://pbs.twimg.com/profile_images/556569479719972865/GMn5rP7Y_bigger.jpeg,ravenkudas,https://twitter.com/ravenkudas,
http://pbs.twimg.com/profile_images/554370518460432384/4767WG3b_bigger.jpeg,FuckMyRivera,https://twitter.com/FuckMyRivera,
http://pbs.twimg.com/profile_images/2684722938/cb69fca528e145741c8be8c9eeffc536_bigger.jpeg,SpoonDolla44,https://twitter.com/SpoonDolla44,
http://pbs.twimg.com/profile_images/556663711302053889/aavQW_3w_bigger.jpeg,ShaycieC,https://twitter.com/ShaycieC,
http://pbs.twimg.com/profile_images/2939464829/8e81641e4af2599fb632892f2d311bb8_bigger.jpeg,chaffro,https://twitter.com/chaffro,
http://pbs.twimg.com/profile_images/544020278624665600/klxscYsR_bigger.jpeg,Kay_Luree,https://twitter.com/Kay_Luree,
http://pbs.twimg.com/profile_images/557104736122716160/wU2Qpo4__bigger.jpeg,PimpDaddyLauren,https://twitter.com/PimpDaddyLauren,
http://pbs.twimg.com/profile_images/552676802502475776/CiN-pjkI_bigger.jpeg,sophiacolavitti,https://twitter.com/sophiacolavitti,
http://pbs.twimg.com/profile_images/556712311059001344/rMgFWZbt_bigger.jpeg,Chernobyl7th,https://twitter.com/Chernobyl7th,
http://pbs.twimg.com/profile_images/554912938629558272/I3Juhfgu_bigger.jpeg,keke2196,https://twitter.com/keke2196,
http://pbs.twimg.com/profile_images/552709968063762432/umrPsceI_bigger.jpeg,iwantcandiee,https://twitter.com/iwantcandiee,
http://pbs.twimg.com/profile_images/525653695183073280/uXbpWFNX_bigger.jpeg,k1s1Monsuto,https://twitter.com/k1s1Monsuto,
http://pbs.twimg.com/profile_images/555996107130433536/tDtRl38w_bigger.jpeg,nguyenkyra,https://twitter.com/nguyenkyra,
http://pbs.twimg.com/profile_images/530965508116725760/X7iLTNc2_bigger.jpeg,decdonna711,https://twitter.com/decdonna711,
http://pbs.twimg.com/profile_images/556562038089342976/cweFHO8W_bigger.jpeg,groupienights,https://twitter.com/groupienights,
http://pbs.twimg.com/profile_images/554454927712714753/Ak7HwgH9_bigger.jpeg,natasha_tejedaa,https://twitter.com/natasha_tejedaa,
http://pbs.twimg.com/profile_images/556832658177531904/j0HRx_16_bigger.jpeg,trilogymccanns,https://twitter.com/trilogymccanns,
http://pbs.twimg.com/profile_images/529066641795997696/kcoNL47b_bigger.jpeg,I_am_otori,https://twitter.com/I_am_otori,
http://pbs.twimg.com/profile_images/549601893874282497/YTKBeB31_bigger.jpeg,AmericaBarron,https://twitter.com/AmericaBarron,
http://pbs.twimg.com/profile_images/545423997090156544/xkdXV5TC_bigger.jpeg,leiiiii_,https://twitter.com/leiiiii_,
http://pbs.twimg.com/profile_images/556705725351612416/gUZeXn9a_bigger.jpeg,Trey_johnson98,https://twitter.com/Trey_johnson98,
http://pbs.twimg.com/profile_images/547826087712276482/aa7JwvzP_bigger.jpeg,Gorgeous_Jonee,https://twitter.com/Gorgeous_Jonee,
http://pbs.twimg.com/profile_images/557371861042876416/f6q71UWG_bigger.jpeg,Shyboaz,https://twitter.com/Shyboaz,
http://pbs.twimg.com/profile_images/378800000449530542/a19d8b8e328a06330db50182d6a2cf8f_bigger.jpeg,KarinaDryabr,https://twitter.com/KarinaDryabr,
http://pbs.twimg.com/profile_images/493534643824521218/8tGG2cUW_bigger.jpeg,AbahooCom,https://twitter.com/AbahooCom,
http://pbs.twimg.com/profile_images/556587304509509632/iiPchbOQ_bigger.jpeg,chancellorj18,https://twitter.com/chancellorj18,
http://pbs.twimg.com/profile_images/557166776682049536/CUkV25u8_bigger.jpeg,AgusshHoran,https://twitter.com/AgusshHoran,
http://pbs.twimg.com/profile_images/557050713147469824/bLTQ5-MX_bigger.jpeg,theSilasVirus,https://twitter.com/theSilasVirus,
http://pbs.twimg.com/profile_images/543243028425486336/vh9vuw3v_bigger.jpeg,_Tbozz,https://twitter.com/_Tbozz,
http://pbs.twimg.com/profile_images/557416240680275969/6OxShBK7_bigger.jpeg,073099,https://twitter.com/073099,
http://pbs.twimg.com/profile_images/544997627884875776/5S1sJePr_bigger.jpeg,LovnMY_Sweets,https://twitter.com/LovnMY_Sweets,
http://pbs.twimg.com/profile_images/556895420291366912/WMEQGDJV_bigger.jpeg,twelveand,https://twitter.com/twelveand,
http://pbs.twimg.com/profile_images/551177028297572352/lvQYN52Q_bigger.jpeg,Fuk_ya_thoughts,https://twitter.com/Fuk_ya_thoughts,
http://pbs.twimg.com/profile_images/556859243064983552/NN_GgU0W_bigger.jpeg,_MorganMcCurdy,https://twitter.com/_MorganMcCurdy,
http://pbs.twimg.com/profile_images/552997738242379776/RkJbEwye_bigger.jpeg,_CashewForever_,https://twitter.com/_CashewForever_,
http://pbs.twimg.com/profile_images/551962040563032064/TZW1DVZT_bigger.jpeg,Tee_Raww25,https://twitter.com/Tee_Raww25,
http://pbs.twimg.com/profile_images/518209767819333632/LAFpnlWv_bigger.jpeg,GudeGuy,https://twitter.com/GudeGuy,
http://pbs.twimg.com/profile_images/378800000755377796/ff6b329e257f043aae3cec4b914c155b_bigger.jpeg,19rusInfo,https://twitter.com/19rusInfo,
http://pbs.twimg.com/profile_images/556769069194809344/ryxYfgxO_bigger.jpeg,xobeckky,https://twitter.com/xobeckky,
http://pbs.twimg.com/profile_images/555857600189718528/oFiNHyms_bigger.jpeg,bl11_,https://twitter.com/bl11_,
http://pbs.twimg.com/profile_images/454702941358661632/c2eVAXag_bigger.png,Travjacks87,https://twitter.com/Travjacks87,
http://pbs.twimg.com/profile_images/540683286172168192/p-metXkC_bigger.jpeg,KellyAlberti,https://twitter.com/KellyAlberti,
http://pbs.twimg.com/profile_images/555522474788794368/hVZniz29_bigger.jpeg,ItsDejaVuu,https://twitter.com/ItsDejaVuu,
http://pbs.twimg.com/profile_images/545434364117786624/S5AAuLKS_bigger.jpeg,Martyy_McFlii,https://twitter.com/Martyy_McFlii,
http://pbs.twimg.com/profile_images/554846782866599936/XLGsxeRx_bigger.jpeg,cashjonesxo,https://twitter.com/cashjonesxo,
http://pbs.twimg.com/profile_images/555970036482191360/N4a0VJ33_bigger.jpeg,Hannnah_Broooke,https://twitter.com/Hannnah_Broooke,
http://pbs.twimg.com/profile_images/554490644711092224/YJtI_VN-_bigger.jpeg,alatorre_brenda,https://twitter.com/alatorre_brenda,
http://pbs.twimg.com/profile_images/552009124121411584/Qq1e78Rt_bigger.jpeg,lala_lainaa,https://twitter.com/lala_lainaa,
http://pbs.twimg.com/profile_images/550925285122506752/p7IW2DcV_bigger.jpeg,Nicprice_24,https://twitter.com/Nicprice_24,
http://pbs.twimg.com/profile_images/554153613778354176/J4qWzB_6_bigger.jpeg,ileeaan,https://twitter.com/ileeaan,
http://pbs.twimg.com/profile_images/556006937158905857/GGGyObJI_bigger.jpeg,davo_youngcash,https://twitter.com/davo_youngcash,
http://pbs.twimg.com/profile_images/552366927415635968/MCUu3iys_bigger.jpeg,TheFitIvy,https://twitter.com/TheFitIvy,
http://pbs.twimg.com/profile_images/549723109163814916/wrNFfO2l_bigger.jpeg,TashaaLeeee,https://twitter.com/TashaaLeeee,
http://pbs.twimg.com/profile_images/555429411227303937/vXMEqXXc_bigger.jpeg,KamivonV,https://twitter.com/KamivonV,
http://pbs.twimg.com/profile_images/556983594280026112/-NdfeyI__bigger.jpeg,stiIespinosa,https://twitter.com/stiIespinosa,
http://pbs.twimg.com/profile_images/539915443793035265/DLqhHRop_bigger.png,lynnandjohnny,https://twitter.com/lynnandjohnny,
http://pbs.twimg.com/profile_images/557191551957213185/oB2FaC4m_bigger.jpeg,Izzayn99,https://twitter.com/Izzayn99,
http://pbs.twimg.com/profile_images/557391117646585856/KPnmZaAV_bigger.jpeg,__amiaaaa,https://twitter.com/__amiaaaa,
http://pbs.twimg.com/profile_images/557279155734061058/agLJ7kjj_bigger.jpeg,hannahbrunks,https://twitter.com/hannahbrunks,
http://pbs.twimg.com/profile_images/556199955787169796/C_Efvb3t_bigger.jpeg,MirandaGasca,https://twitter.com/MirandaGasca,
http://pbs.twimg.com/profile_images/556930488578097152/c8DohlWC_bigger.jpeg,VampPrincessYK,https://twitter.com/VampPrincessYK,
http://pbs.twimg.com/profile_images/553362071921115136/nRbfbbQ4_bigger.jpeg,ShaniaEushay,https://twitter.com/ShaniaEushay,
http://pbs.twimg.com/profile_images/557417822888792064/TF75dgac_bigger.jpeg,WhoIsMikeCox,https://twitter.com/WhoIsMikeCox,
http://pbs.twimg.com/profile_images/555130870365827073/SL4ilzyS_bigger.jpeg,SarahTerragna,https://twitter.com/SarahTerragna,
http://pbs.twimg.com/profile_images/556344404320210944/rLDd9WRJ_bigger.jpeg,JosneryRossjr,https://twitter.com/JosneryRossjr,
http://pbs.twimg.com/profile_images/557323158139965441/eFKLmhlI_bigger.jpeg,e__moneyyyyy,https://twitter.com/e__moneyyyyy,
http://pbs.twimg.com/profile_images/530139064520171520/dOHGiOvX_bigger.jpeg,campaign_mik,https://twitter.com/campaign_mik,
http://pbs.twimg.com/profile_images/556247372263460864/dPYV4Y7q_bigger.jpeg,the_putman,https://twitter.com/the_putman,
http://pbs.twimg.com/profile_images/557363528546668544/lvtqWjZh_bigger.jpeg,chandyvan,https://twitter.com/chandyvan,
http://pbs.twimg.com/profile_images/557377401395875840/-XAzle-A_bigger.jpeg,DanielaWithSwag,https://twitter.com/DanielaWithSwag,
http://pbs.twimg.com/profile_images/552282231553949697/fYd4LZM0_bigger.jpeg,yvezayntlaurent,https://twitter.com/yvezayntlaurent,
http://pbs.twimg.com/profile_images/556631028362534912/RswMMaP__bigger.jpeg,kader_deess,https://twitter.com/kader_deess,
http://pbs.twimg.com/profile_images/538563586558554112/rAn66IeI_bigger.jpeg,brookesdemi,https://twitter.com/brookesdemi,
http://pbs.twimg.com/profile_images/449403827578736641/fNClGrH6_bigger.jpeg,Esco_CNK,https://twitter.com/Esco_CNK,
http://pbs.twimg.com/profile_images/556690127767240704/xeo1WO74_bigger.jpeg,angelicaurquidy,https://twitter.com/angelicaurquidy,
http://pbs.twimg.com/profile_images/538587191333507072/o6rl0K4R_bigger.png,zirizofejepu,https://twitter.com/zirizofejepu,
http://pbs.twimg.com/profile_images/543874931633963010/TWiwsWo-_bigger.jpeg,CannibalCarloss,https://twitter.com/CannibalCarloss,
http://pbs.twimg.com/profile_images/538322142819921920/xi-MhpE7_bigger.png,ekw248,https://twitter.com/ekw248,
http://pbs.twimg.com/profile_images/556963341587861505/WEvEHGGu_bigger.jpeg,jazminetiffany,https://twitter.com/jazminetiffany,
http://pbs.twimg.com/profile_images/545333944057884673/bH3dHAwg_bigger.jpeg,TruuChristian_,https://twitter.com/TruuChristian_,
http://pbs.twimg.com/profile_images/552272064644939777/Bhmudui9_bigger.jpeg,Keijaa_T,https://twitter.com/Keijaa_T,
http://pbs.twimg.com/profile_images/545088258905223168/j3kcDcK9_bigger.jpeg,pearlzanDaggerz,https://twitter.com/pearlzanDaggerz,
http://pbs.twimg.com/profile_images/551361097656045569/KnBM18HD_bigger.jpeg,RinaEvpe,https://twitter.com/RinaEvpe,
http://pbs.twimg.com/profile_images/544025426201300992/2uu2ZZKT_bigger.jpeg,NatalieHarden_,https://twitter.com/NatalieHarden_,
http://pbs.twimg.com/profile_images/555198936961392640/_Qeu1QuL_bigger.jpeg,Monnicaashleyy,https://twitter.com/Monnicaashleyy,
http://pbs.twimg.com/profile_images/556958264496517120/d9PGZkpY_bigger.jpeg,ChristinnnLynnn,https://twitter.com/ChristinnnLynnn,
http://pbs.twimg.com/profile_images/500835780412342272/1hCMcv2z_bigger.jpeg,IlluminatorMike,https://twitter.com/IlluminatorMike,
http://pbs.twimg.com/profile_images/508480759423062016/j03nXXgq_bigger.jpeg,JoshJimenez20,https://twitter.com/JoshJimenez20,
http://pbs.twimg.com/profile_images/517565844935954433/wEfFpK09_bigger.jpeg,TheresaGuinta,https://twitter.com/TheresaGuinta,
http://pbs.twimg.com/profile_images/552042585171062784/4AKPV3Iy_bigger.jpeg,jemzamanda,https://twitter.com/jemzamanda,
http://pbs.twimg.com/profile_images/550200787197247488/I1epSzD0_bigger.jpeg,kaynaomilee,https://twitter.com/kaynaomilee,
http://pbs.twimg.com/profile_images/556190171813928962/_bRbb-lM_bigger.jpeg,Katitzz_,https://twitter.com/Katitzz_,
http://pbs.twimg.com/profile_images/556923909627707393/iCPPXPxi_bigger.jpeg,morganearleyy,https://twitter.com/morganearleyy,
http://pbs.twimg.com/profile_images/547267761874145280/iiLh2RMr_bigger.jpeg,xoMrs_MUNCHKiiN,https://twitter.com/xoMrs_MUNCHKiiN,
http://pbs.twimg.com/profile_images/557374959841185792/f2DfbRy1_bigger.jpeg,SGriego_,https://twitter.com/SGriego_,
http://pbs.twimg.com/profile_images/556940093148368896/6IBTviy0_bigger.jpeg,P3FES_,https://twitter.com/P3FES_,
http://pbs.twimg.com/profile_images/557365185942261761/LLsuC9St_bigger.jpeg,wachholtz9,https://twitter.com/wachholtz9,
http://pbs.twimg.com/profile_images/537957110852505600/8Qr0QZM1_bigger.jpeg,robuttar88,https://twitter.com/robuttar88,
http://pbs.twimg.com/profile_images/556943266877566978/FfNBVNr4_bigger.jpeg,teeenuuuh_,https://twitter.com/teeenuuuh_,
http://pbs.twimg.com/profile_images/557402204290973696/6OWUe8sP_bigger.jpeg,RolleMyJPP,https://twitter.com/RolleMyJPP,
http://pbs.twimg.com/profile_images/554921790188048384/GXg2TkOJ_bigger.jpeg,Ashley_beey,https://twitter.com/Ashley_beey,
http://pbs.twimg.com/profile_images/539311343409438721/Ay7fERDg_bigger.jpeg,skahill847,https://twitter.com/skahill847,
http://pbs.twimg.com/profile_images/538745902765453312/H6PLvqBA_bigger.jpeg,Podoski12,https://twitter.com/Podoski12,
http://pbs.twimg.com/profile_images/556618551931703296/I2n7vzfg_bigger.jpeg,hayinaa,https://twitter.com/hayinaa,
http://pbs.twimg.com/profile_images/550141756235583488/Or4bdv7t_bigger.jpeg,ohsoeryka,https://twitter.com/ohsoeryka,
http://pbs.twimg.com/profile_images/551944382191247360/VKrb1HFu_bigger.jpeg,mkonjuhi,https://twitter.com/mkonjuhi,
http://pbs.twimg.com/profile_images/556993475028451329/66QIHg_X_bigger.jpeg,alecpreme,https://twitter.com/alecpreme,
http://pbs.twimg.com/profile_images/556933713561284608/ByESMj8p_bigger.jpeg,mycoolnewshoes,https://twitter.com/mycoolnewshoes,
http://pbs.twimg.com/profile_images/557356981300649984/wXcUxH23_bigger.jpeg,raeksc,https://twitter.com/raeksc,
http://pbs.twimg.com/profile_images/556950981226033152/MGiBmYlI_bigger.jpeg,Missdomox3_,https://twitter.com/Missdomox3_,
http://pbs.twimg.com/profile_images/557262286096572417/-lRixrJq_bigger.jpeg,onOokoY,https://twitter.com/onOokoY,
http://pbs.twimg.com/profile_images/556886450013503488/Z6RE_6Ds_bigger.jpeg,TangieLuvsPack,https://twitter.com/TangieLuvsPack,
http://pbs.twimg.com/profile_images/548330694376976384/z-pZQRZW_bigger.jpeg,oldirtycameron,https://twitter.com/oldirtycameron,
http://pbs.twimg.com/profile_images/556769645785796608/8Iv2eKn9_bigger.jpeg,justinrobel,https://twitter.com/justinrobel,
http://pbs.twimg.com/profile_images/556349694943567872/etgy2aHe_bigger.jpeg,MatthewPavia,https://twitter.com/MatthewPavia,
http://pbs.twimg.com/profile_images/554764146525601792/YbU3Frsd_bigger.jpeg,alvarado477,https://twitter.com/alvarado477,
http://pbs.twimg.com/profile_images/556244012579835904/gLl9Etxn_bigger.jpeg,MelanieE_Moore,https://twitter.com/MelanieE_Moore,
http://pbs.twimg.com/profile_images/556275339123380224/KInLRXdu_bigger.jpeg,drosefereal,https://twitter.com/drosefereal,
http://pbs.twimg.com/profile_images/556311296430194688/Wd6L_uiA_bigger.jpeg,dopenusss,https://twitter.com/dopenusss,
http://pbs.twimg.com/profile_images/551960852090613760/UXxSWOM0_bigger.jpeg,aliciaodaliz,https://twitter.com/aliciaodaliz,
http://pbs.twimg.com/profile_images/556682196308594688/SBCJcZod_bigger.jpeg,carlielavonne,https://twitter.com/carlielavonne,
http://pbs.twimg.com/profile_images/556331549029715970/Sj3eldFL_bigger.jpeg,sidewalk_walkin,https://twitter.com/sidewalk_walkin,
http://pbs.twimg.com/profile_images/537666901342949377/tOXRQexx_bigger.jpeg,SauveKid,https://twitter.com/SauveKid,
http://pbs.twimg.com/profile_images/554523755985108992/LcjhtS6__bigger.jpeg,jadalexiss,https://twitter.com/jadalexiss,
http://pbs.twimg.com/profile_images/534182710903074816/ClAilNp8_bigger.jpeg,PYLESofcoKANE21,https://twitter.com/PYLESofcoKANE21,
http://pbs.twimg.com/profile_images/3596190072/9162fa2666e180e78685cb39025588e0_bigger.jpeg,MinyFcknSynda,https://twitter.com/MinyFcknSynda,
http://pbs.twimg.com/profile_images/555840797560803329/f8vxY8m9_bigger.jpeg,BryanTheBrain8,https://twitter.com/BryanTheBrain8,
http://pbs.twimg.com/profile_images/556161671681409024/XJ8giVyU_bigger.jpeg,velasco_nick,https://twitter.com/velasco_nick,
http://pbs.twimg.com/profile_images/553057902206783488/_QSncmMk_bigger.jpeg,priscillaaaaa32,https://twitter.com/priscillaaaaa32,
http://pbs.twimg.com/profile_images/557013721831047170/ypPBYE6o_bigger.jpeg,alyssapoulsen98,https://twitter.com/alyssapoulsen98,
http://pbs.twimg.com/profile_images/378800000625429821/b56727096e845082eead85531d0742d0_bigger.jpeg,shortsheet101,https://twitter.com/shortsheet101,
http://pbs.twimg.com/profile_images/509103743732707328/CFz1Wll4_bigger.jpeg,AlexNader14,https://twitter.com/AlexNader14,
http://pbs.twimg.com/profile_images/557411643886698496/0ua0pTqU_bigger.jpeg,lovekenzzz,https://twitter.com/lovekenzzz,
http://pbs.twimg.com/profile_images/534575081943752704/XtTpN3bS_bigger.jpeg,avaldes98,https://twitter.com/avaldes98,
http://pbs.twimg.com/profile_images/530748530747797504/kmPxsSLr_bigger.jpeg,gomez_agomez,https://twitter.com/gomez_agomez,
http://pbs.twimg.com/profile_images/420361385370202112/IvFco22M_bigger.jpeg,haran2022,https://twitter.com/haran2022,
http://pbs.twimg.com/profile_images/557043084022673409/7rsYoEv3_bigger.jpeg,Jazzleen__,https://twitter.com/Jazzleen__,
http://pbs.twimg.com/profile_images/543143900031221760/WvCkDpDW_bigger.jpeg,kc_d2,https://twitter.com/kc_d2,
http://pbs.twimg.com/profile_images/557311037507395584/Z5k4Ikgm_bigger.jpeg,ISYMFS32,https://twitter.com/ISYMFS32,
http://pbs.twimg.com/profile_images/526903862901239809/Nwubokw9_bigger.jpeg,FangirlSouthern,https://twitter.com/FangirlSouthern,
http://pbs.twimg.com/profile_images/556562229248925696/iMjLlW8O_bigger.jpeg,Oscaar_almighty,https://twitter.com/Oscaar_almighty,
http://pbs.twimg.com/profile_images/557413290062905344/ewZgQ4Hd_bigger.jpeg,luketisapenguin,https://twitter.com/luketisapenguin,
http://pbs.twimg.com/profile_images/493825544857735171/88o26vcC_bigger.jpeg,delenaismysmile,https://twitter.com/delenaismysmile,
http://pbs.twimg.com/profile_images/557411256135471106/1u_-22UM_bigger.jpeg,Brilluminati_,https://twitter.com/Brilluminati_,
http://pbs.twimg.com/profile_images/557094233295683584/qWqNTZxG_bigger.jpeg,Arvnxsrrto,https://twitter.com/Arvnxsrrto,
http://pbs.twimg.com/profile_images/556517484522504192/mVqkN9TV_bigger.jpeg,vaasu_,https://twitter.com/vaasu_,
http://pbs.twimg.com/profile_images/555580049387425793/1vVDGt_v_bigger.jpeg,Tater_Tottten,https://twitter.com/Tater_Tottten,
http://pbs.twimg.com/profile_images/478393085034909697/PpuwBv0-_bigger.jpeg,wattersjennifer,https://twitter.com/wattersjennifer,
http://pbs.twimg.com/profile_images/497424874369867776/RdoeltW0_bigger.jpeg,Lawren710,https://twitter.com/Lawren710,
http://pbs.twimg.com/profile_images/557018842279727104/B2gC-0rK_bigger.jpeg,punkleaf,https://twitter.com/punkleaf,
http://pbs.twimg.com/profile_images/526131865582055424/g-vQNc5f_bigger.jpeg,GeovannaMarotta,https://twitter.com/GeovannaMarotta,
http://pbs.twimg.com/profile_images/551255699905589248/RkbVwCIy_bigger.jpeg,_KeezieBabe,https://twitter.com/_KeezieBabe,
http://pbs.twimg.com/profile_images/547251372475678721/264GBKSZ_bigger.jpeg,emmaroserxco,https://twitter.com/emmaroserxco,
http://pbs.twimg.com/profile_images/547664984776261633/dVE8M380_bigger.jpeg,vanessaphann,https://twitter.com/vanessaphann,
http://pbs.twimg.com/profile_images/549753798227288065/TkdyT7h2_bigger.jpeg,Andrea_Allison1,https://twitter.com/Andrea_Allison1,
http://pbs.twimg.com/profile_images/554278246598975489/XuFke6uO_bigger.jpeg,syahidahonly,https://twitter.com/syahidahonly,
http://pbs.twimg.com/profile_images/550761391997472768/3wy8q3bg_bigger.jpeg,BrownSkin__23,https://twitter.com/BrownSkin__23,
http://pbs.twimg.com/profile_images/514266705187446784/wCK1WhEL_bigger.jpeg,perlangaa,https://twitter.com/perlangaa,
http://pbs.twimg.com/profile_images/556446319292600321/wJ6RV4VO_bigger.jpeg,Rizky_Hanafi,https://twitter.com/Rizky_Hanafi,
http://pbs.twimg.com/profile_images/549729931555385345/pRX8H_s__bigger.jpeg,kelseyinduhhood,https://twitter.com/kelseyinduhhood,
http://pbs.twimg.com/profile_images/514613931751784449/UBDGTT-L_bigger.jpeg,XeN0Ego,https://twitter.com/XeN0Ego,
http://pbs.twimg.com/profile_images/544014908346478592/QP6zpR4N_bigger.jpeg,somerdaye,https://twitter.com/somerdaye,
http://pbs.twimg.com/profile_images/556258169186312192/YTLMthBH_bigger.jpeg,DaMonMonn,https://twitter.com/DaMonMonn,
http://pbs.twimg.com/profile_images/556893798132092929/1PACCAZk_bigger.jpeg,_msjessyy,https://twitter.com/_msjessyy,
http://pbs.twimg.com/profile_images/489845119919484928/mPg7Ilnm_bigger.jpeg,heyyitsjacob,https://twitter.com/heyyitsjacob,
http://pbs.twimg.com/profile_images/544750443570941952/hGFoKBan_bigger.jpeg,ygzalpdemir,https://twitter.com/ygzalpdemir,
http://pbs.twimg.com/profile_images/524214565748604928/1FYkWn8k_bigger.jpeg,THEDOPEST33,https://twitter.com/THEDOPEST33,
http://pbs.twimg.com/profile_images/554951993869877249/MLytwAEO_bigger.jpeg,khemEXruj,https://twitter.com/khemEXruj,
http://pbs.twimg.com/profile_images/2468200609/rsiz7z0etzics1wiq3pw_bigger.png,SpyZetsu,https://twitter.com/SpyZetsu,
http://pbs.twimg.com/profile_images/556360722758660096/M8jhDGle_bigger.jpeg,KimCherisse,https://twitter.com/KimCherisse,
http://pbs.twimg.com/profile_images/552564132688318464/ZBQLbphD_bigger.png,wounderfulhaz,https://twitter.com/wounderfulhaz,
http://pbs.twimg.com/profile_images/552331953521704960/j0IKhSiK_bigger.jpeg,greding96,https://twitter.com/greding96,
http://pbs.twimg.com/profile_images/500299241668235264/hYj346UD_bigger.jpeg,Nat_tatat,https://twitter.com/Nat_tatat,
http://pbs.twimg.com/profile_images/528189718509662208/ChL2CY8w_bigger.jpeg,Elijah56juarez,https://twitter.com/Elijah56juarez,
http://pbs.twimg.com/profile_images/530601448313065472/uuq5Grx9_bigger.jpeg,Sion_Namupolo,https://twitter.com/Sion_Namupolo,
http://pbs.twimg.com/profile_images/554348835330588672/QHKYKSlX_bigger.jpeg,thuglifelauren,https://twitter.com/thuglifelauren,
http://pbs.twimg.com/profile_images/551511613849624576/gwarwPTK_bigger.jpeg,1DtotheSOS,https://twitter.com/1DtotheSOS,
http://pbs.twimg.com/profile_images/534263959625273344/xWvjc2En_bigger.png,NancyAjramCiub,https://twitter.com/NancyAjramCiub,
http://pbs.twimg.com/profile_images/510529153096224768/lEBm4sw__bigger.jpeg,GotTheVoodoo4U,https://twitter.com/GotTheVoodoo4U,
http://pbs.twimg.com/profile_images/554428470143361024/HPWo-RTh_bigger.jpeg,kkayy6,https://twitter.com/kkayy6,
http://pbs.twimg.com/profile_images/557393047982723072/mzwfJVDw_bigger.jpeg,Jojo_bayb33,https://twitter.com/Jojo_bayb33,
http://pbs.twimg.com/profile_images/557027124960591872/ol0y__yl_bigger.jpeg,Stephanygnzx,https://twitter.com/Stephanygnzx,
http://pbs.twimg.com/profile_images/556238676565712896/WK-acsCy_bigger.jpeg,EmmaJacobson98,https://twitter.com/EmmaJacobson98,
http://pbs.twimg.com/profile_images/553855956220518401/R1QOZhFD_bigger.jpeg,missghazy,https://twitter.com/missghazy,
http://pbs.twimg.com/profile_images/557305429395771392/JIhWKI_u_bigger.jpeg,deeyeahnuh,https://twitter.com/deeyeahnuh,
http://pbs.twimg.com/profile_images/555211368216158208/ZfNZNaUp_bigger.jpeg,_kendra_lamar,https://twitter.com/_kendra_lamar,
http://pbs.twimg.com/profile_images/556638686398271488/OwQ3XGQF_bigger.jpeg,mereebearr,https://twitter.com/mereebearr,
http://pbs.twimg.com/profile_images/553710534848020480/permMDa5_bigger.jpeg,velarde_aj,https://twitter.com/velarde_aj,
http://pbs.twimg.com/profile_images/540313100525002755/aoGaOnM7_bigger.jpeg,TallieTallie23,https://twitter.com/TallieTallie23,
http://pbs.twimg.com/profile_images/556812619521064964/g3StUHvZ_bigger.jpeg,yy_i_,https://twitter.com/yy_i_,
http://pbs.twimg.com/profile_images/556719565451718656/hoxlMyHd_bigger.jpeg,Mkayee__,https://twitter.com/Mkayee__,
http://pbs.twimg.com/profile_images/549671093942747136/roNzjpZu_bigger.jpeg,Ri_Direction,https://twitter.com/Ri_Direction,
http://pbs.twimg.com/profile_images/555566341655388160/g15x_rrx_bigger.jpeg,Pat__Shea,https://twitter.com/Pat__Shea,
http://pbs.twimg.com/profile_images/513881563751530500/KdUdEP7N_bigger.jpeg,_theoliveoil,https://twitter.com/_theoliveoil,
http://pbs.twimg.com/profile_images/541087981382037507/e1R1T8xk_bigger.jpeg,quinkemp,https://twitter.com/quinkemp,
http://pbs.twimg.com/profile_images/514956478721957888/G2-6Px3J_bigger.jpeg,itsssannnaa,https://twitter.com/itsssannnaa,
http://pbs.twimg.com/profile_images/556354436872679424/yf5ICGZL_bigger.jpeg,kikiskyee,https://twitter.com/kikiskyee,
http://pbs.twimg.com/profile_images/551349041871589376/O0eLrae3_bigger.jpeg,damirrrf,https://twitter.com/damirrrf,
http://pbs.twimg.com/profile_images/555996070464212992/_wbJq8Yk_bigger.jpeg,moanalondraaa,https://twitter.com/moanalondraaa,
http://pbs.twimg.com/profile_images/555872141149630465/rz0vP2XP_bigger.jpeg,alexandria_23_,https://twitter.com/alexandria_23_,
http://pbs.twimg.com/profile_images/554714332269793282/pRLfjm_v_bigger.jpeg,Moan_TE,https://twitter.com/Moan_TE,
http://pbs.twimg.com/profile_images/538525517264068608/jTYQ-ZoF_bigger.jpeg,ChristianAJep,https://twitter.com/ChristianAJep,
http://pbs.twimg.com/profile_images/551993979428798464/EvBlnY_r_bigger.jpeg,escalante_faby,https://twitter.com/escalante_faby,
http://pbs.twimg.com/profile_images/555392268375322626/5oMlfrwF_bigger.jpeg,ilaydaydiiin,https://twitter.com/ilaydaydiiin,
http://pbs.twimg.com/profile_images/450878196531986432/z1Y4ff7m_bigger.jpeg,Tykah_ERTI,https://twitter.com/Tykah_ERTI,
http://pbs.twimg.com/profile_images/554480031674937345/J3666iD1_bigger.jpeg,MRVJO,https://twitter.com/MRVJO,
http://pbs.twimg.com/profile_images/556776399524990977/ojwSOsDq_bigger.jpeg,leesandeuls,https://twitter.com/leesandeuls,
http://pbs.twimg.com/profile_images/556710348758065153/kfxSfUBN_bigger.jpeg,DividentVamp,https://twitter.com/DividentVamp,
http://pbs.twimg.com/profile_images/557402721998110720/TNyKukET_bigger.jpeg,tamiasharnae,https://twitter.com/tamiasharnae,
http://pbs.twimg.com/profile_images/547990008028622849/BDJg15Fs_bigger.jpeg,marinaroseee,https://twitter.com/marinaroseee,
http://pbs.twimg.com/profile_images/557224343030493184/B6yWlVg-_bigger.jpeg,LADYLUCIE4REAL,https://twitter.com/LADYLUCIE4REAL,
http://pbs.twimg.com/profile_images/555949990749540352/78X5QVpn_bigger.jpeg,Boyer19Carissa,https://twitter.com/Boyer19Carissa,
http://pbs.twimg.com/profile_images/556144804455649280/HIO9n2Qo_bigger.jpeg,_cervantes10,https://twitter.com/_cervantes10,
http://pbs.twimg.com/profile_images/555224496777334785/NngmDQji_bigger.jpeg,francisnunez___,https://twitter.com/francisnunez___,
http://pbs.twimg.com/profile_images/546850982198792193/afW0tC-i_bigger.jpeg,__aleeeeeee,https://twitter.com/__aleeeeeee,
http://pbs.twimg.com/profile_images/554869813017710592/yPFVyER__bigger.png,ghostful,https://twitter.com/ghostful,
http://pbs.twimg.com/profile_images/557274599075745792/PNkYHwDT_bigger.jpeg,7oneZ,https://twitter.com/7oneZ,
http://pbs.twimg.com/profile_images/536611552884166656/7YH3xWkH_bigger.jpeg,koala_bear_girl,https://twitter.com/koala_bear_girl,
http://pbs.twimg.com/profile_images/556255598988496898/vTnN3gSx_bigger.jpeg,yourebasicc_,https://twitter.com/yourebasicc_,
http://pbs.twimg.com/profile_images/378800000541018176/1e00500be1c8d57adefff2cdb0234e6e_bigger.jpeg,PrincessGiniqua,https://twitter.com/PrincessGiniqua,
http://pbs.twimg.com/profile_images/555594970107625472/7P8VYNau_bigger.jpeg,Castroo97,https://twitter.com/Castroo97,
http://pbs.twimg.com/profile_images/554032680820416513/qWtQOIaY_bigger.jpeg,SuccubusAlice,https://twitter.com/SuccubusAlice,
http://pbs.twimg.com/profile_images/555983022827503616/nYF3zVe4_bigger.jpeg,InsaneMigo,https://twitter.com/InsaneMigo,
http://pbs.twimg.com/profile_images/552391274162946048/PGdAAPkZ_bigger.jpeg,__breaanaa_,https://twitter.com/__breaanaa_,
http://pbs.twimg.com/profile_images/512781048510308354/tAq6ykT9_bigger.jpeg,iAmStutters,https://twitter.com/iAmStutters,
http://pbs.twimg.com/profile_images/553393980075831299/gxwJspx__bigger.jpeg,nalyciamari,https://twitter.com/nalyciamari,
http://pbs.twimg.com/profile_images/542140659511984128/UkpRSzPX_bigger.jpeg,RyujiXxxx0211,https://twitter.com/RyujiXxxx0211,
http://pbs.twimg.com/profile_images/556838982487519233/q_Uc9xXu_bigger.jpeg,lakai_4life,https://twitter.com/lakai_4life,
http://pbs.twimg.com/profile_images/555905638652719104/obEmwfMb_bigger.jpeg,keybundles_,https://twitter.com/keybundles_,
http://pbs.twimg.com/profile_images/378800000164304057/ea7632b28ecce34454a1e7e840c717ea_bigger.jpeg,atrocityvector,https://twitter.com/atrocityvector,
http://pbs.twimg.com/profile_images/557207491743055872/KrAsaj3d_bigger.jpeg,UluturkZ,https://twitter.com/UluturkZ,
http://pbs.twimg.com/profile_images/556366627089186816/EpigrDZ-_bigger.jpeg,lyric_infused,https://twitter.com/lyric_infused,
http://pbs.twimg.com/profile_images/557285328667435008/tcfOmg5f_bigger.jpeg,Ya_BigMama,https://twitter.com/Ya_BigMama,
http://pbs.twimg.com/profile_images/557341457808244736/mkY04s7w_bigger.jpeg,xotif,https://twitter.com/xotif,
http://pbs.twimg.com/profile_images/536643066812059648/9AkIfWVw_bigger.jpeg,CodyHouse53,https://twitter.com/CodyHouse53,
http://pbs.twimg.com/profile_images/557056909648613377/kuryvm9J_bigger.jpeg,valentinasmg_,https://twitter.com/valentinasmg_,
http://pbs.twimg.com/profile_images/554513092420575232/0Ttjr4o3_bigger.jpeg,breachanel,https://twitter.com/breachanel,
http://pbs.twimg.com/profile_images/534943369542115328/zbEUE2ys_bigger.jpeg,anavalladares11,https://twitter.com/anavalladares11,
http://pbs.twimg.com/profile_images/557374642416283649/qUQkdAuF_bigger.jpeg,YaysonYayLo,https://twitter.com/YaysonYayLo,
http://pbs.twimg.com/profile_images/540542731798331392/VtBFoSDP_bigger.jpeg,Jeraldawj,https://twitter.com/Jeraldawj,
http://pbs.twimg.com/profile_images/553751159475691520/XCuhlfad_bigger.jpeg,_YessThatsTee,https://twitter.com/_YessThatsTee,
http://pbs.twimg.com/profile_images/554128627844276224/PlY2M3uv_bigger.jpeg,desire_cabral,https://twitter.com/desire_cabral,
http://pbs.twimg.com/profile_images/545901252857835520/H7z8XRCX_bigger.jpeg,RhyanMckenzi_,https://twitter.com/RhyanMckenzi_,
http://pbs.twimg.com/profile_images/543571873725177856/NLvt1tQy_bigger.jpeg,elenarosko,https://twitter.com/elenarosko,
http://pbs.twimg.com/profile_images/539177644164927488/43Obaqq5_bigger.jpeg,Skyjag68,https://twitter.com/Skyjag68,
http://pbs.twimg.com/profile_images/542566542475395076/JMPOtUDC_bigger.jpeg,TierzaMolitor,https://twitter.com/TierzaMolitor,
http://pbs.twimg.com/profile_images/553204640695599105/DbNS0T0m_bigger.jpeg,FiyaAssJ,https://twitter.com/FiyaAssJ,
http://pbs.twimg.com/profile_images/516703223130775552/zA-MvAlq_bigger.jpeg,buraku221,https://twitter.com/buraku221,
http://pbs.twimg.com/profile_images/550563324941709313/OiMpQZTn_bigger.jpeg,_melisssap,https://twitter.com/_melisssap,
http://pbs.twimg.com/profile_images/555906058166628353/Zfh7hg3f_bigger.jpeg,yihaaaww,https://twitter.com/yihaaaww,
http://pbs.twimg.com/profile_images/550925324720934912/oerBQZ0M_bigger.jpeg,MaydenHerrill,https://twitter.com/MaydenHerrill,
http://pbs.twimg.com/profile_images/542186094629253120/rhDkMJLL_bigger.jpeg,cdguez13,https://twitter.com/cdguez13,
http://pbs.twimg.com/profile_images/524431415346479104/qsmLQbIK_bigger.jpeg,sarahokeefe21,https://twitter.com/sarahokeefe21,
http://pbs.twimg.com/profile_images/553210261377933312/pFZLJQJH_bigger.jpeg,barbieee_kate,https://twitter.com/barbieee_kate,
http://pbs.twimg.com/profile_images/554008704061038593/_aqzPu5m_bigger.jpeg,samuelriveraf,https://twitter.com/samuelriveraf,
http://pbs.twimg.com/profile_images/542070101839974400/UKNFdGod_bigger.jpeg,KatlynLovins,https://twitter.com/KatlynLovins,
http://pbs.twimg.com/profile_images/479458674218639360/VT98lsoM_bigger.jpeg,LoganGHughes,https://twitter.com/LoganGHughes,
http://pbs.twimg.com/profile_images/523976808258363392/KSnN_YAv_bigger.jpeg,_JackieSerrato_,https://twitter.com/_JackieSerrato_,
http://pbs.twimg.com/profile_images/481251943331790848/w4qCFe-Y_bigger.jpeg,JuanMiguel_MDL,https://twitter.com/JuanMiguel_MDL,
http://pbs.twimg.com/profile_images/555188767011926016/AIzuJ_HY_bigger.jpeg,Eloisaroseee,https://twitter.com/Eloisaroseee,
http://pbs.twimg.com/profile_images/556447743770914816/5WfNaxsX_bigger.jpeg,fionatal_,https://twitter.com/fionatal_,
http://pbs.twimg.com/profile_images/550822195258077185/KNXgJ8Mr_bigger.jpeg,cassie0010,https://twitter.com/cassie0010,
http://pbs.twimg.com/profile_images/545081698174918656/kkk2lp6B_bigger.jpeg,QuillerNight,https://twitter.com/QuillerNight,
http://pbs.twimg.com/profile_images/551220324658720768/oycykltN_bigger.jpeg,TashaTwoStep,https://twitter.com/TashaTwoStep,
http://pbs.twimg.com/profile_images/555567105261596672/IXIcDzgr_bigger.jpeg,poppinmally_,https://twitter.com/poppinmally_,
http://pbs.twimg.com/profile_images/553734051257778176/8NDEot9H_bigger.jpeg,FilipinaDolface,https://twitter.com/FilipinaDolface,
http://pbs.twimg.com/profile_images/547638829914791936/xk7dAK58_bigger.jpeg,ohhbirdie,https://twitter.com/ohhbirdie,
http://pbs.twimg.com/profile_images/556484476860366848/YO04yGN5_bigger.jpeg,barronanalo,https://twitter.com/barronanalo,
http://pbs.twimg.com/profile_images/553705434184302592/OWd9_46b_bigger.jpeg,aaguiar13,https://twitter.com/aaguiar13,
http://pbs.twimg.com/profile_images/554054164473344000/aVrrwoz7_bigger.jpeg,patrick_galvez1,https://twitter.com/patrick_galvez1,
http://pbs.twimg.com/profile_images/2415213778/zqudef04g6i03mzoqpgb_bigger.jpeg,AloisTKuro_AR,https://twitter.com/AloisTKuro_AR,
http://pbs.twimg.com/profile_images/484957348083949568/eBJxIXmm_bigger.jpeg,CorkyRay17,https://twitter.com/CorkyRay17,
http://pbs.twimg.com/profile_images/556607206963945472/Et0dwLxP_bigger.jpeg,loveangel9902,https://twitter.com/loveangel9902,
http://pbs.twimg.com/profile_images/488582495323975682/NYJR5-Cx_bigger.jpeg,KPUP1,https://twitter.com/KPUP1,
http://pbs.twimg.com/profile_images/378800000790735308/806f88a03bc3b91cd9fb0e394c52b272_bigger.jpeg,_jocelyne03_,https://twitter.com/_jocelyne03_,
http://pbs.twimg.com/profile_images/547208196663042049/fZszhaf4_bigger.jpeg,rinmatsuokas,https://twitter.com/rinmatsuokas,
http://pbs.twimg.com/profile_images/502363099936997376/XHeOlRCe_bigger.jpeg,k_cm_lv,https://twitter.com/k_cm_lv,
http://pbs.twimg.com/profile_images/520381769577541632/RWX8XxOs_bigger.jpeg,JasmineGail14,https://twitter.com/JasmineGail14,
http://pbs.twimg.com/profile_images/551965171472531456/8sh_2bCC_bigger.jpeg,duruventersu,https://twitter.com/duruventersu,
http://pbs.twimg.com/profile_images/539637065605218304/Lyxzqvuu_bigger.jpeg,colbyminecraft,https://twitter.com/colbyminecraft,
http://pbs.twimg.com/profile_images/555307625303138304/t_fs66ya_bigger.jpeg,kingsh4de,https://twitter.com/kingsh4de,
http://pbs.twimg.com/profile_images/557160898087759872/sqg25a8Y_bigger.jpeg,Maranaemonesia,https://twitter.com/Maranaemonesia,
http://pbs.twimg.com/profile_images/553827033914941440/Na1cwxBu_bigger.jpeg,Mcdonnell_10,https://twitter.com/Mcdonnell_10,
http://pbs.twimg.com/profile_images/557017217989353472/1TL3hupH_bigger.jpeg,BeachBrandy_RB,https://twitter.com/BeachBrandy_RB,
http://pbs.twimg.com/profile_images/547839906077110272/_r1j493p_bigger.jpeg,FranPuzon,https://twitter.com/FranPuzon,
http://pbs.twimg.com/profile_images/549591927046168576/tCzYBs1b_bigger.jpeg,adamnadzri,https://twitter.com/adamnadzri,
http://pbs.twimg.com/profile_images/554569397436952576/K0wULSlE_bigger.jpeg,vanitywells23,https://twitter.com/vanitywells23,
http://pbs.twimg.com/profile_images/554510590392410112/0-OQ-yhK_bigger.jpeg,Alleggra22,https://twitter.com/Alleggra22,
http://pbs.twimg.com/profile_images/556884124066013184/7sLduw_L_bigger.jpeg,MaiseyAngel,https://twitter.com/MaiseyAngel,
http://pbs.twimg.com/profile_images/540569866424430592/-ZPHGhsO_bigger.jpeg,CapitanCBun,https://twitter.com/CapitanCBun,
http://pbs.twimg.com/profile_images/556192110152798211/End7FrMV_bigger.jpeg,_cep18,https://twitter.com/_cep18,
http://pbs.twimg.com/profile_images/548184498081640448/Ec4CBSUj_bigger.jpeg,imzoe_fuckit,https://twitter.com/imzoe_fuckit,
http://pbs.twimg.com/profile_images/549118100063277056/sqn65vyJ_bigger.jpeg,linasivann,https://twitter.com/linasivann,
http://pbs.twimg.com/profile_images/556620345608658944/wiwQSJ1I_bigger.jpeg,Shellymanzon,https://twitter.com/Shellymanzon,
http://pbs.twimg.com/profile_images/556243629971636224/MGAT4V6b_bigger.jpeg,wolvesarelife,https://twitter.com/wolvesarelife,
http://pbs.twimg.com/profile_images/544983365586542592/WNce-Ts2_bigger.jpeg,t_ryen,https://twitter.com/t_ryen,
http://pbs.twimg.com/profile_images/552482231818911744/NMjfOymB_bigger.jpeg,SEXiiLAVENDER22,https://twitter.com/SEXiiLAVENDER22,
http://pbs.twimg.com/profile_images/551634489298780160/RNc5IeUD_bigger.jpeg,Dymeuhduzin,https://twitter.com/Dymeuhduzin,
http://pbs.twimg.com/profile_images/557009655034302464/WmbJRmbR_bigger.jpeg,i_HeartSkittles,https://twitter.com/i_HeartSkittles,
http://pbs.twimg.com/profile_images/463188770913660928/jIDXK-DR_bigger.jpeg,PavlenkoPavel,https://twitter.com/PavlenkoPavel,
http://pbs.twimg.com/profile_images/556738953219694592/xgBjDsYG_bigger.jpeg,MEiSUMMERLOVE,https://twitter.com/MEiSUMMERLOVE,
http://pbs.twimg.com/profile_images/545827643153977344/Zik8zvpO_bigger.jpeg,sarapea20,https://twitter.com/sarapea20,
http://pbs.twimg.com/profile_images/541467997207293952/lLDxSo7E_bigger.jpeg,JudgmentalBit,https://twitter.com/JudgmentalBit,
http://pbs.twimg.com/profile_images/548378032285954049/-RMTE5Xm_bigger.jpeg,anthonyjnilles,https://twitter.com/anthonyjnilles,
http://pbs.twimg.com/profile_images/555488177087991810/MaQr3cpE_bigger.jpeg,QueenNicky2,https://twitter.com/QueenNicky2,
http://pbs.twimg.com/profile_images/556968350836740096/Bbi6xRv0_bigger.jpeg,sedillo_97,https://twitter.com/sedillo_97,
http://pbs.twimg.com/profile_images/545068689637134336/4oYkPqip_bigger.jpeg,daaaniel27,https://twitter.com/daaaniel27,
http://pbs.twimg.com/profile_images/553097382359871488/jfsrOJX0_bigger.jpeg,katsurbusa,https://twitter.com/katsurbusa,
http://pbs.twimg.com/profile_images/556613329066549249/LmtShmCM_bigger.jpeg,susafrican420,https://twitter.com/susafrican420,
http://pbs.twimg.com/profile_images/556285465007910912/cObo83yS_bigger.jpeg,_ashley_turner,https://twitter.com/_ashley_turner,
http://pbs.twimg.com/profile_images/551965268764020736/7RB8hndf_bigger.jpeg,1_almada_3,https://twitter.com/1_almada_3,
http://pbs.twimg.com/profile_images/3499168094/342bef79d514bac2e0adf29bc5a08155_bigger.jpeg,GRSPCA,https://twitter.com/GRSPCA,
http://pbs.twimg.com/profile_images/557357673142689792/myFRmL2e_bigger.jpeg,Bellamaucieri,https://twitter.com/Bellamaucieri,
http://pbs.twimg.com/profile_images/503554957065195520/4FGGML_P_bigger.jpeg,rhianna82xx,https://twitter.com/rhianna82xx,
http://pbs.twimg.com/profile_images/549662515047964672/arn7CObg_bigger.jpeg,BreRenee6,https://twitter.com/BreRenee6,
http://pbs.twimg.com/profile_images/548048562399870976/EqZ4ay0b_bigger.jpeg,jess__cuh,https://twitter.com/jess__cuh,
http://pbs.twimg.com/profile_images/522485450271760384/5GxhRKJT_bigger.jpeg,bentensungai,https://twitter.com/bentensungai,
http://pbs.twimg.com/profile_images/539503694996185089/KCfZof70_bigger.jpeg,ronaldoca,https://twitter.com/ronaldoca,
http://pbs.twimg.com/profile_images/512435008783388672/kX63ngBY_bigger.jpeg,mollballz18,https://twitter.com/mollballz18,
http://pbs.twimg.com/profile_images/551590851004997632/H481HQwh_bigger.jpeg,flowsyt,https://twitter.com/flowsyt,
http://pbs.twimg.com/profile_images/3737374150/c23ca70cb05db41a1044ab73cf3acfef_bigger.jpeg,Heaven887,https://twitter.com/Heaven887,
http://pbs.twimg.com/profile_images/555244894475001857/99yfUTGe_bigger.jpeg,BrooklynNewbill,https://twitter.com/BrooklynNewbill,
http://pbs.twimg.com/profile_images/2461053324/image_bigger.jpg,Robert_M_01,https://twitter.com/Robert_M_01,
http://pbs.twimg.com/profile_images/550858461857476609/_xt-JA9o_bigger.jpeg,gliitchwitch,https://twitter.com/gliitchwitch,
http://pbs.twimg.com/profile_images/548263757043208192/kLT8CY43_bigger.jpeg,Gracia0928,https://twitter.com/Gracia0928,
http://pbs.twimg.com/profile_images/542560688808665089/BFpeUfzH_bigger.jpeg,forevaaaachey,https://twitter.com/forevaaaachey,
http://pbs.twimg.com/profile_images/553856592026689536/8pmSRZYr_bigger.jpeg,ChrisHardySLA,https://twitter.com/ChrisHardySLA,
http://pbs.twimg.com/profile_images/538503568257327104/GfodhNBd_bigger.jpeg,CJEvans1999,https://twitter.com/CJEvans1999,
http://pbs.twimg.com/profile_images/1316183893/yo_bigger.jpg,carlos2105,https://twitter.com/carlos2105,
http://pbs.twimg.com/profile_images/538117789441998848/n3UwDlv2_bigger.jpeg,scelrod13,https://twitter.com/scelrod13,
http://pbs.twimg.com/profile_images/447809231224180736/W34ATvFS_bigger.png,HarrisburgPromo,https://twitter.com/HarrisburgPromo,
http://pbs.twimg.com/profile_images/2216379621/Photo_on_2011-05-21_at_17.03_bigger.jpg,Redguy20,https://twitter.com/Redguy20,
http://pbs.twimg.com/profile_images/436193178568257538/AJf3yTUw_bigger.jpeg,MarisVilums,https://twitter.com/MarisVilums,
http://pbs.twimg.com/profile_images/446418939623768064/-zQLVsJ0_bigger.jpeg,alexmrusso8,https://twitter.com/alexmrusso8,
http://pbs.twimg.com/profile_images/557072767921573888/sXGl45gc_bigger.jpeg,BuckWildRich,https://twitter.com/BuckWildRich,
http://pbs.twimg.com/profile_images/531893377542156288/acDIPfCV_bigger.jpeg,simmons1justina,https://twitter.com/simmons1justina,
http://pbs.twimg.com/profile_images/550597928767598592/CIHX7tIz_bigger.jpeg,ParisSexyAss,https://twitter.com/ParisSexyAss,
http://pbs.twimg.com/profile_images/507918607334903808/QRA3fum__bigger.jpeg,JETSONSTOWN,https://twitter.com/JETSONSTOWN,
http://pbs.twimg.com/profile_images/556931377300774912/0LF3V6yP_bigger.jpeg,jassoashley1,https://twitter.com/jassoashley1,
http://pbs.twimg.com/profile_images/545413377816686593/Zjj4rGvP_bigger.jpeg,JiminNoe,https://twitter.com/JiminNoe,
http://pbs.twimg.com/profile_images/544875275633569793/6mWFUK0a_bigger.jpeg,imclaypeterson,https://twitter.com/imclaypeterson,
http://pbs.twimg.com/profile_images/378800000233105316/233b69bc846e6b0b95d22cf95033e8c4_bigger.jpeg,csmadhucs,https://twitter.com/csmadhucs,
http://pbs.twimg.com/profile_images/550746315903496195/v2lgc9k2_bigger.jpeg,lundevallelin,https://twitter.com/lundevallelin,
http://pbs.twimg.com/profile_images/532798497993392128/UN2GO1ZP_bigger.png,666heck,https://twitter.com/666heck,
http://pbs.twimg.com/profile_images/550669194069426177/ppy2nwcj_bigger.jpeg,Dash_Cheetah,https://twitter.com/Dash_Cheetah,
http://pbs.twimg.com/profile_images/548895138794053632/vogxqqAz_bigger.jpeg,Dmorar93,https://twitter.com/Dmorar93,
http://pbs.twimg.com/profile_images/556935376808706049/P7B8WtoU_bigger.jpeg,doievenknowyou5,https://twitter.com/doievenknowyou5,
http://pbs.twimg.com/profile_images/543962112649744384/o-mnZ6Q1_bigger.jpeg,alisonstauf,https://twitter.com/alisonstauf,
http://pbs.twimg.com/profile_images/478319428719759360/B0-CxL81_bigger.jpeg,JakeyOnassis,https://twitter.com/JakeyOnassis,
http://pbs.twimg.com/profile_images/551022161603735553/aHjnUmcC_bigger.jpeg,SamPham20,https://twitter.com/SamPham20,
http://pbs.twimg.com/profile_images/552491944069189632/kyQCuAvX_bigger.jpeg,jjpinetree,https://twitter.com/jjpinetree,
http://pbs.twimg.com/profile_images/3329176746/5d492bce07ed738a4facd38d882f6860_bigger.jpeg,DontBlameAmby,https://twitter.com/DontBlameAmby,
http://pbs.twimg.com/profile_images/549706288129921026/nINUNTry_bigger.jpeg,ThaSouthernGent,https://twitter.com/ThaSouthernGent,
http://pbs.twimg.com/profile_images/555935318222725122/HKajArUu_bigger.jpeg,scsc203,https://twitter.com/scsc203,
http://pbs.twimg.com/profile_images/547970296716992512/sfdLw2jC_bigger.jpeg,daniellecollent,https://twitter.com/daniellecollent,
http://pbs.twimg.com/profile_images/546094753134018560/qWrZ4FfS_bigger.jpeg,rowseeel,https://twitter.com/rowseeel,
http://pbs.twimg.com/profile_images/555268026166018048/ytgGvUsa_bigger.jpeg,lesliedeniz12,https://twitter.com/lesliedeniz12,
http://abs.twimg.com/sticky/default_profile_images/default_profile_1_bigger.png,praveen_iitg,https://twitter.com/praveen_iitg,
http://pbs.twimg.com/profile_images/549268106183319553/zgmdonfT_bigger.jpeg,hydrobaby92,https://twitter.com/hydrobaby92,
http://abs.twimg.com/sticky/default_profile_images/default_profile_3_bigger.png,lukeli1998,https://twitter.com/lukeli1998,
http://pbs.twimg.com/profile_images/470661843413790721/VWoxdUqw_bigger.jpeg,killa1622,https://twitter.com/killa1622,
http://pbs.twimg.com/profile_images/556288887803240448/b-2n3K4t_bigger.jpeg,AshleyN_P,https://twitter.com/AshleyN_P,
http://pbs.twimg.com/profile_images/522193652274049024/-bdJtrPg_bigger.jpeg,lexiejean2020,https://twitter.com/lexiejean2020,
http://pbs.twimg.com/profile_images/549275978514841600/dz2XV8Ee_bigger.jpeg,Skyl3r_mark,https://twitter.com/Skyl3r_mark,
http://abs.twimg.com/sticky/default_profile_images/default_profile_5_bigger.png,chihau_2001,https://twitter.com/chihau_2001,
http://pbs.twimg.com/profile_images/555871284161040384/66iJ5_V-_bigger.jpeg,okayerica,https://twitter.com/okayerica,
http://pbs.twimg.com/profile_images/557399045035929601/oQT79DUH_bigger.jpeg,aofitzsimmons,https://twitter.com/aofitzsimmons,
http://pbs.twimg.com/profile_images/551666554740301824/rWaH06Md_bigger.png,Noor_aVi86drc,https://twitter.com/Noor_aVi86drc,
http://pbs.twimg.com/profile_images/538579045437300737/huKw_3Lc_bigger.png,richardujaxuda1,https://twitter.com/richardujaxuda1,
http://pbs.twimg.com/profile_images/551665167310659586/AGL-Dcgc_bigger.png,Jelita_aCq29ewg,https://twitter.com/Jelita_aCq29ewg,
